ISO-10303-21;
HEADER;
/* Generated by software containing ST-Developer
 * from STEP Tools, Inc. (www.steptools.com) 
 */

FILE_DESCRIPTION(
/* description */ (''),
/* implementation_level */ '2;1');

FILE_NAME(
/* name */ 'sol.01.step',
/* time_stamp */ '2026-08-19T05:57:17+01:00',
/* author */ (''),
/* organization */ (''),
/* preprocessor_version */ 'ST-DEVELOPER v20.1',
/* originating_system */ 'Autodesk Translation Framework v15.8.0.0',
/* authorisation */ '');

FILE_SCHEMA (('AUTOMOTIVE_DESIGN { 1 0 10303 214 3 1 1 }'));
ENDSEC;

DATA;
#10=MECHANICAL_DESIGN_GEOMETRIC_PRESENTATION_REPRESENTATION('',(#13,#14,
#15,#16,#17,#18,#19),#10583);
#11=SHAPE_REPRESENTATION_RELATIONSHIP('SRR','None',#10590,#12);
#12=ADVANCED_BREP_SHAPE_REPRESENTATION('',(#20,#21,#22,#23,#24,#25,#26),
#10582);
#13=STYLED_ITEM('',(#10599),#20);
#14=STYLED_ITEM('',(#10599),#21);
#15=STYLED_ITEM('',(#10599),#22);
#16=STYLED_ITEM('',(#10599),#23);
#17=STYLED_ITEM('',(#10599),#24);
#18=STYLED_ITEM('',(#10599),#25);
#19=STYLED_ITEM('',(#10599),#26);
#20=MANIFOLD_SOLID_BREP('Body1',#5984);
#21=MANIFOLD_SOLID_BREP('Body20',#5985);
#22=MANIFOLD_SOLID_BREP('Body21',#5986);
#23=MANIFOLD_SOLID_BREP('Body22',#5987);
#24=MANIFOLD_SOLID_BREP('Body23',#5988);
#25=MANIFOLD_SOLID_BREP('Body24',#5989);
#26=MANIFOLD_SOLID_BREP('Body25',#5990);
#27=(
BOUNDED_CURVE()
B_SPLINE_CURVE(3,(#7829,#7830,#7831,#7832),.UNSPECIFIED.,.F.,.F.)
B_SPLINE_CURVE_WITH_KNOTS((4,4),(0.,1.),.UNSPECIFIED.)
CURVE()
GEOMETRIC_REPRESENTATION_ITEM()
RATIONAL_B_SPLINE_CURVE((1.,1.,1.,1.))
REPRESENTATION_ITEM('')
);
#28=(
BOUNDED_CURVE()
B_SPLINE_CURVE(3,(#8320,#8321,#8322,#8323),.UNSPECIFIED.,.F.,.F.)
B_SPLINE_CURVE_WITH_KNOTS((4,4),(0.619846980258172,1.),.UNSPECIFIED.)
CURVE()
GEOMETRIC_REPRESENTATION_ITEM()
RATIONAL_B_SPLINE_CURVE((1.,1.,1.,1.))
REPRESENTATION_ITEM('')
);
#29=(
BOUNDED_CURVE()
B_SPLINE_CURVE(3,(#8368,#8369,#8370,#8371),.UNSPECIFIED.,.F.,.F.)
B_SPLINE_CURVE_WITH_KNOTS((4,4),(0.,0.500651787431805),.UNSPECIFIED.)
CURVE()
GEOMETRIC_REPRESENTATION_ITEM()
RATIONAL_B_SPLINE_CURVE((1.,1.,1.,1.))
REPRESENTATION_ITEM('')
);
#30=(
BOUNDED_SURFACE()
B_SPLINE_SURFACE(3,1,((#7814,#7815),(#7816,#7817),(#7818,#7819),(#7820,
#7821)),.UNSPECIFIED.,.F.,.F.,.F.)
B_SPLINE_SURFACE_WITH_KNOTS((4,4),(2,2),(0.,1.),(0.,0.759),
 .UNSPECIFIED.)
GEOMETRIC_REPRESENTATION_ITEM()
RATIONAL_B_SPLINE_SURFACE(((1.,1.),(1.,1.),(1.,1.),(1.,1.)))
REPRESENTATION_ITEM('')
SURFACE()
);
#31=(
BOUNDED_SURFACE()
B_SPLINE_SURFACE(3,1,((#8963,#8964),(#8965,#8966),(#8967,#8968),(#8969,
#8970)),.UNSPECIFIED.,.F.,.F.,.F.)
B_SPLINE_SURFACE_WITH_KNOTS((4,4),(2,2),(-1.,0.),(0.,0.759),
 .UNSPECIFIED.)
GEOMETRIC_REPRESENTATION_ITEM()
RATIONAL_B_SPLINE_SURFACE(((1.,1.),(1.,1.),(1.,1.),(1.,1.)))
REPRESENTATION_ITEM('')
SURFACE()
);
#32=FACE_BOUND('',#796,.T.);
#33=FACE_BOUND('',#821,.T.);
#34=FACE_BOUND('',#822,.T.);
#35=FACE_BOUND('',#823,.T.);
#36=FACE_BOUND('',#825,.T.);
#37=FACE_BOUND('',#826,.T.);
#38=FACE_BOUND('',#883,.T.);
#39=FACE_BOUND('',#922,.T.);
#40=FACE_BOUND('',#924,.T.);
#41=FACE_BOUND('',#925,.T.);
#42=FACE_BOUND('',#939,.T.);
#43=FACE_BOUND('',#940,.T.);
#44=FACE_BOUND('',#941,.T.);
#45=FACE_BOUND('',#953,.T.);
#46=FACE_BOUND('',#958,.T.);
#47=FACE_BOUND('',#959,.T.);
#48=FACE_BOUND('',#960,.T.);
#49=FACE_BOUND('',#1007,.T.);
#50=FACE_BOUND('',#1008,.T.);
#51=FACE_BOUND('',#1010,.T.);
#52=FACE_BOUND('',#1011,.T.);
#53=FACE_BOUND('',#1037,.T.);
#54=FACE_BOUND('',#1039,.T.);
#55=CONICAL_SURFACE('',#6026,4.05649999999993,0.785398163397448);
#56=B_SPLINE_CURVE_WITH_KNOTS('',3,(#7394,#7395,#7396,#7397,#7398,#7399,
#7400),.UNSPECIFIED.,.F.,.F.,(4,2,1,4),(-8.11850586757146E-16,0.0298720995518,
0.276269034419968,0.440533657665413),.UNSPECIFIED.);
#57=B_SPLINE_CURVE_WITH_KNOTS('',3,(#7403,#7404,#7405,#7406,#7407,#7408,
#7409),.UNSPECIFIED.,.F.,.F.,(4,1,2,4),(-0.440533657665413,-0.276269034419968,
-0.0298720995518,8.11850586757146E-16),.UNSPECIFIED.);
#58=B_SPLINE_CURVE_WITH_KNOTS('',3,(#7430,#7431,#7432,#7433),
 .UNSPECIFIED.,.F.,.F.,(4,4),(-0.580527079938848,-0.0499657154559946),
 .UNSPECIFIED.);
#59=B_SPLINE_CURVE_WITH_KNOTS('',3,(#7436,#7437,#7438,#7439),
 .UNSPECIFIED.,.F.,.F.,(4,4),(0.0499657154559946,0.580527079938848),
 .UNSPECIFIED.);
#60=B_SPLINE_CURVE_WITH_KNOTS('',3,(#7460,#7461,#7462,#7463),
 .UNSPECIFIED.,.F.,.F.,(4,4),(-0.256513917651267,-0.0504517446196834),
 .UNSPECIFIED.);
#61=B_SPLINE_CURVE_WITH_KNOTS('',3,(#7466,#7467,#7468,#7469),
 .UNSPECIFIED.,.F.,.F.,(4,4),(0.0504517446196834,0.256513917651267),
 .UNSPECIFIED.);
#62=B_SPLINE_CURVE_WITH_KNOTS('',3,(#7486,#7487,#7488,#7489),
 .UNSPECIFIED.,.F.,.F.,(4,4),(0.256513917651267,0.257215956263234),
 .UNSPECIFIED.);
#63=B_SPLINE_CURVE_WITH_KNOTS('',3,(#7490,#7491,#7492,#7493),
 .UNSPECIFIED.,.F.,.F.,(4,4),(-0.257215956263234,-0.256513917651267),
 .UNSPECIFIED.);
#64=B_SPLINE_CURVE_WITH_KNOTS('',3,(#7519,#7520,#7521,#7522),
 .UNSPECIFIED.,.F.,.F.,(4,4),(-2.14269833647359E-16,0.0504517446196845),
 .UNSPECIFIED.);
#65=B_SPLINE_CURVE_WITH_KNOTS('',3,(#7523,#7524,#7525,#7526),
 .UNSPECIFIED.,.F.,.F.,(4,4),(-0.0504517446196845,2.14269833647359E-16),
 .UNSPECIFIED.);
#66=B_SPLINE_CURVE_WITH_KNOTS('',3,(#7571,#7572,#7573,#7574,#7575,#7576,
#7577,#7578,#7579,#7580),.UNSPECIFIED.,.F.,.F.,(4,2,2,2,4),(-0.953633027107287,
-0.941384675352032,-0.851042388007222,-0.794645630566302,-0.747718054893073),
 .UNSPECIFIED.);
#67=B_SPLINE_CURVE_WITH_KNOTS('',3,(#7583,#7584,#7585,#7586,#7587,#7588,
#7589,#7590,#7591,#7592),.UNSPECIFIED.,.F.,.F.,(4,2,2,2,4),(0.747718054893073,
0.794645630566302,0.851042388007222,0.941384675352032,0.953633027107287),
 .UNSPECIFIED.);
#68=B_SPLINE_CURVE_WITH_KNOTS('',3,(#7609,#7610,#7611,#7612),
 .UNSPECIFIED.,.F.,.F.,(4,4),(0.953633027107234,1.0040216591665),
 .UNSPECIFIED.);
#69=B_SPLINE_CURVE_WITH_KNOTS('',3,(#7613,#7614,#7615,#7616),
 .UNSPECIFIED.,.F.,.F.,(4,4),(-1.0040216591665,-0.953633027107234),
 .UNSPECIFIED.);
#70=B_SPLINE_CURVE_WITH_KNOTS('',3,(#7637,#7638,#7639,#7640),
 .UNSPECIFIED.,.F.,.F.,(4,4),(0.052594077687496,0.583224501117794),
 .UNSPECIFIED.);
#71=B_SPLINE_CURVE_WITH_KNOTS('',3,(#7643,#7644,#7645,#7646),
 .UNSPECIFIED.,.F.,.F.,(4,4),(-0.583224501117794,-0.052594077687496),
 .UNSPECIFIED.);
#72=B_SPLINE_CURVE_WITH_KNOTS('',3,(#7663,#7664,#7665,#7666),
 .UNSPECIFIED.,.F.,.F.,(4,4),(0.747015998957075,0.747718054893073),
 .UNSPECIFIED.);
#73=B_SPLINE_CURVE_WITH_KNOTS('',3,(#7667,#7668,#7669,#7670),
 .UNSPECIFIED.,.F.,.F.,(4,4),(-0.747718054893073,-0.747015998957075),
 .UNSPECIFIED.);
#74=B_SPLINE_CURVE_WITH_KNOTS('',3,(#7696,#7697,#7698,#7699,#7700,#7701),
 .UNSPECIFIED.,.F.,.F.,(4,1,1,4),(0.0305468014069811,0.235329200119648,
0.440111598832315,0.747285196901315),.UNSPECIFIED.);
#75=B_SPLINE_CURVE_WITH_KNOTS('',3,(#7704,#7705,#7706,#7707,#7708,#7709),
 .UNSPECIFIED.,.F.,.F.,(4,1,1,4),(-0.747285196901315,-0.440111598832315,
-0.235329200119648,-0.0305468014069811),.UNSPECIFIED.);
#76=B_SPLINE_CURVE_WITH_KNOTS('',3,(#7726,#7727,#7728,#7729),
 .UNSPECIFIED.,.F.,.F.,(4,4),(0.0499963729525739,0.0525940776874964),
 .UNSPECIFIED.);
#77=B_SPLINE_CURVE_WITH_KNOTS('',3,(#7730,#7731,#7732,#7733),
 .UNSPECIFIED.,.F.,.F.,(4,4),(-0.0525940776874964,-0.0499963729525739),
 .UNSPECIFIED.);
#78=B_SPLINE_CURVE_WITH_KNOTS('',3,(#7750,#7751,#7752,#7753),
 .UNSPECIFIED.,.F.,.F.,(4,4),(0.580527079938849,0.583124446595631),
 .UNSPECIFIED.);
#79=B_SPLINE_CURVE_WITH_KNOTS('',3,(#7754,#7755,#7756,#7757),
 .UNSPECIFIED.,.F.,.F.,(4,4),(-0.583124446595631,-0.580527079938849),
 .UNSPECIFIED.);
#80=B_SPLINE_CURVE_WITH_KNOTS('',3,(#7768,#7769,#7770,#7771,#7772,#7773,
#7774,#7775,#7776,#7777,#7778,#7779,#7780,#7781,#7782,#7783,#7784,#7785,
#7786,#7787,#7788,#7789,#7790,#7791,#7792),.UNSPECIFIED.,.F.,.F.,(4,3,3,
3,3,3,3,3,4),(1.98003627616713E-6,0.00483526661072341,0.0117926743595302,
0.0295385021981523,0.0681307223296709,0.116573715092255,0.156129529638519,
0.209901810161817,0.262783757111044),.UNSPECIFIED.);
#81=B_SPLINE_CURVE_WITH_KNOTS('',3,(#7823,#7824,#7825,#7826),
 .UNSPECIFIED.,.F.,.F.,(4,4),(1.34671856487497,7.94277054785111),
 .UNSPECIFIED.);
#82=B_SPLINE_CURVE_WITH_KNOTS('',3,(#7899,#7900,#7901,#7902,#7903,#7904),
 .UNSPECIFIED.,.F.,.F.,(4,2,4),(0.,0.125,0.25),.UNSPECIFIED.);
#83=B_SPLINE_CURVE_WITH_KNOTS('',3,(#7906,#7907,#7908,#7909,#7910,#7911,
#7912),.UNSPECIFIED.,.F.,.F.,(4,3,4),(0.,0.216963275165996,0.51955336300932),
 .UNSPECIFIED.);
#84=B_SPLINE_CURVE_WITH_KNOTS('',3,(#7915,#7916,#7917,#7918,#7919,#7920,
#7921),.UNSPECIFIED.,.F.,.F.,(4,3,4),(0.,0.216963275165996,0.519553363013496),
 .UNSPECIFIED.);
#85=B_SPLINE_CURVE_WITH_KNOTS('',3,(#7933,#7934,#7935,#7936,#7937,#7938,
#7939),.UNSPECIFIED.,.F.,.F.,(4,3,4),(-0.510460795220514,-0.246494412312721,
0.),.UNSPECIFIED.);
#86=B_SPLINE_CURVE_WITH_KNOTS('',3,(#7961,#7962,#7963,#7964,#7965,#7966),
 .UNSPECIFIED.,.F.,.F.,(4,2,4),(0.,0.125,0.25),.UNSPECIFIED.);
#87=B_SPLINE_CURVE_WITH_KNOTS('',3,(#7969,#7970,#7971,#7972,#7973,#7974,
#7975),.UNSPECIFIED.,.F.,.F.,(4,3,4),(-0.510460795039358,-0.246494412312721,
0.),.UNSPECIFIED.);
#88=B_SPLINE_CURVE_WITH_KNOTS('',3,(#8009,#8010,#8011,#8012),
 .UNSPECIFIED.,.F.,.F.,(4,4),(0.0499665979833111,0.583167880974432),
 .UNSPECIFIED.);
#89=B_SPLINE_CURVE_WITH_KNOTS('',3,(#8013,#8014,#8015,#8016,#8017,#8018,
#8019,#8020,#8021,#8022,#8023,#8024,#8025,#8026,#8027,#8028,#8029,#8030,
#8031,#8032,#8033,#8034,#8035,#8036,#8037,#8038,#8039,#8040),
 .UNSPECIFIED.,.F.,.F.,(4,3,3,3,3,3,3,3,3,4),(0.,0.0686588094964539,0.107832931646935,
0.162438304378987,0.215378429084793,0.230276354766369,0.246292985350344,
0.252663639042411,0.255076735238078,0.257297376021126),.UNSPECIFIED.);
#90=B_SPLINE_CURVE_WITH_KNOTS('',3,(#8042,#8043,#8044,#8045,#8046,#8047,
#8048,#8049,#8050,#8051),.UNSPECIFIED.,.F.,.F.,(4,3,3,4),(0.,0.246494412312627,
0.621458731640761,1.),.UNSPECIFIED.);
#91=B_SPLINE_CURVE_WITH_KNOTS('',3,(#8054,#8055,#8056,#8057,#8058,#8059,
#8060,#8061,#8062,#8063),.UNSPECIFIED.,.F.,.F.,(4,3,3,4),(0.,0.246494412312627,
0.621458731640761,0.88168953721584),.UNSPECIFIED.);
#92=B_SPLINE_CURVE_WITH_KNOTS('',3,(#8091,#8092,#8093,#8094,#8095,#8096,
#8097,#8098,#8099,#8100),.UNSPECIFIED.,.F.,.F.,(4,3,3,4),(-0.606043092310576,
-0.556139125965549,-0.216963275165838,1.11022302462516E-16),
 .UNSPECIFIED.);
#93=B_SPLINE_CURVE_WITH_KNOTS('',3,(#8102,#8103,#8104,#8105),
 .UNSPECIFIED.,.F.,.F.,(4,4),(-0.958535806035327,-0.606043092310576),
 .UNSPECIFIED.);
#94=B_SPLINE_CURVE_WITH_KNOTS('',3,(#8107,#8108,#8109,#8110),
 .UNSPECIFIED.,.F.,.F.,(4,4),(-1.,-0.958535806035327),.UNSPECIFIED.);
#95=B_SPLINE_CURVE_WITH_KNOTS('',3,(#8113,#8114,#8115,#8116,#8117,#8118,
#8119,#8120,#8121,#8122),.UNSPECIFIED.,.F.,.F.,(4,3,3,4),(-1.,-0.556139125965549,
-0.216963275165838,0.),.UNSPECIFIED.);
#96=B_SPLINE_CURVE_WITH_KNOTS('',3,(#8160,#8161,#8162,#8163,#8164,#8165),
 .UNSPECIFIED.,.F.,.F.,(4,2,4),(0.,0.125,0.25),.UNSPECIFIED.);
#97=B_SPLINE_CURVE_WITH_KNOTS('',3,(#8166,#8167,#8168,#8169),
 .UNSPECIFIED.,.F.,.F.,(4,4),(0.629562551480073,1.),.UNSPECIFIED.);
#98=B_SPLINE_CURVE_WITH_KNOTS('',3,(#8171,#8172,#8173,#8174),
 .UNSPECIFIED.,.F.,.F.,(4,4),(0.95853580603529,1.),.UNSPECIFIED.);
#99=B_SPLINE_CURVE_WITH_KNOTS('',3,(#8175,#8176,#8177,#8178),
 .UNSPECIFIED.,.F.,.F.,(4,4),(0.629562551479637,0.95853580603529),
 .UNSPECIFIED.);
#100=B_SPLINE_CURVE_WITH_KNOTS('',3,(#8205,#8206,#8207,#8208,#8209,#8210),
 .UNSPECIFIED.,.F.,.F.,(4,2,4),(0.,0.125,0.25),.UNSPECIFIED.);
#101=B_SPLINE_CURVE_WITH_KNOTS('',3,(#8211,#8212,#8213,#8214),
 .UNSPECIFIED.,.F.,.F.,(4,4),(-1.,-0.624820712431348),.UNSPECIFIED.);
#102=B_SPLINE_CURVE_WITH_KNOTS('',3,(#8215,#8216,#8217,#8218),
 .UNSPECIFIED.,.F.,.F.,(4,4),(-1.,-0.624820712431349),.UNSPECIFIED.);
#103=B_SPLINE_CURVE_WITH_KNOTS('',3,(#8348,#8349,#8350,#8351),
 .UNSPECIFIED.,.F.,.F.,(4,4),(-0.307693295873292,0.),.UNSPECIFIED.);
#104=B_SPLINE_CURVE_WITH_KNOTS('',3,(#8627,#8628,#8629,#8630),
 .UNSPECIFIED.,.F.,.F.,(4,4),(-0.357693295873292,-0.05),.UNSPECIFIED.);
#105=B_SPLINE_CURVE_WITH_KNOTS('',3,(#8632,#8633,#8634,#8635,#8636,#8637,
#8638,#8639,#8640,#8641,#8642,#8643,#8644,#8645,#8646,#8647,#8648,#8649,
#8650,#8651,#8652,#8653,#8654,#8655,#8656,#8657,#8658,#8659),
 .UNSPECIFIED.,.F.,.F.,(4,2,2,2,2,2,2,2,2,2,2,2,2,4),(-0.713484605676847,
-0.70101508891403,-0.628095265706126,-0.559031539787497,-0.494501212888433,
-0.441014768961256,-0.415173170810494,-0.397304267547271,-0.380008530767233,
-0.35611695511357,-0.306724152609331,-0.228212559239382,-0.149583462553508,
-0.0742130609901544),.UNSPECIFIED.);
#106=B_SPLINE_CURVE_WITH_KNOTS('',3,(#8881,#8882,#8883,#8884,#8885,#8886,
#8887,#8888,#8889,#8890),.UNSPECIFIED.,.F.,.F.,(4,3,3,4),(0.,0.335099184667754,
0.983025515182361,1.97937492014081),.UNSPECIFIED.);
#107=B_SPLINE_CURVE_WITH_KNOTS('',3,(#8897,#8898,#8899,#8900,#8901,#8902,
#8903),.UNSPECIFIED.,.F.,.F.,(4,3,4),(0.,5.40390394676773,9.87923376531589),
 .UNSPECIFIED.);
#108=B_SPLINE_CURVE_WITH_KNOTS('',3,(#8928,#8929,#8930,#8931,#8932,#8933,
#8934,#8935,#8936,#8937),.UNSPECIFIED.,.F.,.F.,(4,3,3,4),(0.,0.333589212956928,
0.978595958839461,1.97045576941982),.UNSPECIFIED.);
#109=B_SPLINE_CURVE_WITH_KNOTS('',2,(#8991,#8992,#8993),.UNSPECIFIED.,.F.,
 .F.,(3,3),(0.,1.),.UNSPECIFIED.);
#110=B_SPLINE_CURVE_WITH_KNOTS('',2,(#8995,#8996,#8997),.UNSPECIFIED.,.F.,
 .F.,(3,3),(0.,1.),.UNSPECIFIED.);
#111=B_SPLINE_CURVE_WITH_KNOTS('',2,(#9006,#9007,#9008),.UNSPECIFIED.,.F.,
 .F.,(3,3),(0.,1.),.UNSPECIFIED.);
#112=B_SPLINE_CURVE_WITH_KNOTS('',2,(#9010,#9011,#9012),.UNSPECIFIED.,.F.,
 .F.,(3,3),(0.,1.),.UNSPECIFIED.);
#113=B_SPLINE_CURVE_WITH_KNOTS('',2,(#9021,#9022,#9023),.UNSPECIFIED.,.F.,
 .F.,(3,3),(0.,1.),.UNSPECIFIED.);
#114=B_SPLINE_CURVE_WITH_KNOTS('',2,(#9025,#9026,#9027),.UNSPECIFIED.,.F.,
 .F.,(3,3),(0.,1.),.UNSPECIFIED.);
#115=B_SPLINE_CURVE_WITH_KNOTS('',2,(#9036,#9037,#9038),.UNSPECIFIED.,.F.,
 .F.,(3,3),(0.,1.),.UNSPECIFIED.);
#116=B_SPLINE_CURVE_WITH_KNOTS('',2,(#9040,#9041,#9042),.UNSPECIFIED.,.F.,
 .F.,(3,3),(0.,1.),.UNSPECIFIED.);
#117=B_SPLINE_CURVE_WITH_KNOTS('',2,(#9069,#9070,#9071),.UNSPECIFIED.,.F.,
 .F.,(3,3),(0.,1.),.UNSPECIFIED.);
#118=B_SPLINE_CURVE_WITH_KNOTS('',2,(#9073,#9074,#9075),.UNSPECIFIED.,.F.,
 .F.,(3,3),(0.,1.),.UNSPECIFIED.);
#119=B_SPLINE_CURVE_WITH_KNOTS('',2,(#9084,#9085,#9086),.UNSPECIFIED.,.F.,
 .F.,(3,3),(0.,1.),.UNSPECIFIED.);
#120=B_SPLINE_CURVE_WITH_KNOTS('',2,(#9088,#9089,#9090),.UNSPECIFIED.,.F.,
 .F.,(3,3),(0.,1.),.UNSPECIFIED.);
#121=B_SPLINE_CURVE_WITH_KNOTS('',2,(#9099,#9100,#9101),.UNSPECIFIED.,.F.,
 .F.,(3,3),(0.,1.),.UNSPECIFIED.);
#122=B_SPLINE_CURVE_WITH_KNOTS('',2,(#9103,#9104,#9105),.UNSPECIFIED.,.F.,
 .F.,(3,3),(0.,1.),.UNSPECIFIED.);
#123=B_SPLINE_CURVE_WITH_KNOTS('',2,(#9114,#9115,#9116),.UNSPECIFIED.,.F.,
 .F.,(3,3),(0.,1.),.UNSPECIFIED.);
#124=B_SPLINE_CURVE_WITH_KNOTS('',2,(#9118,#9119,#9120),.UNSPECIFIED.,.F.,
 .F.,(3,3),(0.,1.),.UNSPECIFIED.);
#125=B_SPLINE_CURVE_WITH_KNOTS('',2,(#9128,#9129,#9130),.UNSPECIFIED.,.F.,
 .F.,(3,3),(0.,1.),.UNSPECIFIED.);
#126=B_SPLINE_CURVE_WITH_KNOTS('',2,(#9131,#9132,#9133),.UNSPECIFIED.,.F.,
 .F.,(3,3),(0.,1.),.UNSPECIFIED.);
#127=B_SPLINE_CURVE_WITH_KNOTS('',2,(#9144,#9145,#9146),.UNSPECIFIED.,.F.,
 .F.,(3,3),(-1.,0.),.UNSPECIFIED.);
#128=B_SPLINE_CURVE_WITH_KNOTS('',2,(#9150,#9151,#9152),.UNSPECIFIED.,.F.,
 .F.,(3,3),(0.,1.),.UNSPECIFIED.);
#129=B_SPLINE_CURVE_WITH_KNOTS('',2,(#9161,#9162,#9163),.UNSPECIFIED.,.F.,
 .F.,(3,3),(-1.,0.),.UNSPECIFIED.);
#130=B_SPLINE_CURVE_WITH_KNOTS('',2,(#9165,#9166,#9167),.UNSPECIFIED.,.F.,
 .F.,(3,3),(0.,1.),.UNSPECIFIED.);
#131=B_SPLINE_CURVE_WITH_KNOTS('',2,(#9176,#9177,#9178),.UNSPECIFIED.,.F.,
 .F.,(3,3),(-1.,0.),.UNSPECIFIED.);
#132=B_SPLINE_CURVE_WITH_KNOTS('',2,(#9180,#9181,#9182),.UNSPECIFIED.,.F.,
 .F.,(3,3),(0.,1.),.UNSPECIFIED.);
#133=B_SPLINE_CURVE_WITH_KNOTS('',2,(#9191,#9192,#9193),.UNSPECIFIED.,.F.,
 .F.,(3,3),(-1.,0.),.UNSPECIFIED.);
#134=B_SPLINE_CURVE_WITH_KNOTS('',2,(#9195,#9196,#9197),.UNSPECIFIED.,.F.,
 .F.,(3,3),(0.,1.),.UNSPECIFIED.);
#135=B_SPLINE_CURVE_WITH_KNOTS('',2,(#9206,#9207,#9208),.UNSPECIFIED.,.F.,
 .F.,(3,3),(-1.,0.),.UNSPECIFIED.);
#136=B_SPLINE_CURVE_WITH_KNOTS('',2,(#9210,#9211,#9212),.UNSPECIFIED.,.F.,
 .F.,(3,3),(0.,1.),.UNSPECIFIED.);
#137=B_SPLINE_CURVE_WITH_KNOTS('',2,(#9221,#9222,#9223),.UNSPECIFIED.,.F.,
 .F.,(3,3),(-1.,-0.781396002504431),.UNSPECIFIED.);
#138=B_SPLINE_CURVE_WITH_KNOTS('',2,(#9225,#9226,#9227),.UNSPECIFIED.,.F.,
 .F.,(3,3),(0.781396002504431,1.),.UNSPECIFIED.);
#139=B_SPLINE_CURVE_WITH_KNOTS('',2,(#9246,#9247,#9248),.UNSPECIFIED.,.F.,
 .F.,(3,3),(-1.,0.),.UNSPECIFIED.);
#140=B_SPLINE_CURVE_WITH_KNOTS('',2,(#9252,#9253,#9254),.UNSPECIFIED.,.F.,
 .F.,(3,3),(0.,1.),.UNSPECIFIED.);
#141=B_SPLINE_CURVE_WITH_KNOTS('',2,(#9263,#9264,#9265),.UNSPECIFIED.,.F.,
 .F.,(3,3),(-1.,0.),.UNSPECIFIED.);
#142=B_SPLINE_CURVE_WITH_KNOTS('',2,(#9267,#9268,#9269),.UNSPECIFIED.,.F.,
 .F.,(3,3),(0.,1.),.UNSPECIFIED.);
#143=B_SPLINE_CURVE_WITH_KNOTS('',2,(#9278,#9279,#9280),.UNSPECIFIED.,.F.,
 .F.,(3,3),(-1.,0.),.UNSPECIFIED.);
#144=B_SPLINE_CURVE_WITH_KNOTS('',2,(#9282,#9283,#9284),.UNSPECIFIED.,.F.,
 .F.,(3,3),(0.,1.),.UNSPECIFIED.);
#145=B_SPLINE_CURVE_WITH_KNOTS('',2,(#9293,#9294,#9295),.UNSPECIFIED.,.F.,
 .F.,(3,3),(-1.,0.),.UNSPECIFIED.);
#146=B_SPLINE_CURVE_WITH_KNOTS('',2,(#9297,#9298,#9299),.UNSPECIFIED.,.F.,
 .F.,(3,3),(0.,1.),.UNSPECIFIED.);
#147=B_SPLINE_CURVE_WITH_KNOTS('',2,(#9308,#9309,#9310),.UNSPECIFIED.,.F.,
 .F.,(3,3),(-1.,0.),.UNSPECIFIED.);
#148=B_SPLINE_CURVE_WITH_KNOTS('',2,(#9312,#9313,#9314),.UNSPECIFIED.,.F.,
 .F.,(3,3),(0.,1.),.UNSPECIFIED.);
#149=B_SPLINE_CURVE_WITH_KNOTS('',2,(#9323,#9324,#9325),.UNSPECIFIED.,.F.,
 .F.,(3,3),(-1.,-0.810512251487264),.UNSPECIFIED.);
#150=B_SPLINE_CURVE_WITH_KNOTS('',2,(#9327,#9328,#9329),.UNSPECIFIED.,.F.,
 .F.,(3,3),(0.810512251487264,1.),.UNSPECIFIED.);
#151=B_SPLINE_CURVE_WITH_KNOTS('',2,(#9348,#9349,#9350),.UNSPECIFIED.,.F.,
 .F.,(3,3),(0.,1.),.UNSPECIFIED.);
#152=B_SPLINE_CURVE_WITH_KNOTS('',2,(#9354,#9355,#9356),.UNSPECIFIED.,.F.,
 .F.,(3,3),(0.,1.),.UNSPECIFIED.);
#153=B_SPLINE_CURVE_WITH_KNOTS('',2,(#9371,#9372,#9373),.UNSPECIFIED.,.F.,
 .F.,(3,3),(0.,1.),.UNSPECIFIED.);
#154=B_SPLINE_CURVE_WITH_KNOTS('',2,(#9375,#9376,#9377),.UNSPECIFIED.,.F.,
 .F.,(3,3),(0.,1.),.UNSPECIFIED.);
#155=B_SPLINE_CURVE_WITH_KNOTS('',2,(#9386,#9387,#9388),.UNSPECIFIED.,.F.,
 .F.,(3,3),(0.,1.),.UNSPECIFIED.);
#156=B_SPLINE_CURVE_WITH_KNOTS('',2,(#9390,#9391,#9392),.UNSPECIFIED.,.F.,
 .F.,(3,3),(0.,1.),.UNSPECIFIED.);
#157=B_SPLINE_CURVE_WITH_KNOTS('',2,(#9401,#9402,#9403),.UNSPECIFIED.,.F.,
 .F.,(3,3),(0.,1.),.UNSPECIFIED.);
#158=B_SPLINE_CURVE_WITH_KNOTS('',2,(#9405,#9406,#9407),.UNSPECIFIED.,.F.,
 .F.,(3,3),(0.,1.),.UNSPECIFIED.);
#159=B_SPLINE_CURVE_WITH_KNOTS('',2,(#9416,#9417,#9418),.UNSPECIFIED.,.F.,
 .F.,(3,3),(0.,1.),.UNSPECIFIED.);
#160=B_SPLINE_CURVE_WITH_KNOTS('',2,(#9420,#9421,#9422),.UNSPECIFIED.,.F.,
 .F.,(3,3),(0.,1.),.UNSPECIFIED.);
#161=B_SPLINE_CURVE_WITH_KNOTS('',2,(#9431,#9432,#9433),.UNSPECIFIED.,.F.,
 .F.,(3,3),(0.,1.),.UNSPECIFIED.);
#162=B_SPLINE_CURVE_WITH_KNOTS('',2,(#9435,#9436,#9437),.UNSPECIFIED.,.F.,
 .F.,(3,3),(0.,1.),.UNSPECIFIED.);
#163=B_SPLINE_CURVE_WITH_KNOTS('',2,(#9446,#9447,#9448),.UNSPECIFIED.,.F.,
 .F.,(3,3),(0.,1.),.UNSPECIFIED.);
#164=B_SPLINE_CURVE_WITH_KNOTS('',2,(#9450,#9451,#9452),.UNSPECIFIED.,.F.,
 .F.,(3,3),(0.,1.),.UNSPECIFIED.);
#165=B_SPLINE_CURVE_WITH_KNOTS('',2,(#9467,#9468,#9469),.UNSPECIFIED.,.F.,
 .F.,(3,3),(0.,1.),.UNSPECIFIED.);
#166=B_SPLINE_CURVE_WITH_KNOTS('',2,(#9471,#9472,#9473),.UNSPECIFIED.,.F.,
 .F.,(3,3),(0.,1.),.UNSPECIFIED.);
#167=B_SPLINE_CURVE_WITH_KNOTS('',2,(#9482,#9483,#9484),.UNSPECIFIED.,.F.,
 .F.,(3,3),(0.,1.),.UNSPECIFIED.);
#168=B_SPLINE_CURVE_WITH_KNOTS('',2,(#9486,#9487,#9488),.UNSPECIFIED.,.F.,
 .F.,(3,3),(0.,1.),.UNSPECIFIED.);
#169=B_SPLINE_CURVE_WITH_KNOTS('',2,(#9497,#9498,#9499),.UNSPECIFIED.,.F.,
 .F.,(3,3),(0.,1.),.UNSPECIFIED.);
#170=B_SPLINE_CURVE_WITH_KNOTS('',2,(#9501,#9502,#9503),.UNSPECIFIED.,.F.,
 .F.,(3,3),(0.,1.),.UNSPECIFIED.);
#171=B_SPLINE_CURVE_WITH_KNOTS('',2,(#9512,#9513,#9514),.UNSPECIFIED.,.F.,
 .F.,(3,3),(0.,1.),.UNSPECIFIED.);
#172=B_SPLINE_CURVE_WITH_KNOTS('',2,(#9516,#9517,#9518),.UNSPECIFIED.,.F.,
 .F.,(3,3),(0.,1.),.UNSPECIFIED.);
#173=B_SPLINE_CURVE_WITH_KNOTS('',2,(#9526,#9527,#9528),.UNSPECIFIED.,.F.,
 .F.,(3,3),(0.,1.),.UNSPECIFIED.);
#174=B_SPLINE_CURVE_WITH_KNOTS('',2,(#9529,#9530,#9531),.UNSPECIFIED.,.F.,
 .F.,(3,3),(0.,1.),.UNSPECIFIED.);
#175=B_SPLINE_CURVE_WITH_KNOTS('',2,(#9542,#9543,#9544),.UNSPECIFIED.,.F.,
 .F.,(3,3),(-1.,0.),.UNSPECIFIED.);
#176=B_SPLINE_CURVE_WITH_KNOTS('',2,(#9548,#9549,#9550),.UNSPECIFIED.,.F.,
 .F.,(3,3),(0.,1.),.UNSPECIFIED.);
#177=B_SPLINE_CURVE_WITH_KNOTS('',2,(#9559,#9560,#9561),.UNSPECIFIED.,.F.,
 .F.,(3,3),(-1.,0.),.UNSPECIFIED.);
#178=B_SPLINE_CURVE_WITH_KNOTS('',2,(#9563,#9564,#9565),.UNSPECIFIED.,.F.,
 .F.,(3,3),(0.,1.),.UNSPECIFIED.);
#179=B_SPLINE_CURVE_WITH_KNOTS('',2,(#9574,#9575,#9576),.UNSPECIFIED.,.F.,
 .F.,(3,3),(-1.,0.),.UNSPECIFIED.);
#180=B_SPLINE_CURVE_WITH_KNOTS('',2,(#9578,#9579,#9580),.UNSPECIFIED.,.F.,
 .F.,(3,3),(0.,1.),.UNSPECIFIED.);
#181=B_SPLINE_CURVE_WITH_KNOTS('',2,(#9589,#9590,#9591),.UNSPECIFIED.,.F.,
 .F.,(3,3),(-1.,0.),.UNSPECIFIED.);
#182=B_SPLINE_CURVE_WITH_KNOTS('',2,(#9593,#9594,#9595),.UNSPECIFIED.,.F.,
 .F.,(3,3),(0.,1.),.UNSPECIFIED.);
#183=B_SPLINE_CURVE_WITH_KNOTS('',2,(#9604,#9605,#9606),.UNSPECIFIED.,.F.,
 .F.,(3,3),(-1.,0.),.UNSPECIFIED.);
#184=B_SPLINE_CURVE_WITH_KNOTS('',2,(#9608,#9609,#9610),.UNSPECIFIED.,.F.,
 .F.,(3,3),(0.,1.),.UNSPECIFIED.);
#185=B_SPLINE_CURVE_WITH_KNOTS('',2,(#9619,#9620,#9621),.UNSPECIFIED.,.F.,
 .F.,(3,3),(-1.,0.),.UNSPECIFIED.);
#186=B_SPLINE_CURVE_WITH_KNOTS('',2,(#9623,#9624,#9625),.UNSPECIFIED.,.F.,
 .F.,(3,3),(0.,1.),.UNSPECIFIED.);
#187=B_SPLINE_CURVE_WITH_KNOTS('',2,(#9634,#9635,#9636),.UNSPECIFIED.,.F.,
 .F.,(3,3),(-1.,0.),.UNSPECIFIED.);
#188=B_SPLINE_CURVE_WITH_KNOTS('',2,(#9638,#9639,#9640),.UNSPECIFIED.,.F.,
 .F.,(3,3),(0.,1.),.UNSPECIFIED.);
#189=B_SPLINE_CURVE_WITH_KNOTS('',2,(#9649,#9650,#9651),.UNSPECIFIED.,.F.,
 .F.,(3,3),(-1.,0.),.UNSPECIFIED.);
#190=B_SPLINE_CURVE_WITH_KNOTS('',2,(#9653,#9654,#9655),.UNSPECIFIED.,.F.,
 .F.,(3,3),(0.,1.),.UNSPECIFIED.);
#191=B_SPLINE_CURVE_WITH_KNOTS('',2,(#9664,#9665,#9666),.UNSPECIFIED.,.F.,
 .F.,(3,3),(-1.,0.),.UNSPECIFIED.);
#192=B_SPLINE_CURVE_WITH_KNOTS('',2,(#9668,#9669,#9670),.UNSPECIFIED.,.F.,
 .F.,(3,3),(0.,1.),.UNSPECIFIED.);
#193=B_SPLINE_CURVE_WITH_KNOTS('',2,(#9679,#9680,#9681),.UNSPECIFIED.,.F.,
 .F.,(3,3),(-1.,0.),.UNSPECIFIED.);
#194=B_SPLINE_CURVE_WITH_KNOTS('',2,(#9683,#9684,#9685),.UNSPECIFIED.,.F.,
 .F.,(3,3),(0.,1.),.UNSPECIFIED.);
#195=B_SPLINE_CURVE_WITH_KNOTS('',2,(#9694,#9695,#9696),.UNSPECIFIED.,.F.,
 .F.,(3,3),(-1.,0.),.UNSPECIFIED.);
#196=B_SPLINE_CURVE_WITH_KNOTS('',2,(#9698,#9699,#9700),.UNSPECIFIED.,.F.,
 .F.,(3,3),(0.,1.),.UNSPECIFIED.);
#197=B_SPLINE_CURVE_WITH_KNOTS('',2,(#9708,#9709,#9710),.UNSPECIFIED.,.F.,
 .F.,(3,3),(-1.,0.),.UNSPECIFIED.);
#198=B_SPLINE_CURVE_WITH_KNOTS('',2,(#9711,#9712,#9713),.UNSPECIFIED.,.F.,
 .F.,(3,3),(0.,1.),.UNSPECIFIED.);
#199=B_SPLINE_CURVE_WITH_KNOTS('',2,(#9722,#9723,#9724),.UNSPECIFIED.,.F.,
 .F.,(3,3),(0.,1.),.UNSPECIFIED.);
#200=B_SPLINE_CURVE_WITH_KNOTS('',2,(#9728,#9729,#9730),.UNSPECIFIED.,.F.,
 .F.,(3,3),(0.,1.),.UNSPECIFIED.);
#201=B_SPLINE_CURVE_WITH_KNOTS('',2,(#9739,#9740,#9741),.UNSPECIFIED.,.F.,
 .F.,(3,3),(0.,1.),.UNSPECIFIED.);
#202=B_SPLINE_CURVE_WITH_KNOTS('',2,(#9743,#9744,#9745),.UNSPECIFIED.,.F.,
 .F.,(3,3),(0.,1.),.UNSPECIFIED.);
#203=B_SPLINE_CURVE_WITH_KNOTS('',2,(#9754,#9755,#9756),.UNSPECIFIED.,.F.,
 .F.,(3,3),(0.,1.),.UNSPECIFIED.);
#204=B_SPLINE_CURVE_WITH_KNOTS('',2,(#9758,#9759,#9760),.UNSPECIFIED.,.F.,
 .F.,(3,3),(0.,1.),.UNSPECIFIED.);
#205=B_SPLINE_CURVE_WITH_KNOTS('',2,(#9769,#9770,#9771),.UNSPECIFIED.,.F.,
 .F.,(3,3),(0.,1.),.UNSPECIFIED.);
#206=B_SPLINE_CURVE_WITH_KNOTS('',2,(#9773,#9774,#9775),.UNSPECIFIED.,.F.,
 .F.,(3,3),(0.,1.),.UNSPECIFIED.);
#207=B_SPLINE_CURVE_WITH_KNOTS('',2,(#9784,#9785,#9786),.UNSPECIFIED.,.F.,
 .F.,(3,3),(0.,1.),.UNSPECIFIED.);
#208=B_SPLINE_CURVE_WITH_KNOTS('',2,(#9788,#9789,#9790),.UNSPECIFIED.,.F.,
 .F.,(3,3),(0.,1.),.UNSPECIFIED.);
#209=B_SPLINE_CURVE_WITH_KNOTS('',2,(#9799,#9800,#9801),.UNSPECIFIED.,.F.,
 .F.,(3,3),(0.,1.),.UNSPECIFIED.);
#210=B_SPLINE_CURVE_WITH_KNOTS('',2,(#9803,#9804,#9805),.UNSPECIFIED.,.F.,
 .F.,(3,3),(0.,1.),.UNSPECIFIED.);
#211=B_SPLINE_CURVE_WITH_KNOTS('',2,(#9814,#9815,#9816),.UNSPECIFIED.,.F.,
 .F.,(3,3),(0.,1.),.UNSPECIFIED.);
#212=B_SPLINE_CURVE_WITH_KNOTS('',2,(#9818,#9819,#9820),.UNSPECIFIED.,.F.,
 .F.,(3,3),(0.,1.),.UNSPECIFIED.);
#213=B_SPLINE_CURVE_WITH_KNOTS('',2,(#9829,#9830,#9831),.UNSPECIFIED.,.F.,
 .F.,(3,3),(0.,1.),.UNSPECIFIED.);
#214=B_SPLINE_CURVE_WITH_KNOTS('',2,(#9833,#9834,#9835),.UNSPECIFIED.,.F.,
 .F.,(3,3),(0.,1.),.UNSPECIFIED.);
#215=B_SPLINE_CURVE_WITH_KNOTS('',2,(#9844,#9845,#9846),.UNSPECIFIED.,.F.,
 .F.,(3,3),(0.,1.),.UNSPECIFIED.);
#216=B_SPLINE_CURVE_WITH_KNOTS('',2,(#9848,#9849,#9850),.UNSPECIFIED.,.F.,
 .F.,(3,3),(0.,1.),.UNSPECIFIED.);
#217=B_SPLINE_CURVE_WITH_KNOTS('',2,(#9859,#9860,#9861),.UNSPECIFIED.,.F.,
 .F.,(3,3),(0.,1.),.UNSPECIFIED.);
#218=B_SPLINE_CURVE_WITH_KNOTS('',2,(#9863,#9864,#9865),.UNSPECIFIED.,.F.,
 .F.,(3,3),(0.,1.),.UNSPECIFIED.);
#219=B_SPLINE_CURVE_WITH_KNOTS('',2,(#9874,#9875,#9876),.UNSPECIFIED.,.F.,
 .F.,(3,3),(0.,1.),.UNSPECIFIED.);
#220=B_SPLINE_CURVE_WITH_KNOTS('',2,(#9878,#9879,#9880),.UNSPECIFIED.,.F.,
 .F.,(3,3),(0.,1.),.UNSPECIFIED.);
#221=B_SPLINE_CURVE_WITH_KNOTS('',2,(#9888,#9889,#9890),.UNSPECIFIED.,.F.,
 .F.,(3,3),(0.,1.),.UNSPECIFIED.);
#222=B_SPLINE_CURVE_WITH_KNOTS('',2,(#9891,#9892,#9893),.UNSPECIFIED.,.F.,
 .F.,(3,3),(0.,1.),.UNSPECIFIED.);
#223=B_SPLINE_CURVE_WITH_KNOTS('',2,(#9904,#9905,#9906),.UNSPECIFIED.,.F.,
 .F.,(3,3),(0.,1.),.UNSPECIFIED.);
#224=B_SPLINE_CURVE_WITH_KNOTS('',2,(#9910,#9911,#9912),.UNSPECIFIED.,.F.,
 .F.,(3,3),(0.,1.),.UNSPECIFIED.);
#225=B_SPLINE_CURVE_WITH_KNOTS('',2,(#9921,#9922,#9923),.UNSPECIFIED.,.F.,
 .F.,(3,3),(0.,1.),.UNSPECIFIED.);
#226=B_SPLINE_CURVE_WITH_KNOTS('',2,(#9925,#9926,#9927),.UNSPECIFIED.,.F.,
 .F.,(3,3),(0.,1.),.UNSPECIFIED.);
#227=B_SPLINE_CURVE_WITH_KNOTS('',2,(#9936,#9937,#9938),.UNSPECIFIED.,.F.,
 .F.,(3,3),(0.,1.),.UNSPECIFIED.);
#228=B_SPLINE_CURVE_WITH_KNOTS('',2,(#9940,#9941,#9942),.UNSPECIFIED.,.F.,
 .F.,(3,3),(0.,1.),.UNSPECIFIED.);
#229=B_SPLINE_CURVE_WITH_KNOTS('',2,(#9951,#9952,#9953),.UNSPECIFIED.,.F.,
 .F.,(3,3),(0.,1.),.UNSPECIFIED.);
#230=B_SPLINE_CURVE_WITH_KNOTS('',2,(#9955,#9956,#9957),.UNSPECIFIED.,.F.,
 .F.,(3,3),(0.,1.),.UNSPECIFIED.);
#231=B_SPLINE_CURVE_WITH_KNOTS('',2,(#9966,#9967,#9968),.UNSPECIFIED.,.F.,
 .F.,(3,3),(0.,1.),.UNSPECIFIED.);
#232=B_SPLINE_CURVE_WITH_KNOTS('',2,(#9970,#9971,#9972),.UNSPECIFIED.,.F.,
 .F.,(3,3),(0.,1.),.UNSPECIFIED.);
#233=B_SPLINE_CURVE_WITH_KNOTS('',2,(#9981,#9982,#9983),.UNSPECIFIED.,.F.,
 .F.,(3,3),(0.,1.),.UNSPECIFIED.);
#234=B_SPLINE_CURVE_WITH_KNOTS('',2,(#9985,#9986,#9987),.UNSPECIFIED.,.F.,
 .F.,(3,3),(0.,1.),.UNSPECIFIED.);
#235=B_SPLINE_CURVE_WITH_KNOTS('',2,(#9996,#9997,#9998),.UNSPECIFIED.,.F.,
 .F.,(3,3),(0.,1.),.UNSPECIFIED.);
#236=B_SPLINE_CURVE_WITH_KNOTS('',2,(#10000,#10001,#10002),
 .UNSPECIFIED.,.F.,.F.,(3,3),(0.,1.),.UNSPECIFIED.);
#237=B_SPLINE_CURVE_WITH_KNOTS('',2,(#10010,#10011,#10012),
 .UNSPECIFIED.,.F.,.F.,(3,3),(0.,1.),.UNSPECIFIED.);
#238=B_SPLINE_CURVE_WITH_KNOTS('',2,(#10013,#10014,#10015),
 .UNSPECIFIED.,.F.,.F.,(3,3),(0.,1.),.UNSPECIFIED.);
#239=B_SPLINE_CURVE_WITH_KNOTS('',2,(#10094,#10095,#10096),
 .UNSPECIFIED.,.F.,.F.,(3,3),(0.,1.),.UNSPECIFIED.);
#240=B_SPLINE_CURVE_WITH_KNOTS('',2,(#10100,#10101,#10102),
 .UNSPECIFIED.,.F.,.F.,(3,3),(0.,1.),.UNSPECIFIED.);
#241=B_SPLINE_CURVE_WITH_KNOTS('',2,(#10111,#10112,#10113),
 .UNSPECIFIED.,.F.,.F.,(3,3),(0.,1.),.UNSPECIFIED.);
#242=B_SPLINE_CURVE_WITH_KNOTS('',2,(#10115,#10116,#10117),
 .UNSPECIFIED.,.F.,.F.,(3,3),(0.,1.),.UNSPECIFIED.);
#243=B_SPLINE_CURVE_WITH_KNOTS('',2,(#10126,#10127,#10128),
 .UNSPECIFIED.,.F.,.F.,(3,3),(0.,1.),.UNSPECIFIED.);
#244=B_SPLINE_CURVE_WITH_KNOTS('',2,(#10130,#10131,#10132),
 .UNSPECIFIED.,.F.,.F.,(3,3),(0.,1.),.UNSPECIFIED.);
#245=B_SPLINE_CURVE_WITH_KNOTS('',2,(#10141,#10142,#10143),
 .UNSPECIFIED.,.F.,.F.,(3,3),(0.,1.),.UNSPECIFIED.);
#246=B_SPLINE_CURVE_WITH_KNOTS('',2,(#10145,#10146,#10147),
 .UNSPECIFIED.,.F.,.F.,(3,3),(0.,1.),.UNSPECIFIED.);
#247=B_SPLINE_CURVE_WITH_KNOTS('',2,(#10156,#10157,#10158),
 .UNSPECIFIED.,.F.,.F.,(3,3),(0.,1.),.UNSPECIFIED.);
#248=B_SPLINE_CURVE_WITH_KNOTS('',2,(#10160,#10161,#10162),
 .UNSPECIFIED.,.F.,.F.,(3,3),(0.,1.),.UNSPECIFIED.);
#249=B_SPLINE_CURVE_WITH_KNOTS('',2,(#10171,#10172,#10173),
 .UNSPECIFIED.,.F.,.F.,(3,3),(0.,1.),.UNSPECIFIED.);
#250=B_SPLINE_CURVE_WITH_KNOTS('',2,(#10175,#10176,#10177),
 .UNSPECIFIED.,.F.,.F.,(3,3),(0.,1.),.UNSPECIFIED.);
#251=B_SPLINE_CURVE_WITH_KNOTS('',2,(#10186,#10187,#10188),
 .UNSPECIFIED.,.F.,.F.,(3,3),(0.,1.),.UNSPECIFIED.);
#252=B_SPLINE_CURVE_WITH_KNOTS('',2,(#10190,#10191,#10192),
 .UNSPECIFIED.,.F.,.F.,(3,3),(0.,1.),.UNSPECIFIED.);
#253=B_SPLINE_CURVE_WITH_KNOTS('',2,(#10201,#10202,#10203),
 .UNSPECIFIED.,.F.,.F.,(3,3),(0.,1.),.UNSPECIFIED.);
#254=B_SPLINE_CURVE_WITH_KNOTS('',2,(#10205,#10206,#10207),
 .UNSPECIFIED.,.F.,.F.,(3,3),(0.,1.),.UNSPECIFIED.);
#255=B_SPLINE_CURVE_WITH_KNOTS('',2,(#10216,#10217,#10218),
 .UNSPECIFIED.,.F.,.F.,(3,3),(0.,1.),.UNSPECIFIED.);
#256=B_SPLINE_CURVE_WITH_KNOTS('',2,(#10220,#10221,#10222),
 .UNSPECIFIED.,.F.,.F.,(3,3),(0.,1.),.UNSPECIFIED.);
#257=B_SPLINE_CURVE_WITH_KNOTS('',2,(#10231,#10232,#10233),
 .UNSPECIFIED.,.F.,.F.,(3,3),(0.,1.),.UNSPECIFIED.);
#258=B_SPLINE_CURVE_WITH_KNOTS('',2,(#10235,#10236,#10237),
 .UNSPECIFIED.,.F.,.F.,(3,3),(0.,1.),.UNSPECIFIED.);
#259=B_SPLINE_CURVE_WITH_KNOTS('',2,(#10246,#10247,#10248),
 .UNSPECIFIED.,.F.,.F.,(3,3),(0.,1.),.UNSPECIFIED.);
#260=B_SPLINE_CURVE_WITH_KNOTS('',2,(#10250,#10251,#10252),
 .UNSPECIFIED.,.F.,.F.,(3,3),(0.,1.),.UNSPECIFIED.);
#261=B_SPLINE_CURVE_WITH_KNOTS('',2,(#10267,#10268,#10269),
 .UNSPECIFIED.,.F.,.F.,(3,3),(0.,1.),.UNSPECIFIED.);
#262=B_SPLINE_CURVE_WITH_KNOTS('',2,(#10271,#10272,#10273),
 .UNSPECIFIED.,.F.,.F.,(3,3),(0.,1.),.UNSPECIFIED.);
#263=B_SPLINE_CURVE_WITH_KNOTS('',2,(#10282,#10283,#10284),
 .UNSPECIFIED.,.F.,.F.,(3,3),(0.,1.),.UNSPECIFIED.);
#264=B_SPLINE_CURVE_WITH_KNOTS('',2,(#10286,#10287,#10288),
 .UNSPECIFIED.,.F.,.F.,(3,3),(0.,1.),.UNSPECIFIED.);
#265=B_SPLINE_CURVE_WITH_KNOTS('',2,(#10297,#10298,#10299),
 .UNSPECIFIED.,.F.,.F.,(3,3),(0.,1.),.UNSPECIFIED.);
#266=B_SPLINE_CURVE_WITH_KNOTS('',2,(#10301,#10302,#10303),
 .UNSPECIFIED.,.F.,.F.,(3,3),(0.,1.),.UNSPECIFIED.);
#267=B_SPLINE_CURVE_WITH_KNOTS('',2,(#10312,#10313,#10314),
 .UNSPECIFIED.,.F.,.F.,(3,3),(0.,1.),.UNSPECIFIED.);
#268=B_SPLINE_CURVE_WITH_KNOTS('',2,(#10316,#10317,#10318),
 .UNSPECIFIED.,.F.,.F.,(3,3),(0.,1.),.UNSPECIFIED.);
#269=B_SPLINE_CURVE_WITH_KNOTS('',2,(#10327,#10328,#10329),
 .UNSPECIFIED.,.F.,.F.,(3,3),(0.,1.),.UNSPECIFIED.);
#270=B_SPLINE_CURVE_WITH_KNOTS('',2,(#10331,#10332,#10333),
 .UNSPECIFIED.,.F.,.F.,(3,3),(0.,1.),.UNSPECIFIED.);
#271=B_SPLINE_CURVE_WITH_KNOTS('',2,(#10342,#10343,#10344),
 .UNSPECIFIED.,.F.,.F.,(3,3),(0.,1.),.UNSPECIFIED.);
#272=B_SPLINE_CURVE_WITH_KNOTS('',2,(#10346,#10347,#10348),
 .UNSPECIFIED.,.F.,.F.,(3,3),(0.,1.),.UNSPECIFIED.);
#273=B_SPLINE_CURVE_WITH_KNOTS('',2,(#10357,#10358,#10359),
 .UNSPECIFIED.,.F.,.F.,(3,3),(0.,1.),.UNSPECIFIED.);
#274=B_SPLINE_CURVE_WITH_KNOTS('',2,(#10361,#10362,#10363),
 .UNSPECIFIED.,.F.,.F.,(3,3),(0.,1.),.UNSPECIFIED.);
#275=B_SPLINE_CURVE_WITH_KNOTS('',2,(#10372,#10373,#10374),
 .UNSPECIFIED.,.F.,.F.,(3,3),(0.,1.),.UNSPECIFIED.);
#276=B_SPLINE_CURVE_WITH_KNOTS('',2,(#10376,#10377,#10378),
 .UNSPECIFIED.,.F.,.F.,(3,3),(0.,1.),.UNSPECIFIED.);
#277=B_SPLINE_CURVE_WITH_KNOTS('',2,(#10387,#10388,#10389),
 .UNSPECIFIED.,.F.,.F.,(3,3),(0.,1.),.UNSPECIFIED.);
#278=B_SPLINE_CURVE_WITH_KNOTS('',2,(#10391,#10392,#10393),
 .UNSPECIFIED.,.F.,.F.,(3,3),(0.,1.),.UNSPECIFIED.);
#279=B_SPLINE_CURVE_WITH_KNOTS('',2,(#10402,#10403,#10404),
 .UNSPECIFIED.,.F.,.F.,(3,3),(0.,1.),.UNSPECIFIED.);
#280=B_SPLINE_CURVE_WITH_KNOTS('',2,(#10406,#10407,#10408),
 .UNSPECIFIED.,.F.,.F.,(3,3),(0.,1.),.UNSPECIFIED.);
#281=B_SPLINE_CURVE_WITH_KNOTS('',2,(#10417,#10418,#10419),
 .UNSPECIFIED.,.F.,.F.,(3,3),(0.,1.),.UNSPECIFIED.);
#282=B_SPLINE_CURVE_WITH_KNOTS('',2,(#10421,#10422,#10423),
 .UNSPECIFIED.,.F.,.F.,(3,3),(0.,1.),.UNSPECIFIED.);
#283=B_SPLINE_CURVE_WITH_KNOTS('',2,(#10432,#10433,#10434),
 .UNSPECIFIED.,.F.,.F.,(3,3),(0.,1.),.UNSPECIFIED.);
#284=B_SPLINE_CURVE_WITH_KNOTS('',2,(#10436,#10437,#10438),
 .UNSPECIFIED.,.F.,.F.,(3,3),(0.,1.),.UNSPECIFIED.);
#285=B_SPLINE_CURVE_WITH_KNOTS('',2,(#10447,#10448,#10449),
 .UNSPECIFIED.,.F.,.F.,(3,3),(0.,1.),.UNSPECIFIED.);
#286=B_SPLINE_CURVE_WITH_KNOTS('',2,(#10451,#10452,#10453),
 .UNSPECIFIED.,.F.,.F.,(3,3),(0.,1.),.UNSPECIFIED.);
#287=B_SPLINE_CURVE_WITH_KNOTS('',2,(#10462,#10463,#10464),
 .UNSPECIFIED.,.F.,.F.,(3,3),(0.,1.),.UNSPECIFIED.);
#288=B_SPLINE_CURVE_WITH_KNOTS('',2,(#10466,#10467,#10468),
 .UNSPECIFIED.,.F.,.F.,(3,3),(0.,1.),.UNSPECIFIED.);
#289=B_SPLINE_CURVE_WITH_KNOTS('',2,(#10477,#10478,#10479),
 .UNSPECIFIED.,.F.,.F.,(3,3),(0.,1.),.UNSPECIFIED.);
#290=B_SPLINE_CURVE_WITH_KNOTS('',2,(#10481,#10482,#10483),
 .UNSPECIFIED.,.F.,.F.,(3,3),(0.,1.),.UNSPECIFIED.);
#291=B_SPLINE_CURVE_WITH_KNOTS('',2,(#10492,#10493,#10494),
 .UNSPECIFIED.,.F.,.F.,(3,3),(0.,1.),.UNSPECIFIED.);
#292=B_SPLINE_CURVE_WITH_KNOTS('',2,(#10496,#10497,#10498),
 .UNSPECIFIED.,.F.,.F.,(3,3),(0.,1.),.UNSPECIFIED.);
#293=B_SPLINE_CURVE_WITH_KNOTS('',2,(#10513,#10514,#10515),
 .UNSPECIFIED.,.F.,.F.,(3,3),(0.,1.),.UNSPECIFIED.);
#294=B_SPLINE_CURVE_WITH_KNOTS('',2,(#10517,#10518,#10519),
 .UNSPECIFIED.,.F.,.F.,(3,3),(0.,1.),.UNSPECIFIED.);
#295=B_SPLINE_CURVE_WITH_KNOTS('',2,(#10528,#10529,#10530),
 .UNSPECIFIED.,.F.,.F.,(3,3),(0.,1.),.UNSPECIFIED.);
#296=B_SPLINE_CURVE_WITH_KNOTS('',2,(#10532,#10533,#10534),
 .UNSPECIFIED.,.F.,.F.,(3,3),(0.,1.),.UNSPECIFIED.);
#297=B_SPLINE_CURVE_WITH_KNOTS('',2,(#10543,#10544,#10545),
 .UNSPECIFIED.,.F.,.F.,(3,3),(0.,1.),.UNSPECIFIED.);
#298=B_SPLINE_CURVE_WITH_KNOTS('',2,(#10547,#10548,#10549),
 .UNSPECIFIED.,.F.,.F.,(3,3),(0.,1.),.UNSPECIFIED.);
#299=B_SPLINE_CURVE_WITH_KNOTS('',2,(#10558,#10559,#10560),
 .UNSPECIFIED.,.F.,.F.,(3,3),(0.,1.),.UNSPECIFIED.);
#300=B_SPLINE_CURVE_WITH_KNOTS('',2,(#10562,#10563,#10564),
 .UNSPECIFIED.,.F.,.F.,(3,3),(0.,1.),.UNSPECIFIED.);
#301=B_SPLINE_CURVE_WITH_KNOTS('',2,(#10572,#10573,#10574),
 .UNSPECIFIED.,.F.,.F.,(3,3),(0.,1.),.UNSPECIFIED.);
#302=B_SPLINE_CURVE_WITH_KNOTS('',2,(#10575,#10576,#10577),
 .UNSPECIFIED.,.F.,.F.,(3,3),(0.,1.),.UNSPECIFIED.);
#303=B_SPLINE_SURFACE_WITH_KNOTS('',3,3,((#7362,#7363,#7364,#7365,#7366,
#7367,#7368),(#7369,#7370,#7371,#7372,#7373,#7374,#7375),(#7376,#7377,#7378,
#7379,#7380,#7381,#7382),(#7383,#7384,#7385,#7386,#7387,#7388,#7389)),
 .UNSPECIFIED.,.F.,.F.,.F.,(4,4),(4,1,2,4),(0.,1.),(-0.440533657665413,
-0.276269034419968,-0.0298720995518,8.11850586757146E-16),.UNSPECIFIED.);
#304=B_SPLINE_SURFACE_WITH_KNOTS('',3,3,((#7410,#7411,#7412,#7413),(#7414,
#7415,#7416,#7417),(#7418,#7419,#7420,#7421),(#7422,#7423,#7424,#7425)),
 .UNSPECIFIED.,.F.,.F.,.F.,(4,4),(4,4),(0.,1.),(-0.580527079938848,-0.0499657154559946),
 .UNSPECIFIED.);
#305=B_SPLINE_SURFACE_WITH_KNOTS('',3,3,((#7440,#7441,#7442,#7443),(#7444,
#7445,#7446,#7447),(#7448,#7449,#7450,#7451),(#7452,#7453,#7454,#7455)),
 .UNSPECIFIED.,.F.,.F.,.F.,(4,4),(4,4),(0.,1.),(-0.256513917651267,-0.0504517446196834),
 .UNSPECIFIED.);
#306=B_SPLINE_SURFACE_WITH_KNOTS('',3,3,((#7470,#7471,#7472,#7473),(#7474,
#7475,#7476,#7477),(#7478,#7479,#7480,#7481),(#7482,#7483,#7484,#7485)),
 .UNSPECIFIED.,.F.,.F.,.F.,(4,4),(4,4),(0.,1.),(-0.257215956263234,-0.256513917651267),
 .UNSPECIFIED.);
#307=B_SPLINE_SURFACE_WITH_KNOTS('',3,3,((#7503,#7504,#7505,#7506),(#7507,
#7508,#7509,#7510),(#7511,#7512,#7513,#7514),(#7515,#7516,#7517,#7518)),
 .UNSPECIFIED.,.F.,.F.,.F.,(4,4),(4,4),(0.,1.),(-0.0504517446196845,2.14269833647359E-16),
 .UNSPECIFIED.);
#308=B_SPLINE_SURFACE_WITH_KNOTS('',3,3,((#7527,#7528,#7529,#7530,#7531,
#7532,#7533,#7534,#7535,#7536),(#7537,#7538,#7539,#7540,#7541,#7542,#7543,
#7544,#7545,#7546),(#7547,#7548,#7549,#7550,#7551,#7552,#7553,#7554,#7555,
#7556),(#7557,#7558,#7559,#7560,#7561,#7562,#7563,#7564,#7565,#7566)),
 .UNSPECIFIED.,.F.,.F.,.F.,(4,4),(4,2,2,2,4),(0.,1.),(-0.953633027107287,
-0.941384675352032,-0.851042388007222,-0.794645630566302,-0.747718054893073),
 .UNSPECIFIED.);
#309=B_SPLINE_SURFACE_WITH_KNOTS('',3,3,((#7593,#7594,#7595,#7596),(#7597,
#7598,#7599,#7600),(#7601,#7602,#7603,#7604),(#7605,#7606,#7607,#7608)),
 .UNSPECIFIED.,.F.,.F.,.F.,(4,4),(4,4),(0.,1.),(-1.0040216591665,-0.953633027107234),
 .UNSPECIFIED.);
#310=B_SPLINE_SURFACE_WITH_KNOTS('',3,3,((#7617,#7618,#7619,#7620),(#7621,
#7622,#7623,#7624),(#7625,#7626,#7627,#7628),(#7629,#7630,#7631,#7632)),
 .UNSPECIFIED.,.F.,.F.,.F.,(4,4),(4,4),(0.,1.),(-0.583224501117794,-0.052594077687496),
 .UNSPECIFIED.);
#311=B_SPLINE_SURFACE_WITH_KNOTS('',3,3,((#7647,#7648,#7649,#7650),(#7651,
#7652,#7653,#7654),(#7655,#7656,#7657,#7658),(#7659,#7660,#7661,#7662)),
 .UNSPECIFIED.,.F.,.F.,.F.,(4,4),(4,4),(0.,1.),(-0.747718054893073,-0.747015998957075),
 .UNSPECIFIED.);
#312=B_SPLINE_SURFACE_WITH_KNOTS('',3,3,((#7671,#7672,#7673,#7674,#7675,
#7676),(#7677,#7678,#7679,#7680,#7681,#7682),(#7683,#7684,#7685,#7686,#7687,
#7688),(#7689,#7690,#7691,#7692,#7693,#7694)),.UNSPECIFIED.,.F.,.F.,.F.,
(4,4),(4,1,1,4),(0.,1.),(-0.747285196901315,-0.440111598832315,-0.235329200119648,
-0.0305468014069811),.UNSPECIFIED.);
#313=B_SPLINE_SURFACE_WITH_KNOTS('',3,3,((#7710,#7711,#7712,#7713),(#7714,
#7715,#7716,#7717),(#7718,#7719,#7720,#7721),(#7722,#7723,#7724,#7725)),
 .UNSPECIFIED.,.F.,.F.,.F.,(4,4),(4,4),(0.,1.),(-0.0525940776874964,-0.0499963729525739),
 .UNSPECIFIED.);
#314=B_SPLINE_SURFACE_WITH_KNOTS('',3,3,((#7734,#7735,#7736,#7737),(#7738,
#7739,#7740,#7741),(#7742,#7743,#7744,#7745),(#7746,#7747,#7748,#7749)),
 .UNSPECIFIED.,.F.,.F.,.F.,(4,4),(4,4),(0.,1.),(-0.583124446595631,-0.580527079938849),
 .UNSPECIFIED.);
#315=B_SPLINE_SURFACE_WITH_KNOTS('',3,1,((#7877,#7878),(#7879,#7880),(#7881,
#7882),(#7883,#7884),(#7885,#7886),(#7887,#7888),(#7889,#7890),(#7891,#7892),
(#7893,#7894),(#7895,#7896)),.UNSPECIFIED.,.F.,.F.,.F.,(4,3,3,4),(2,2),
(0.,0.216963275165996,0.556139125965948,1.),(0.,0.25),.UNSPECIFIED.);
#316=B_SPLINE_SURFACE_WITH_KNOTS('',3,1,((#7940,#7941),(#7942,#7943),(#7944,
#7945),(#7946,#7947),(#7948,#7949),(#7950,#7951),(#7952,#7953),(#7954,#7955),
(#7956,#7957),(#7958,#7959)),.UNSPECIFIED.,.F.,.F.,.F.,(4,3,3,4),(2,2),
(-1.,-0.621458731640996,-0.246494412312721,0.),(0.,0.25),.UNSPECIFIED.);
#317=B_SPLINE_SURFACE_WITH_KNOTS('',3,1,((#7988,#7989),(#7990,#7991),(#7992,
#7993),(#7994,#7995),(#7996,#7997),(#7998,#7999),(#8000,#8001),(#8002,#8003),
(#8004,#8005),(#8006,#8007)),.UNSPECIFIED.,.F.,.F.,.F.,(4,3,3,4),(2,2),
(0.,0.246494412312627,0.621458731640761,1.),(0.,0.25),.UNSPECIFIED.);
#318=B_SPLINE_SURFACE_WITH_KNOTS('',3,1,((#8070,#8071),(#8072,#8073),(#8074,
#8075),(#8076,#8077),(#8078,#8079),(#8080,#8081),(#8082,#8083),(#8084,#8085),
(#8086,#8087),(#8088,#8089)),.UNSPECIFIED.,.F.,.F.,.F.,(4,3,3,4),(2,2),
(-1.,-0.556139125965549,-0.216963275165838,0.),(0.,0.25),.UNSPECIFIED.);
#319=B_SPLINE_SURFACE_WITH_KNOTS('',3,1,((#8138,#8139),(#8140,#8141),(#8142,
#8143),(#8144,#8145),(#8146,#8147),(#8148,#8149),(#8150,#8151),(#8152,#8153),
(#8154,#8155),(#8156,#8157)),.UNSPECIFIED.,.F.,.F.,.F.,(4,3,3,4),(2,2),
(0.,0.216963275165996,0.556139125965948,1.),(0.,0.25),.UNSPECIFIED.);
#320=B_SPLINE_SURFACE_WITH_KNOTS('',3,1,((#8183,#8184),(#8185,#8186),(#8187,
#8188),(#8189,#8190),(#8191,#8192),(#8193,#8194),(#8195,#8196),(#8197,#8198),
(#8199,#8200),(#8201,#8202)),.UNSPECIFIED.,.F.,.F.,.F.,(4,3,3,4),(2,2),
(-1.,-0.621458731640996,-0.246494412312721,0.),(0.,0.25),.UNSPECIFIED.);
#321=B_SPLINE_SURFACE_WITH_KNOTS('',3,1,((#8909,#8910),(#8911,#8912),(#8913,
#8914),(#8915,#8916),(#8917,#8918),(#8919,#8920),(#8921,#8922),(#8923,#8924)),
 .UNSPECIFIED.,.F.,.F.,.F.,(4,2,2,4),(2,2),(-1.97045576941982,-0.978595958839461,
-0.333589212956928,0.),(0.,0.530897205537391),.UNSPECIFIED.);
#322=B_SPLINE_SURFACE_WITH_KNOTS('',3,1,((#8940,#8941),(#8942,#8943),(#8944,
#8945),(#8946,#8947),(#8948,#8949),(#8950,#8951)),.UNSPECIFIED.,.F.,.F.,
 .F.,(4,2,4),(2,2),(-7.94277054785111,-4.34466580419364,0.),(0.,0.53157034697485),
 .UNSPECIFIED.);
#323=B_SPLINE_SURFACE_WITH_KNOTS('',2,1,((#8984,#8985),(#8986,#8987),(#8988,
#8989)),.UNSPECIFIED.,.F.,.F.,.F.,(3,3),(2,2),(0.,1.),(0.,0.0600000000000001),
 .UNSPECIFIED.);
#324=B_SPLINE_SURFACE_WITH_KNOTS('',2,1,((#8999,#9000),(#9001,#9002),(#9003,
#9004)),.UNSPECIFIED.,.F.,.F.,.F.,(3,3),(2,2),(0.,1.),(0.,0.0600000000000001),
 .UNSPECIFIED.);
#325=B_SPLINE_SURFACE_WITH_KNOTS('',2,1,((#9014,#9015),(#9016,#9017),(#9018,
#9019)),.UNSPECIFIED.,.F.,.F.,.F.,(3,3),(2,2),(0.,1.),(0.,0.0600000000000001),
 .UNSPECIFIED.);
#326=B_SPLINE_SURFACE_WITH_KNOTS('',2,1,((#9029,#9030),(#9031,#9032),(#9033,
#9034)),.UNSPECIFIED.,.F.,.F.,.F.,(3,3),(2,2),(0.,1.),(0.,0.0600000000000001),
 .UNSPECIFIED.);
#327=B_SPLINE_SURFACE_WITH_KNOTS('',2,1,((#9062,#9063),(#9064,#9065),(#9066,
#9067)),.UNSPECIFIED.,.F.,.F.,.F.,(3,3),(2,2),(0.,1.),(0.,0.0600000000000001),
 .UNSPECIFIED.);
#328=B_SPLINE_SURFACE_WITH_KNOTS('',2,1,((#9077,#9078),(#9079,#9080),(#9081,
#9082)),.UNSPECIFIED.,.F.,.F.,.F.,(3,3),(2,2),(0.,1.),(0.,0.0600000000000001),
 .UNSPECIFIED.);
#329=B_SPLINE_SURFACE_WITH_KNOTS('',2,1,((#9092,#9093),(#9094,#9095),(#9096,
#9097)),.UNSPECIFIED.,.F.,.F.,.F.,(3,3),(2,2),(0.,1.),(0.,0.0600000000000001),
 .UNSPECIFIED.);
#330=B_SPLINE_SURFACE_WITH_KNOTS('',2,1,((#9107,#9108),(#9109,#9110),(#9111,
#9112)),.UNSPECIFIED.,.F.,.F.,.F.,(3,3),(2,2),(0.,1.),(0.,0.0600000000000001),
 .UNSPECIFIED.);
#331=B_SPLINE_SURFACE_WITH_KNOTS('',2,1,((#9122,#9123),(#9124,#9125),(#9126,
#9127)),.UNSPECIFIED.,.F.,.F.,.F.,(3,3),(2,2),(0.,1.),(0.,0.0600000000000001),
 .UNSPECIFIED.);
#332=B_SPLINE_SURFACE_WITH_KNOTS('',2,1,((#9136,#9137),(#9138,#9139),(#9140,
#9141)),.UNSPECIFIED.,.F.,.F.,.F.,(3,3),(2,2),(0.,1.),(0.,0.0600000000000001),
 .UNSPECIFIED.);
#333=B_SPLINE_SURFACE_WITH_KNOTS('',2,1,((#9154,#9155),(#9156,#9157),(#9158,
#9159)),.UNSPECIFIED.,.F.,.F.,.F.,(3,3),(2,2),(0.,1.),(0.,0.0600000000000001),
 .UNSPECIFIED.);
#334=B_SPLINE_SURFACE_WITH_KNOTS('',2,1,((#9169,#9170),(#9171,#9172),(#9173,
#9174)),.UNSPECIFIED.,.F.,.F.,.F.,(3,3),(2,2),(0.,1.),(0.,0.0600000000000001),
 .UNSPECIFIED.);
#335=B_SPLINE_SURFACE_WITH_KNOTS('',2,1,((#9184,#9185),(#9186,#9187),(#9188,
#9189)),.UNSPECIFIED.,.F.,.F.,.F.,(3,3),(2,2),(0.,1.),(0.,0.0600000000000001),
 .UNSPECIFIED.);
#336=B_SPLINE_SURFACE_WITH_KNOTS('',2,1,((#9199,#9200),(#9201,#9202),(#9203,
#9204)),.UNSPECIFIED.,.F.,.F.,.F.,(3,3),(2,2),(0.,1.),(0.,0.0600000000000001),
 .UNSPECIFIED.);
#337=B_SPLINE_SURFACE_WITH_KNOTS('',2,1,((#9214,#9215),(#9216,#9217),(#9218,
#9219)),.UNSPECIFIED.,.F.,.F.,.F.,(3,3),(2,2),(0.781396002504431,1.),(0.,
0.0600000000000001),.UNSPECIFIED.);
#338=B_SPLINE_SURFACE_WITH_KNOTS('',2,1,((#9238,#9239),(#9240,#9241),(#9242,
#9243)),.UNSPECIFIED.,.F.,.F.,.F.,(3,3),(2,2),(0.,1.),(0.,0.0600000000000001),
 .UNSPECIFIED.);
#339=B_SPLINE_SURFACE_WITH_KNOTS('',2,1,((#9256,#9257),(#9258,#9259),(#9260,
#9261)),.UNSPECIFIED.,.F.,.F.,.F.,(3,3),(2,2),(0.,1.),(0.,0.0600000000000001),
 .UNSPECIFIED.);
#340=B_SPLINE_SURFACE_WITH_KNOTS('',2,1,((#9271,#9272),(#9273,#9274),(#9275,
#9276)),.UNSPECIFIED.,.F.,.F.,.F.,(3,3),(2,2),(0.,1.),(0.,0.0600000000000001),
 .UNSPECIFIED.);
#341=B_SPLINE_SURFACE_WITH_KNOTS('',2,1,((#9286,#9287),(#9288,#9289),(#9290,
#9291)),.UNSPECIFIED.,.F.,.F.,.F.,(3,3),(2,2),(0.,1.),(0.,0.0600000000000001),
 .UNSPECIFIED.);
#342=B_SPLINE_SURFACE_WITH_KNOTS('',2,1,((#9301,#9302),(#9303,#9304),(#9305,
#9306)),.UNSPECIFIED.,.F.,.F.,.F.,(3,3),(2,2),(0.,1.),(0.,0.0600000000000001),
 .UNSPECIFIED.);
#343=B_SPLINE_SURFACE_WITH_KNOTS('',2,1,((#9316,#9317),(#9318,#9319),(#9320,
#9321)),.UNSPECIFIED.,.F.,.F.,.F.,(3,3),(2,2),(0.810512251487264,1.),(0.,
0.0600000000000001),.UNSPECIFIED.);
#344=B_SPLINE_SURFACE_WITH_KNOTS('',2,1,((#9340,#9341),(#9342,#9343),(#9344,
#9345)),.UNSPECIFIED.,.F.,.F.,.F.,(3,3),(2,2),(0.,1.),(0.,0.0600000000000001),
 .UNSPECIFIED.);
#345=B_SPLINE_SURFACE_WITH_KNOTS('',2,1,((#9364,#9365),(#9366,#9367),(#9368,
#9369)),.UNSPECIFIED.,.F.,.F.,.F.,(3,3),(2,2),(0.,1.),(0.,0.0600000000000001),
 .UNSPECIFIED.);
#346=B_SPLINE_SURFACE_WITH_KNOTS('',2,1,((#9379,#9380),(#9381,#9382),(#9383,
#9384)),.UNSPECIFIED.,.F.,.F.,.F.,(3,3),(2,2),(0.,1.),(0.,0.0600000000000001),
 .UNSPECIFIED.);
#347=B_SPLINE_SURFACE_WITH_KNOTS('',2,1,((#9394,#9395),(#9396,#9397),(#9398,
#9399)),.UNSPECIFIED.,.F.,.F.,.F.,(3,3),(2,2),(0.,1.),(0.,0.0600000000000001),
 .UNSPECIFIED.);
#348=B_SPLINE_SURFACE_WITH_KNOTS('',2,1,((#9409,#9410),(#9411,#9412),(#9413,
#9414)),.UNSPECIFIED.,.F.,.F.,.F.,(3,3),(2,2),(0.,1.),(0.,0.0600000000000001),
 .UNSPECIFIED.);
#349=B_SPLINE_SURFACE_WITH_KNOTS('',2,1,((#9424,#9425),(#9426,#9427),(#9428,
#9429)),.UNSPECIFIED.,.F.,.F.,.F.,(3,3),(2,2),(0.,1.),(0.,0.0600000000000001),
 .UNSPECIFIED.);
#350=B_SPLINE_SURFACE_WITH_KNOTS('',2,1,((#9439,#9440),(#9441,#9442),(#9443,
#9444)),.UNSPECIFIED.,.F.,.F.,.F.,(3,3),(2,2),(0.,1.),(0.,0.0600000000000001),
 .UNSPECIFIED.);
#351=B_SPLINE_SURFACE_WITH_KNOTS('',2,1,((#9460,#9461),(#9462,#9463),(#9464,
#9465)),.UNSPECIFIED.,.F.,.F.,.F.,(3,3),(2,2),(0.,1.),(0.,0.0600000000000001),
 .UNSPECIFIED.);
#352=B_SPLINE_SURFACE_WITH_KNOTS('',2,1,((#9475,#9476),(#9477,#9478),(#9479,
#9480)),.UNSPECIFIED.,.F.,.F.,.F.,(3,3),(2,2),(0.,1.),(0.,0.0600000000000001),
 .UNSPECIFIED.);
#353=B_SPLINE_SURFACE_WITH_KNOTS('',2,1,((#9490,#9491),(#9492,#9493),(#9494,
#9495)),.UNSPECIFIED.,.F.,.F.,.F.,(3,3),(2,2),(0.,1.),(0.,0.0600000000000001),
 .UNSPECIFIED.);
#354=B_SPLINE_SURFACE_WITH_KNOTS('',2,1,((#9505,#9506),(#9507,#9508),(#9509,
#9510)),.UNSPECIFIED.,.F.,.F.,.F.,(3,3),(2,2),(0.,1.),(0.,0.0600000000000001),
 .UNSPECIFIED.);
#355=B_SPLINE_SURFACE_WITH_KNOTS('',2,1,((#9520,#9521),(#9522,#9523),(#9524,
#9525)),.UNSPECIFIED.,.F.,.F.,.F.,(3,3),(2,2),(0.,1.),(0.,0.0600000000000001),
 .UNSPECIFIED.);
#356=B_SPLINE_SURFACE_WITH_KNOTS('',2,1,((#9534,#9535),(#9536,#9537),(#9538,
#9539)),.UNSPECIFIED.,.F.,.F.,.F.,(3,3),(2,2),(0.,1.),(0.,0.0600000000000001),
 .UNSPECIFIED.);
#357=B_SPLINE_SURFACE_WITH_KNOTS('',2,1,((#9552,#9553),(#9554,#9555),(#9556,
#9557)),.UNSPECIFIED.,.F.,.F.,.F.,(3,3),(2,2),(0.,1.),(0.,0.0600000000000001),
 .UNSPECIFIED.);
#358=B_SPLINE_SURFACE_WITH_KNOTS('',2,1,((#9567,#9568),(#9569,#9570),(#9571,
#9572)),.UNSPECIFIED.,.F.,.F.,.F.,(3,3),(2,2),(0.,1.),(0.,0.0600000000000001),
 .UNSPECIFIED.);
#359=B_SPLINE_SURFACE_WITH_KNOTS('',2,1,((#9582,#9583),(#9584,#9585),(#9586,
#9587)),.UNSPECIFIED.,.F.,.F.,.F.,(3,3),(2,2),(0.,1.),(0.,0.0600000000000001),
 .UNSPECIFIED.);
#360=B_SPLINE_SURFACE_WITH_KNOTS('',2,1,((#9597,#9598),(#9599,#9600),(#9601,
#9602)),.UNSPECIFIED.,.F.,.F.,.F.,(3,3),(2,2),(0.,1.),(0.,0.0600000000000001),
 .UNSPECIFIED.);
#361=B_SPLINE_SURFACE_WITH_KNOTS('',2,1,((#9612,#9613),(#9614,#9615),(#9616,
#9617)),.UNSPECIFIED.,.F.,.F.,.F.,(3,3),(2,2),(0.,1.),(0.,0.0600000000000001),
 .UNSPECIFIED.);
#362=B_SPLINE_SURFACE_WITH_KNOTS('',2,1,((#9627,#9628),(#9629,#9630),(#9631,
#9632)),.UNSPECIFIED.,.F.,.F.,.F.,(3,3),(2,2),(0.,1.),(0.,0.0600000000000001),
 .UNSPECIFIED.);
#363=B_SPLINE_SURFACE_WITH_KNOTS('',2,1,((#9642,#9643),(#9644,#9645),(#9646,
#9647)),.UNSPECIFIED.,.F.,.F.,.F.,(3,3),(2,2),(0.,1.),(0.,0.0600000000000001),
 .UNSPECIFIED.);
#364=B_SPLINE_SURFACE_WITH_KNOTS('',2,1,((#9657,#9658),(#9659,#9660),(#9661,
#9662)),.UNSPECIFIED.,.F.,.F.,.F.,(3,3),(2,2),(0.,1.),(0.,0.0600000000000001),
 .UNSPECIFIED.);
#365=B_SPLINE_SURFACE_WITH_KNOTS('',2,1,((#9672,#9673),(#9674,#9675),(#9676,
#9677)),.UNSPECIFIED.,.F.,.F.,.F.,(3,3),(2,2),(0.,1.),(0.,0.0600000000000001),
 .UNSPECIFIED.);
#366=B_SPLINE_SURFACE_WITH_KNOTS('',2,1,((#9687,#9688),(#9689,#9690),(#9691,
#9692)),.UNSPECIFIED.,.F.,.F.,.F.,(3,3),(2,2),(0.,1.),(0.,0.0600000000000001),
 .UNSPECIFIED.);
#367=B_SPLINE_SURFACE_WITH_KNOTS('',2,1,((#9702,#9703),(#9704,#9705),(#9706,
#9707)),.UNSPECIFIED.,.F.,.F.,.F.,(3,3),(2,2),(0.,1.),(0.,0.0600000000000001),
 .UNSPECIFIED.);
#368=B_SPLINE_SURFACE_WITH_KNOTS('',2,1,((#9714,#9715),(#9716,#9717),(#9718,
#9719)),.UNSPECIFIED.,.F.,.F.,.F.,(3,3),(2,2),(0.,1.),(0.,0.0600000000000001),
 .UNSPECIFIED.);
#369=B_SPLINE_SURFACE_WITH_KNOTS('',2,1,((#9732,#9733),(#9734,#9735),(#9736,
#9737)),.UNSPECIFIED.,.F.,.F.,.F.,(3,3),(2,2),(0.,1.),(0.,0.0600000000000001),
 .UNSPECIFIED.);
#370=B_SPLINE_SURFACE_WITH_KNOTS('',2,1,((#9747,#9748),(#9749,#9750),(#9751,
#9752)),.UNSPECIFIED.,.F.,.F.,.F.,(3,3),(2,2),(0.,1.),(0.,0.0600000000000001),
 .UNSPECIFIED.);
#371=B_SPLINE_SURFACE_WITH_KNOTS('',2,1,((#9762,#9763),(#9764,#9765),(#9766,
#9767)),.UNSPECIFIED.,.F.,.F.,.F.,(3,3),(2,2),(0.,1.),(0.,0.0600000000000001),
 .UNSPECIFIED.);
#372=B_SPLINE_SURFACE_WITH_KNOTS('',2,1,((#9777,#9778),(#9779,#9780),(#9781,
#9782)),.UNSPECIFIED.,.F.,.F.,.F.,(3,3),(2,2),(0.,1.),(0.,0.0600000000000001),
 .UNSPECIFIED.);
#373=B_SPLINE_SURFACE_WITH_KNOTS('',2,1,((#9792,#9793),(#9794,#9795),(#9796,
#9797)),.UNSPECIFIED.,.F.,.F.,.F.,(3,3),(2,2),(0.,1.),(0.,0.0600000000000001),
 .UNSPECIFIED.);
#374=B_SPLINE_SURFACE_WITH_KNOTS('',2,1,((#9807,#9808),(#9809,#9810),(#9811,
#9812)),.UNSPECIFIED.,.F.,.F.,.F.,(3,3),(2,2),(0.,1.),(0.,0.0600000000000001),
 .UNSPECIFIED.);
#375=B_SPLINE_SURFACE_WITH_KNOTS('',2,1,((#9822,#9823),(#9824,#9825),(#9826,
#9827)),.UNSPECIFIED.,.F.,.F.,.F.,(3,3),(2,2),(0.,1.),(0.,0.0600000000000001),
 .UNSPECIFIED.);
#376=B_SPLINE_SURFACE_WITH_KNOTS('',2,1,((#9837,#9838),(#9839,#9840),(#9841,
#9842)),.UNSPECIFIED.,.F.,.F.,.F.,(3,3),(2,2),(0.,1.),(0.,0.0600000000000001),
 .UNSPECIFIED.);
#377=B_SPLINE_SURFACE_WITH_KNOTS('',2,1,((#9852,#9853),(#9854,#9855),(#9856,
#9857)),.UNSPECIFIED.,.F.,.F.,.F.,(3,3),(2,2),(0.,1.),(0.,0.0600000000000001),
 .UNSPECIFIED.);
#378=B_SPLINE_SURFACE_WITH_KNOTS('',2,1,((#9867,#9868),(#9869,#9870),(#9871,
#9872)),.UNSPECIFIED.,.F.,.F.,.F.,(3,3),(2,2),(0.,1.),(0.,0.0600000000000001),
 .UNSPECIFIED.);
#379=B_SPLINE_SURFACE_WITH_KNOTS('',2,1,((#9882,#9883),(#9884,#9885),(#9886,
#9887)),.UNSPECIFIED.,.F.,.F.,.F.,(3,3),(2,2),(0.,1.),(0.,0.0600000000000001),
 .UNSPECIFIED.);
#380=B_SPLINE_SURFACE_WITH_KNOTS('',2,1,((#9896,#9897),(#9898,#9899),(#9900,
#9901)),.UNSPECIFIED.,.F.,.F.,.F.,(3,3),(2,2),(0.,1.),(0.,0.0600000000000001),
 .UNSPECIFIED.);
#381=B_SPLINE_SURFACE_WITH_KNOTS('',2,1,((#9914,#9915),(#9916,#9917),(#9918,
#9919)),.UNSPECIFIED.,.F.,.F.,.F.,(3,3),(2,2),(0.,1.),(0.,0.0600000000000001),
 .UNSPECIFIED.);
#382=B_SPLINE_SURFACE_WITH_KNOTS('',2,1,((#9929,#9930),(#9931,#9932),(#9933,
#9934)),.UNSPECIFIED.,.F.,.F.,.F.,(3,3),(2,2),(0.,1.),(0.,0.0600000000000001),
 .UNSPECIFIED.);
#383=B_SPLINE_SURFACE_WITH_KNOTS('',2,1,((#9944,#9945),(#9946,#9947),(#9948,
#9949)),.UNSPECIFIED.,.F.,.F.,.F.,(3,3),(2,2),(0.,1.),(0.,0.0600000000000001),
 .UNSPECIFIED.);
#384=B_SPLINE_SURFACE_WITH_KNOTS('',2,1,((#9959,#9960),(#9961,#9962),(#9963,
#9964)),.UNSPECIFIED.,.F.,.F.,.F.,(3,3),(2,2),(0.,1.),(0.,0.0600000000000001),
 .UNSPECIFIED.);
#385=B_SPLINE_SURFACE_WITH_KNOTS('',2,1,((#9974,#9975),(#9976,#9977),(#9978,
#9979)),.UNSPECIFIED.,.F.,.F.,.F.,(3,3),(2,2),(0.,1.),(0.,0.0600000000000001),
 .UNSPECIFIED.);
#386=B_SPLINE_SURFACE_WITH_KNOTS('',2,1,((#9989,#9990),(#9991,#9992),(#9993,
#9994)),.UNSPECIFIED.,.F.,.F.,.F.,(3,3),(2,2),(0.,1.),(0.,0.0600000000000001),
 .UNSPECIFIED.);
#387=B_SPLINE_SURFACE_WITH_KNOTS('',2,1,((#10004,#10005),(#10006,#10007),
(#10008,#10009)),.UNSPECIFIED.,.F.,.F.,.F.,(3,3),(2,2),(0.,1.),(0.,0.0600000000000001),
 .UNSPECIFIED.);
#388=B_SPLINE_SURFACE_WITH_KNOTS('',2,1,((#10086,#10087),(#10088,#10089),
(#10090,#10091)),.UNSPECIFIED.,.F.,.F.,.F.,(3,3),(2,2),(0.,1.),(0.,0.0600000000000001),
 .UNSPECIFIED.);
#389=B_SPLINE_SURFACE_WITH_KNOTS('',2,1,((#10104,#10105),(#10106,#10107),
(#10108,#10109)),.UNSPECIFIED.,.F.,.F.,.F.,(3,3),(2,2),(0.,1.),(0.,0.0600000000000001),
 .UNSPECIFIED.);
#390=B_SPLINE_SURFACE_WITH_KNOTS('',2,1,((#10119,#10120),(#10121,#10122),
(#10123,#10124)),.UNSPECIFIED.,.F.,.F.,.F.,(3,3),(2,2),(0.,1.),(0.,0.0600000000000001),
 .UNSPECIFIED.);
#391=B_SPLINE_SURFACE_WITH_KNOTS('',2,1,((#10134,#10135),(#10136,#10137),
(#10138,#10139)),.UNSPECIFIED.,.F.,.F.,.F.,(3,3),(2,2),(0.,1.),(0.,0.0600000000000001),
 .UNSPECIFIED.);
#392=B_SPLINE_SURFACE_WITH_KNOTS('',2,1,((#10149,#10150),(#10151,#10152),
(#10153,#10154)),.UNSPECIFIED.,.F.,.F.,.F.,(3,3),(2,2),(0.,1.),(0.,0.0600000000000001),
 .UNSPECIFIED.);
#393=B_SPLINE_SURFACE_WITH_KNOTS('',2,1,((#10164,#10165),(#10166,#10167),
(#10168,#10169)),.UNSPECIFIED.,.F.,.F.,.F.,(3,3),(2,2),(0.,1.),(0.,0.0600000000000001),
 .UNSPECIFIED.);
#394=B_SPLINE_SURFACE_WITH_KNOTS('',2,1,((#10179,#10180),(#10181,#10182),
(#10183,#10184)),.UNSPECIFIED.,.F.,.F.,.F.,(3,3),(2,2),(0.,1.),(0.,0.0600000000000001),
 .UNSPECIFIED.);
#395=B_SPLINE_SURFACE_WITH_KNOTS('',2,1,((#10194,#10195),(#10196,#10197),
(#10198,#10199)),.UNSPECIFIED.,.F.,.F.,.F.,(3,3),(2,2),(0.,1.),(0.,0.0600000000000001),
 .UNSPECIFIED.);
#396=B_SPLINE_SURFACE_WITH_KNOTS('',2,1,((#10209,#10210),(#10211,#10212),
(#10213,#10214)),.UNSPECIFIED.,.F.,.F.,.F.,(3,3),(2,2),(0.,1.),(0.,0.0600000000000001),
 .UNSPECIFIED.);
#397=B_SPLINE_SURFACE_WITH_KNOTS('',2,1,((#10224,#10225),(#10226,#10227),
(#10228,#10229)),.UNSPECIFIED.,.F.,.F.,.F.,(3,3),(2,2),(0.,1.),(0.,0.0600000000000001),
 .UNSPECIFIED.);
#398=B_SPLINE_SURFACE_WITH_KNOTS('',2,1,((#10239,#10240),(#10241,#10242),
(#10243,#10244)),.UNSPECIFIED.,.F.,.F.,.F.,(3,3),(2,2),(0.,1.),(0.,0.0600000000000001),
 .UNSPECIFIED.);
#399=B_SPLINE_SURFACE_WITH_KNOTS('',2,1,((#10260,#10261),(#10262,#10263),
(#10264,#10265)),.UNSPECIFIED.,.F.,.F.,.F.,(3,3),(2,2),(0.,1.),(0.,0.0600000000000001),
 .UNSPECIFIED.);
#400=B_SPLINE_SURFACE_WITH_KNOTS('',2,1,((#10275,#10276),(#10277,#10278),
(#10279,#10280)),.UNSPECIFIED.,.F.,.F.,.F.,(3,3),(2,2),(0.,1.),(0.,0.0600000000000001),
 .UNSPECIFIED.);
#401=B_SPLINE_SURFACE_WITH_KNOTS('',2,1,((#10290,#10291),(#10292,#10293),
(#10294,#10295)),.UNSPECIFIED.,.F.,.F.,.F.,(3,3),(2,2),(0.,1.),(0.,0.0600000000000001),
 .UNSPECIFIED.);
#402=B_SPLINE_SURFACE_WITH_KNOTS('',2,1,((#10305,#10306),(#10307,#10308),
(#10309,#10310)),.UNSPECIFIED.,.F.,.F.,.F.,(3,3),(2,2),(0.,1.),(0.,0.0600000000000001),
 .UNSPECIFIED.);
#403=B_SPLINE_SURFACE_WITH_KNOTS('',2,1,((#10320,#10321),(#10322,#10323),
(#10324,#10325)),.UNSPECIFIED.,.F.,.F.,.F.,(3,3),(2,2),(0.,1.),(0.,0.0600000000000001),
 .UNSPECIFIED.);
#404=B_SPLINE_SURFACE_WITH_KNOTS('',2,1,((#10335,#10336),(#10337,#10338),
(#10339,#10340)),.UNSPECIFIED.,.F.,.F.,.F.,(3,3),(2,2),(0.,1.),(0.,0.0600000000000001),
 .UNSPECIFIED.);
#405=B_SPLINE_SURFACE_WITH_KNOTS('',2,1,((#10350,#10351),(#10352,#10353),
(#10354,#10355)),.UNSPECIFIED.,.F.,.F.,.F.,(3,3),(2,2),(0.,1.),(0.,0.0600000000000001),
 .UNSPECIFIED.);
#406=B_SPLINE_SURFACE_WITH_KNOTS('',2,1,((#10365,#10366),(#10367,#10368),
(#10369,#10370)),.UNSPECIFIED.,.F.,.F.,.F.,(3,3),(2,2),(0.,1.),(0.,0.0600000000000001),
 .UNSPECIFIED.);
#407=B_SPLINE_SURFACE_WITH_KNOTS('',2,1,((#10380,#10381),(#10382,#10383),
(#10384,#10385)),.UNSPECIFIED.,.F.,.F.,.F.,(3,3),(2,2),(0.,1.),(0.,0.0600000000000001),
 .UNSPECIFIED.);
#408=B_SPLINE_SURFACE_WITH_KNOTS('',2,1,((#10395,#10396),(#10397,#10398),
(#10399,#10400)),.UNSPECIFIED.,.F.,.F.,.F.,(3,3),(2,2),(0.,1.),(0.,0.0600000000000001),
 .UNSPECIFIED.);
#409=B_SPLINE_SURFACE_WITH_KNOTS('',2,1,((#10410,#10411),(#10412,#10413),
(#10414,#10415)),.UNSPECIFIED.,.F.,.F.,.F.,(3,3),(2,2),(0.,1.),(0.,0.0600000000000001),
 .UNSPECIFIED.);
#410=B_SPLINE_SURFACE_WITH_KNOTS('',2,1,((#10425,#10426),(#10427,#10428),
(#10429,#10430)),.UNSPECIFIED.,.F.,.F.,.F.,(3,3),(2,2),(0.,1.),(0.,0.0600000000000001),
 .UNSPECIFIED.);
#411=B_SPLINE_SURFACE_WITH_KNOTS('',2,1,((#10440,#10441),(#10442,#10443),
(#10444,#10445)),.UNSPECIFIED.,.F.,.F.,.F.,(3,3),(2,2),(0.,1.),(0.,0.0600000000000001),
 .UNSPECIFIED.);
#412=B_SPLINE_SURFACE_WITH_KNOTS('',2,1,((#10455,#10456),(#10457,#10458),
(#10459,#10460)),.UNSPECIFIED.,.F.,.F.,.F.,(3,3),(2,2),(0.,1.),(0.,0.0600000000000001),
 .UNSPECIFIED.);
#413=B_SPLINE_SURFACE_WITH_KNOTS('',2,1,((#10470,#10471),(#10472,#10473),
(#10474,#10475)),.UNSPECIFIED.,.F.,.F.,.F.,(3,3),(2,2),(0.,1.),(0.,0.0600000000000001),
 .UNSPECIFIED.);
#414=B_SPLINE_SURFACE_WITH_KNOTS('',2,1,((#10485,#10486),(#10487,#10488),
(#10489,#10490)),.UNSPECIFIED.,.F.,.F.,.F.,(3,3),(2,2),(0.,1.),(0.,0.0600000000000001),
 .UNSPECIFIED.);
#415=B_SPLINE_SURFACE_WITH_KNOTS('',2,1,((#10506,#10507),(#10508,#10509),
(#10510,#10511)),.UNSPECIFIED.,.F.,.F.,.F.,(3,3),(2,2),(0.,1.),(0.,0.0600000000000001),
 .UNSPECIFIED.);
#416=B_SPLINE_SURFACE_WITH_KNOTS('',2,1,((#10521,#10522),(#10523,#10524),
(#10525,#10526)),.UNSPECIFIED.,.F.,.F.,.F.,(3,3),(2,2),(0.,1.),(0.,0.0600000000000001),
 .UNSPECIFIED.);
#417=B_SPLINE_SURFACE_WITH_KNOTS('',2,1,((#10536,#10537),(#10538,#10539),
(#10540,#10541)),.UNSPECIFIED.,.F.,.F.,.F.,(3,3),(2,2),(0.,1.),(0.,0.0600000000000001),
 .UNSPECIFIED.);
#418=B_SPLINE_SURFACE_WITH_KNOTS('',2,1,((#10551,#10552),(#10553,#10554),
(#10555,#10556)),.UNSPECIFIED.,.F.,.F.,.F.,(3,3),(2,2),(0.,1.),(0.,0.0600000000000001),
 .UNSPECIFIED.);
#419=B_SPLINE_SURFACE_WITH_KNOTS('',2,1,((#10566,#10567),(#10568,#10569),
(#10570,#10571)),.UNSPECIFIED.,.F.,.F.,.F.,(3,3),(2,2),(0.,1.),(0.,0.0600000000000001),
 .UNSPECIFIED.);
#420=CYLINDRICAL_SURFACE('',#6015,0.937);
#421=CYLINDRICAL_SURFACE('',#6017,0.937);
#422=CYLINDRICAL_SURFACE('',#6019,0.937);
#423=CYLINDRICAL_SURFACE('',#6023,0.937);
#424=CYLINDRICAL_SURFACE('',#6030,3.675);
#425=CYLINDRICAL_SURFACE('',#6049,3.67499999999993);
#426=CYLINDRICAL_SURFACE('',#6061,6.22412019667872);
#427=CYLINDRICAL_SURFACE('',#6063,6.4);
#428=CYLINDRICAL_SURFACE('',#6094,0.326328031964875);
#429=CYLINDRICAL_SURFACE('',#6100,0.326328031964875);
#430=CYLINDRICAL_SURFACE('',#6106,0.326328031964875);
#431=CYLINDRICAL_SURFACE('',#6131,2.);
#432=CIRCLE('',#6011,0.937);
#433=CIRCLE('',#6012,0.937);
#434=CIRCLE('',#6016,0.937);
#435=CIRCLE('',#6018,0.937);
#436=CIRCLE('',#6020,0.937);
#437=CIRCLE('',#6021,0.937);
#438=CIRCLE('',#6024,0.937);
#439=CIRCLE('',#6025,0.937);
#440=CIRCLE('',#6027,4.43799999999993);
#441=CIRCLE('',#6028,3.67499999999993);
#442=CIRCLE('',#6031,3.675);
#443=CIRCLE('',#6038,3.67499999999993);
#444=CIRCLE('',#6050,3.67499999999993);
#445=CIRCLE('',#6056,6.22412019667872);
#446=CIRCLE('',#6062,6.22412019667872);
#447=CIRCLE('',#6064,6.4);
#448=CIRCLE('',#6065,6.4);
#449=CIRCLE('',#6075,0.326328031964875);
#450=CIRCLE('',#6083,0.326328031964875);
#451=CIRCLE('',#6091,0.326328031964875);
#452=CIRCLE('',#6095,0.326328031964875);
#453=CIRCLE('',#6101,0.326328031964875);
#454=CIRCLE('',#6107,0.326328031964875);
#455=CIRCLE('',#6132,2.);
#456=FACE_OUTER_BOUND('',#766,.T.);
#457=FACE_OUTER_BOUND('',#767,.T.);
#458=FACE_OUTER_BOUND('',#768,.T.);
#459=FACE_OUTER_BOUND('',#769,.T.);
#460=FACE_OUTER_BOUND('',#770,.T.);
#461=FACE_OUTER_BOUND('',#771,.T.);
#462=FACE_OUTER_BOUND('',#772,.T.);
#463=FACE_OUTER_BOUND('',#773,.T.);
#464=FACE_OUTER_BOUND('',#774,.T.);
#465=FACE_OUTER_BOUND('',#775,.T.);
#466=FACE_OUTER_BOUND('',#776,.T.);
#467=FACE_OUTER_BOUND('',#777,.T.);
#468=FACE_OUTER_BOUND('',#778,.T.);
#469=FACE_OUTER_BOUND('',#779,.T.);
#470=FACE_OUTER_BOUND('',#780,.T.);
#471=FACE_OUTER_BOUND('',#781,.T.);
#472=FACE_OUTER_BOUND('',#782,.T.);
#473=FACE_OUTER_BOUND('',#783,.T.);
#474=FACE_OUTER_BOUND('',#784,.T.);
#475=FACE_OUTER_BOUND('',#785,.T.);
#476=FACE_OUTER_BOUND('',#786,.T.);
#477=FACE_OUTER_BOUND('',#787,.T.);
#478=FACE_OUTER_BOUND('',#788,.T.);
#479=FACE_OUTER_BOUND('',#789,.T.);
#480=FACE_OUTER_BOUND('',#790,.T.);
#481=FACE_OUTER_BOUND('',#791,.T.);
#482=FACE_OUTER_BOUND('',#792,.T.);
#483=FACE_OUTER_BOUND('',#793,.T.);
#484=FACE_OUTER_BOUND('',#794,.T.);
#485=FACE_OUTER_BOUND('',#795,.T.);
#486=FACE_OUTER_BOUND('',#797,.T.);
#487=FACE_OUTER_BOUND('',#798,.T.);
#488=FACE_OUTER_BOUND('',#799,.T.);
#489=FACE_OUTER_BOUND('',#800,.T.);
#490=FACE_OUTER_BOUND('',#801,.T.);
#491=FACE_OUTER_BOUND('',#802,.T.);
#492=FACE_OUTER_BOUND('',#803,.T.);
#493=FACE_OUTER_BOUND('',#804,.T.);
#494=FACE_OUTER_BOUND('',#805,.T.);
#495=FACE_OUTER_BOUND('',#806,.T.);
#496=FACE_OUTER_BOUND('',#807,.T.);
#497=FACE_OUTER_BOUND('',#808,.T.);
#498=FACE_OUTER_BOUND('',#809,.T.);
#499=FACE_OUTER_BOUND('',#810,.T.);
#500=FACE_OUTER_BOUND('',#811,.T.);
#501=FACE_OUTER_BOUND('',#812,.T.);
#502=FACE_OUTER_BOUND('',#813,.T.);
#503=FACE_OUTER_BOUND('',#814,.T.);
#504=FACE_OUTER_BOUND('',#815,.T.);
#505=FACE_OUTER_BOUND('',#816,.T.);
#506=FACE_OUTER_BOUND('',#817,.T.);
#507=FACE_OUTER_BOUND('',#818,.T.);
#508=FACE_OUTER_BOUND('',#819,.T.);
#509=FACE_OUTER_BOUND('',#820,.T.);
#510=FACE_OUTER_BOUND('',#824,.T.);
#511=FACE_OUTER_BOUND('',#827,.T.);
#512=FACE_OUTER_BOUND('',#828,.T.);
#513=FACE_OUTER_BOUND('',#829,.T.);
#514=FACE_OUTER_BOUND('',#830,.T.);
#515=FACE_OUTER_BOUND('',#831,.T.);
#516=FACE_OUTER_BOUND('',#832,.T.);
#517=FACE_OUTER_BOUND('',#833,.T.);
#518=FACE_OUTER_BOUND('',#834,.T.);
#519=FACE_OUTER_BOUND('',#835,.T.);
#520=FACE_OUTER_BOUND('',#836,.T.);
#521=FACE_OUTER_BOUND('',#837,.T.);
#522=FACE_OUTER_BOUND('',#838,.T.);
#523=FACE_OUTER_BOUND('',#839,.T.);
#524=FACE_OUTER_BOUND('',#840,.T.);
#525=FACE_OUTER_BOUND('',#841,.T.);
#526=FACE_OUTER_BOUND('',#842,.T.);
#527=FACE_OUTER_BOUND('',#843,.T.);
#528=FACE_OUTER_BOUND('',#844,.T.);
#529=FACE_OUTER_BOUND('',#845,.T.);
#530=FACE_OUTER_BOUND('',#846,.T.);
#531=FACE_OUTER_BOUND('',#847,.T.);
#532=FACE_OUTER_BOUND('',#848,.T.);
#533=FACE_OUTER_BOUND('',#849,.T.);
#534=FACE_OUTER_BOUND('',#850,.T.);
#535=FACE_OUTER_BOUND('',#851,.T.);
#536=FACE_OUTER_BOUND('',#852,.T.);
#537=FACE_OUTER_BOUND('',#853,.T.);
#538=FACE_OUTER_BOUND('',#854,.T.);
#539=FACE_OUTER_BOUND('',#855,.T.);
#540=FACE_OUTER_BOUND('',#856,.T.);
#541=FACE_OUTER_BOUND('',#857,.T.);
#542=FACE_OUTER_BOUND('',#858,.T.);
#543=FACE_OUTER_BOUND('',#859,.T.);
#544=FACE_OUTER_BOUND('',#860,.T.);
#545=FACE_OUTER_BOUND('',#861,.T.);
#546=FACE_OUTER_BOUND('',#862,.T.);
#547=FACE_OUTER_BOUND('',#863,.T.);
#548=FACE_OUTER_BOUND('',#864,.T.);
#549=FACE_OUTER_BOUND('',#865,.T.);
#550=FACE_OUTER_BOUND('',#866,.T.);
#551=FACE_OUTER_BOUND('',#867,.T.);
#552=FACE_OUTER_BOUND('',#868,.T.);
#553=FACE_OUTER_BOUND('',#869,.T.);
#554=FACE_OUTER_BOUND('',#870,.T.);
#555=FACE_OUTER_BOUND('',#871,.T.);
#556=FACE_OUTER_BOUND('',#872,.T.);
#557=FACE_OUTER_BOUND('',#873,.T.);
#558=FACE_OUTER_BOUND('',#874,.T.);
#559=FACE_OUTER_BOUND('',#875,.T.);
#560=FACE_OUTER_BOUND('',#876,.T.);
#561=FACE_OUTER_BOUND('',#877,.T.);
#562=FACE_OUTER_BOUND('',#878,.T.);
#563=FACE_OUTER_BOUND('',#879,.T.);
#564=FACE_OUTER_BOUND('',#880,.T.);
#565=FACE_OUTER_BOUND('',#881,.T.);
#566=FACE_OUTER_BOUND('',#882,.T.);
#567=FACE_OUTER_BOUND('',#884,.T.);
#568=FACE_OUTER_BOUND('',#885,.T.);
#569=FACE_OUTER_BOUND('',#886,.T.);
#570=FACE_OUTER_BOUND('',#887,.T.);
#571=FACE_OUTER_BOUND('',#888,.T.);
#572=FACE_OUTER_BOUND('',#889,.T.);
#573=FACE_OUTER_BOUND('',#890,.T.);
#574=FACE_OUTER_BOUND('',#891,.T.);
#575=FACE_OUTER_BOUND('',#892,.T.);
#576=FACE_OUTER_BOUND('',#893,.T.);
#577=FACE_OUTER_BOUND('',#894,.T.);
#578=FACE_OUTER_BOUND('',#895,.T.);
#579=FACE_OUTER_BOUND('',#896,.T.);
#580=FACE_OUTER_BOUND('',#897,.T.);
#581=FACE_OUTER_BOUND('',#898,.T.);
#582=FACE_OUTER_BOUND('',#899,.T.);
#583=FACE_OUTER_BOUND('',#900,.T.);
#584=FACE_OUTER_BOUND('',#901,.T.);
#585=FACE_OUTER_BOUND('',#902,.T.);
#586=FACE_OUTER_BOUND('',#903,.T.);
#587=FACE_OUTER_BOUND('',#904,.T.);
#588=FACE_OUTER_BOUND('',#905,.T.);
#589=FACE_OUTER_BOUND('',#906,.T.);
#590=FACE_OUTER_BOUND('',#907,.T.);
#591=FACE_OUTER_BOUND('',#908,.T.);
#592=FACE_OUTER_BOUND('',#909,.T.);
#593=FACE_OUTER_BOUND('',#910,.T.);
#594=FACE_OUTER_BOUND('',#911,.T.);
#595=FACE_OUTER_BOUND('',#912,.T.);
#596=FACE_OUTER_BOUND('',#913,.T.);
#597=FACE_OUTER_BOUND('',#914,.T.);
#598=FACE_OUTER_BOUND('',#915,.T.);
#599=FACE_OUTER_BOUND('',#916,.T.);
#600=FACE_OUTER_BOUND('',#917,.T.);
#601=FACE_OUTER_BOUND('',#918,.T.);
#602=FACE_OUTER_BOUND('',#919,.T.);
#603=FACE_OUTER_BOUND('',#920,.T.);
#604=FACE_OUTER_BOUND('',#921,.T.);
#605=FACE_OUTER_BOUND('',#923,.T.);
#606=FACE_OUTER_BOUND('',#926,.T.);
#607=FACE_OUTER_BOUND('',#927,.T.);
#608=FACE_OUTER_BOUND('',#928,.T.);
#609=FACE_OUTER_BOUND('',#929,.T.);
#610=FACE_OUTER_BOUND('',#930,.T.);
#611=FACE_OUTER_BOUND('',#931,.T.);
#612=FACE_OUTER_BOUND('',#932,.T.);
#613=FACE_OUTER_BOUND('',#933,.T.);
#614=FACE_OUTER_BOUND('',#934,.T.);
#615=FACE_OUTER_BOUND('',#935,.T.);
#616=FACE_OUTER_BOUND('',#936,.T.);
#617=FACE_OUTER_BOUND('',#937,.T.);
#618=FACE_OUTER_BOUND('',#938,.T.);
#619=FACE_OUTER_BOUND('',#942,.T.);
#620=FACE_OUTER_BOUND('',#943,.T.);
#621=FACE_OUTER_BOUND('',#944,.T.);
#622=FACE_OUTER_BOUND('',#945,.T.);
#623=FACE_OUTER_BOUND('',#946,.T.);
#624=FACE_OUTER_BOUND('',#947,.T.);
#625=FACE_OUTER_BOUND('',#948,.T.);
#626=FACE_OUTER_BOUND('',#949,.T.);
#627=FACE_OUTER_BOUND('',#950,.T.);
#628=FACE_OUTER_BOUND('',#951,.T.);
#629=FACE_OUTER_BOUND('',#952,.T.);
#630=FACE_OUTER_BOUND('',#954,.T.);
#631=FACE_OUTER_BOUND('',#955,.T.);
#632=FACE_OUTER_BOUND('',#956,.T.);
#633=FACE_OUTER_BOUND('',#957,.T.);
#634=FACE_OUTER_BOUND('',#961,.T.);
#635=FACE_OUTER_BOUND('',#962,.T.);
#636=FACE_OUTER_BOUND('',#963,.T.);
#637=FACE_OUTER_BOUND('',#964,.T.);
#638=FACE_OUTER_BOUND('',#965,.T.);
#639=FACE_OUTER_BOUND('',#966,.T.);
#640=FACE_OUTER_BOUND('',#967,.T.);
#641=FACE_OUTER_BOUND('',#968,.T.);
#642=FACE_OUTER_BOUND('',#969,.T.);
#643=FACE_OUTER_BOUND('',#970,.T.);
#644=FACE_OUTER_BOUND('',#971,.T.);
#645=FACE_OUTER_BOUND('',#972,.T.);
#646=FACE_OUTER_BOUND('',#973,.T.);
#647=FACE_OUTER_BOUND('',#974,.T.);
#648=FACE_OUTER_BOUND('',#975,.T.);
#649=FACE_OUTER_BOUND('',#976,.T.);
#650=FACE_OUTER_BOUND('',#977,.T.);
#651=FACE_OUTER_BOUND('',#978,.T.);
#652=FACE_OUTER_BOUND('',#979,.T.);
#653=FACE_OUTER_BOUND('',#980,.T.);
#654=FACE_OUTER_BOUND('',#981,.T.);
#655=FACE_OUTER_BOUND('',#982,.T.);
#656=FACE_OUTER_BOUND('',#983,.T.);
#657=FACE_OUTER_BOUND('',#984,.T.);
#658=FACE_OUTER_BOUND('',#985,.T.);
#659=FACE_OUTER_BOUND('',#986,.T.);
#660=FACE_OUTER_BOUND('',#987,.T.);
#661=FACE_OUTER_BOUND('',#988,.T.);
#662=FACE_OUTER_BOUND('',#989,.T.);
#663=FACE_OUTER_BOUND('',#990,.T.);
#664=FACE_OUTER_BOUND('',#991,.T.);
#665=FACE_OUTER_BOUND('',#992,.T.);
#666=FACE_OUTER_BOUND('',#993,.T.);
#667=FACE_OUTER_BOUND('',#994,.T.);
#668=FACE_OUTER_BOUND('',#995,.T.);
#669=FACE_OUTER_BOUND('',#996,.T.);
#670=FACE_OUTER_BOUND('',#997,.T.);
#671=FACE_OUTER_BOUND('',#998,.T.);
#672=FACE_OUTER_BOUND('',#999,.T.);
#673=FACE_OUTER_BOUND('',#1000,.T.);
#674=FACE_OUTER_BOUND('',#1001,.T.);
#675=FACE_OUTER_BOUND('',#1002,.T.);
#676=FACE_OUTER_BOUND('',#1003,.T.);
#677=FACE_OUTER_BOUND('',#1004,.T.);
#678=FACE_OUTER_BOUND('',#1005,.T.);
#679=FACE_OUTER_BOUND('',#1006,.T.);
#680=FACE_OUTER_BOUND('',#1009,.T.);
#681=FACE_OUTER_BOUND('',#1012,.T.);
#682=FACE_OUTER_BOUND('',#1013,.T.);
#683=FACE_OUTER_BOUND('',#1014,.T.);
#684=FACE_OUTER_BOUND('',#1015,.T.);
#685=FACE_OUTER_BOUND('',#1016,.T.);
#686=FACE_OUTER_BOUND('',#1017,.T.);
#687=FACE_OUTER_BOUND('',#1018,.T.);
#688=FACE_OUTER_BOUND('',#1019,.T.);
#689=FACE_OUTER_BOUND('',#1020,.T.);
#690=FACE_OUTER_BOUND('',#1021,.T.);
#691=FACE_OUTER_BOUND('',#1022,.T.);
#692=FACE_OUTER_BOUND('',#1023,.T.);
#693=FACE_OUTER_BOUND('',#1024,.T.);
#694=FACE_OUTER_BOUND('',#1025,.T.);
#695=FACE_OUTER_BOUND('',#1026,.T.);
#696=FACE_OUTER_BOUND('',#1027,.T.);
#697=FACE_OUTER_BOUND('',#1028,.T.);
#698=FACE_OUTER_BOUND('',#1029,.T.);
#699=FACE_OUTER_BOUND('',#1030,.T.);
#700=FACE_OUTER_BOUND('',#1031,.T.);
#701=FACE_OUTER_BOUND('',#1032,.T.);
#702=FACE_OUTER_BOUND('',#1033,.T.);
#703=FACE_OUTER_BOUND('',#1034,.T.);
#704=FACE_OUTER_BOUND('',#1035,.T.);
#705=FACE_OUTER_BOUND('',#1036,.T.);
#706=FACE_OUTER_BOUND('',#1038,.T.);
#707=FACE_OUTER_BOUND('',#1040,.T.);
#708=FACE_OUTER_BOUND('',#1041,.T.);
#709=FACE_OUTER_BOUND('',#1042,.T.);
#710=FACE_OUTER_BOUND('',#1043,.T.);
#711=FACE_OUTER_BOUND('',#1044,.T.);
#712=FACE_OUTER_BOUND('',#1045,.T.);
#713=FACE_OUTER_BOUND('',#1046,.T.);
#714=FACE_OUTER_BOUND('',#1047,.T.);
#715=FACE_OUTER_BOUND('',#1048,.T.);
#716=FACE_OUTER_BOUND('',#1049,.T.);
#717=FACE_OUTER_BOUND('',#1050,.T.);
#718=FACE_OUTER_BOUND('',#1051,.T.);
#719=FACE_OUTER_BOUND('',#1052,.T.);
#720=FACE_OUTER_BOUND('',#1053,.T.);
#721=FACE_OUTER_BOUND('',#1054,.T.);
#722=FACE_OUTER_BOUND('',#1055,.T.);
#723=FACE_OUTER_BOUND('',#1056,.T.);
#724=FACE_OUTER_BOUND('',#1057,.T.);
#725=FACE_OUTER_BOUND('',#1058,.T.);
#726=FACE_OUTER_BOUND('',#1059,.T.);
#727=FACE_OUTER_BOUND('',#1060,.T.);
#728=FACE_OUTER_BOUND('',#1061,.T.);
#729=FACE_OUTER_BOUND('',#1062,.T.);
#730=FACE_OUTER_BOUND('',#1063,.T.);
#731=FACE_OUTER_BOUND('',#1064,.T.);
#732=FACE_OUTER_BOUND('',#1065,.T.);
#733=FACE_OUTER_BOUND('',#1066,.T.);
#734=FACE_OUTER_BOUND('',#1067,.T.);
#735=FACE_OUTER_BOUND('',#1068,.T.);
#736=FACE_OUTER_BOUND('',#1069,.T.);
#737=FACE_OUTER_BOUND('',#1070,.T.);
#738=FACE_OUTER_BOUND('',#1071,.T.);
#739=FACE_OUTER_BOUND('',#1072,.T.);
#740=FACE_OUTER_BOUND('',#1073,.T.);
#741=FACE_OUTER_BOUND('',#1074,.T.);
#742=FACE_OUTER_BOUND('',#1075,.T.);
#743=FACE_OUTER_BOUND('',#1076,.T.);
#744=FACE_OUTER_BOUND('',#1077,.T.);
#745=FACE_OUTER_BOUND('',#1078,.T.);
#746=FACE_OUTER_BOUND('',#1079,.T.);
#747=FACE_OUTER_BOUND('',#1080,.T.);
#748=FACE_OUTER_BOUND('',#1081,.T.);
#749=FACE_OUTER_BOUND('',#1082,.T.);
#750=FACE_OUTER_BOUND('',#1083,.T.);
#751=FACE_OUTER_BOUND('',#1084,.T.);
#752=FACE_OUTER_BOUND('',#1085,.T.);
#753=FACE_OUTER_BOUND('',#1086,.T.);
#754=FACE_OUTER_BOUND('',#1087,.T.);
#755=FACE_OUTER_BOUND('',#1088,.T.);
#756=FACE_OUTER_BOUND('',#1089,.T.);
#757=FACE_OUTER_BOUND('',#1090,.T.);
#758=FACE_OUTER_BOUND('',#1091,.T.);
#759=FACE_OUTER_BOUND('',#1092,.T.);
#760=FACE_OUTER_BOUND('',#1093,.T.);
#761=FACE_OUTER_BOUND('',#1094,.T.);
#762=FACE_OUTER_BOUND('',#1095,.T.);
#763=FACE_OUTER_BOUND('',#1096,.T.);
#764=FACE_OUTER_BOUND('',#1097,.T.);
#765=FACE_OUTER_BOUND('',#1098,.T.);
#766=EDGE_LOOP('',(#3748,#3749,#3750,#3751));
#767=EDGE_LOOP('',(#3752,#3753,#3754,#3755));
#768=EDGE_LOOP('',(#3756,#3757,#3758,#3759));
#769=EDGE_LOOP('',(#3760,#3761,#3762,#3763,#3764,#3765));
#770=EDGE_LOOP('',(#3766,#3767,#3768,#3769));
#771=EDGE_LOOP('',(#3770,#3771,#3772,#3773,#3774,#3775,#3776));
#772=EDGE_LOOP('',(#3777,#3778,#3779,#3780,#3781,#3782,#3783,#3784,#3785,
#3786));
#773=EDGE_LOOP('',(#3787,#3788,#3789,#3790));
#774=EDGE_LOOP('',(#3791,#3792,#3793,#3794,#3795,#3796,#3797));
#775=EDGE_LOOP('',(#3798,#3799,#3800,#3801));
#776=EDGE_LOOP('',(#3802,#3803,#3804,#3805));
#777=EDGE_LOOP('',(#3806,#3807,#3808,#3809));
#778=EDGE_LOOP('',(#3810,#3811,#3812,#3813));
#779=EDGE_LOOP('',(#3814,#3815,#3816,#3817));
#780=EDGE_LOOP('',(#3818,#3819,#3820,#3821));
#781=EDGE_LOOP('',(#3822,#3823,#3824,#3825));
#782=EDGE_LOOP('',(#3826,#3827,#3828,#3829));
#783=EDGE_LOOP('',(#3830,#3831,#3832,#3833));
#784=EDGE_LOOP('',(#3834,#3835,#3836,#3837));
#785=EDGE_LOOP('',(#3838,#3839,#3840,#3841));
#786=EDGE_LOOP('',(#3842,#3843,#3844,#3845));
#787=EDGE_LOOP('',(#3846,#3847,#3848,#3849));
#788=EDGE_LOOP('',(#3850,#3851,#3852,#3853));
#789=EDGE_LOOP('',(#3854,#3855,#3856,#3857));
#790=EDGE_LOOP('',(#3858,#3859,#3860,#3861));
#791=EDGE_LOOP('',(#3862,#3863,#3864,#3865));
#792=EDGE_LOOP('',(#3866,#3867,#3868,#3869));
#793=EDGE_LOOP('',(#3870,#3871,#3872,#3873,#3874));
#794=EDGE_LOOP('',(#3875,#3876,#3877,#3878,#3879,#3880,#3881,#3882,#3883));
#795=EDGE_LOOP('',(#3884,#3885,#3886,#3887,#3888,#3889,#3890,#3891));
#796=EDGE_LOOP('',(#3892,#3893,#3894,#3895));
#797=EDGE_LOOP('',(#3896,#3897,#3898,#3899,#3900,#3901,#3902,#3903,#3904));
#798=EDGE_LOOP('',(#3905,#3906,#3907,#3908));
#799=EDGE_LOOP('',(#3909,#3910,#3911,#3912));
#800=EDGE_LOOP('',(#3913,#3914,#3915,#3916));
#801=EDGE_LOOP('',(#3917,#3918,#3919,#3920));
#802=EDGE_LOOP('',(#3921,#3922,#3923,#3924,#3925));
#803=EDGE_LOOP('',(#3926,#3927,#3928,#3929));
#804=EDGE_LOOP('',(#3930,#3931,#3932,#3933));
#805=EDGE_LOOP('',(#3934,#3935,#3936,#3937,#3938,#3939,#3940));
#806=EDGE_LOOP('',(#3941,#3942,#3943,#3944));
#807=EDGE_LOOP('',(#3945,#3946,#3947,#3948));
#808=EDGE_LOOP('',(#3949,#3950,#3951,#3952));
#809=EDGE_LOOP('',(#3953,#3954,#3955,#3956,#3957,#3958,#3959));
#810=EDGE_LOOP('',(#3960,#3961,#3962,#3963));
#811=EDGE_LOOP('',(#3964,#3965,#3966,#3967,#3968,#3969));
#812=EDGE_LOOP('',(#3970,#3971,#3972,#3973));
#813=EDGE_LOOP('',(#3974,#3975,#3976,#3977));
#814=EDGE_LOOP('',(#3978,#3979,#3980,#3981,#3982));
#815=EDGE_LOOP('',(#3983,#3984,#3985,#3986));
#816=EDGE_LOOP('',(#3987,#3988,#3989,#3990));
#817=EDGE_LOOP('',(#3991,#3992,#3993,#3994,#3995,#3996,#3997,#3998,#3999,
#4000,#4001,#4002,#4003,#4004,#4005,#4006,#4007,#4008,#4009));
#818=EDGE_LOOP('',(#4010,#4011,#4012,#4013));
#819=EDGE_LOOP('',(#4014,#4015,#4016,#4017,#4018,#4019,#4020,#4021,#4022,
#4023,#4024));
#820=EDGE_LOOP('',(#4025,#4026,#4027,#4028));
#821=EDGE_LOOP('',(#4029,#4030,#4031,#4032,#4033,#4034,#4035,#4036));
#822=EDGE_LOOP('',(#4037,#4038,#4039,#4040,#4041,#4042,#4043,#4044));
#823=EDGE_LOOP('',(#4045,#4046,#4047,#4048,#4049,#4050,#4051,#4052));
#824=EDGE_LOOP('',(#4053,#4054,#4055,#4056,#4057,#4058,#4059,#4060));
#825=EDGE_LOOP('',(#4061,#4062,#4063,#4064));
#826=EDGE_LOOP('',(#4065,#4066,#4067,#4068,#4069,#4070,#4071,#4072,#4073,
#4074));
#827=EDGE_LOOP('',(#4075,#4076,#4077,#4078,#4079,#4080,#4081));
#828=EDGE_LOOP('',(#4082,#4083,#4084,#4085,#4086,#4087,#4088,#4089,#4090,
#4091,#4092,#4093,#4094,#4095));
#829=EDGE_LOOP('',(#4096,#4097,#4098,#4099,#4100,#4101,#4102,#4103));
#830=EDGE_LOOP('',(#4104,#4105,#4106,#4107,#4108,#4109,#4110,#4111));
#831=EDGE_LOOP('',(#4112,#4113,#4114,#4115));
#832=EDGE_LOOP('',(#4116,#4117,#4118,#4119,#4120,#4121));
#833=EDGE_LOOP('',(#4122,#4123,#4124,#4125));
#834=EDGE_LOOP('',(#4126,#4127,#4128,#4129));
#835=EDGE_LOOP('',(#4130,#4131,#4132,#4133));
#836=EDGE_LOOP('',(#4134,#4135,#4136,#4137));
#837=EDGE_LOOP('',(#4138,#4139,#4140,#4141,#4142,#4143,#4144,#4145,#4146,
#4147,#4148,#4149));
#838=EDGE_LOOP('',(#4150,#4151,#4152,#4153,#4154,#4155,#4156));
#839=EDGE_LOOP('',(#4157,#4158,#4159,#4160));
#840=EDGE_LOOP('',(#4161,#4162,#4163,#4164));
#841=EDGE_LOOP('',(#4165,#4166,#4167,#4168));
#842=EDGE_LOOP('',(#4169,#4170,#4171,#4172));
#843=EDGE_LOOP('',(#4173,#4174,#4175,#4176));
#844=EDGE_LOOP('',(#4177,#4178,#4179,#4180,#4181,#4182,#4183));
#845=EDGE_LOOP('',(#4184,#4185,#4186,#4187));
#846=EDGE_LOOP('',(#4188,#4189,#4190,#4191));
#847=EDGE_LOOP('',(#4192,#4193,#4194,#4195));
#848=EDGE_LOOP('',(#4196,#4197,#4198,#4199));
#849=EDGE_LOOP('',(#4200,#4201,#4202,#4203));
#850=EDGE_LOOP('',(#4204,#4205,#4206,#4207));
#851=EDGE_LOOP('',(#4208,#4209,#4210,#4211,#4212,#4213,#4214));
#852=EDGE_LOOP('',(#4215,#4216,#4217,#4218));
#853=EDGE_LOOP('',(#4219,#4220,#4221,#4222));
#854=EDGE_LOOP('',(#4223,#4224,#4225,#4226));
#855=EDGE_LOOP('',(#4227,#4228,#4229,#4230));
#856=EDGE_LOOP('',(#4231,#4232,#4233,#4234));
#857=EDGE_LOOP('',(#4235,#4236,#4237,#4238));
#858=EDGE_LOOP('',(#4239,#4240,#4241,#4242,#4243,#4244,#4245));
#859=EDGE_LOOP('',(#4246,#4247,#4248,#4249));
#860=EDGE_LOOP('',(#4250,#4251,#4252,#4253));
#861=EDGE_LOOP('',(#4254,#4255,#4256,#4257));
#862=EDGE_LOOP('',(#4258,#4259,#4260,#4261));
#863=EDGE_LOOP('',(#4262,#4263,#4264,#4265,#4266,#4267,#4268));
#864=EDGE_LOOP('',(#4269,#4270,#4271,#4272,#4273,#4274,#4275,#4276));
#865=EDGE_LOOP('',(#4277,#4278,#4279,#4280));
#866=EDGE_LOOP('',(#4281,#4282,#4283,#4284));
#867=EDGE_LOOP('',(#4285,#4286,#4287,#4288));
#868=EDGE_LOOP('',(#4289,#4290,#4291,#4292,#4293,#4294,#4295));
#869=EDGE_LOOP('',(#4296,#4297,#4298,#4299,#4300,#4301,#4302,#4303));
#870=EDGE_LOOP('',(#4304,#4305,#4306,#4307));
#871=EDGE_LOOP('',(#4308,#4309,#4310,#4311));
#872=EDGE_LOOP('',(#4312,#4313,#4314,#4315));
#873=EDGE_LOOP('',(#4316,#4317,#4318,#4319,#4320,#4321,#4322));
#874=EDGE_LOOP('',(#4323,#4324,#4325,#4326,#4327,#4328,#4329,#4330));
#875=EDGE_LOOP('',(#4331,#4332,#4333,#4334));
#876=EDGE_LOOP('',(#4335,#4336,#4337,#4338,#4339));
#877=EDGE_LOOP('',(#4340,#4341,#4342,#4343));
#878=EDGE_LOOP('',(#4344,#4345,#4346,#4347));
#879=EDGE_LOOP('',(#4348,#4349,#4350,#4351));
#880=EDGE_LOOP('',(#4352,#4353,#4354,#4355,#4356));
#881=EDGE_LOOP('',(#4357,#4358,#4359,#4360,#4361));
#882=EDGE_LOOP('',(#4362,#4363,#4364,#4365));
#883=EDGE_LOOP('',(#4366,#4367,#4368,#4369,#4370,#4371,#4372,#4373));
#884=EDGE_LOOP('',(#4374,#4375,#4376,#4377));
#885=EDGE_LOOP('',(#4378,#4379,#4380,#4381));
#886=EDGE_LOOP('',(#4382,#4383,#4384,#4385));
#887=EDGE_LOOP('',(#4386,#4387,#4388,#4389));
#888=EDGE_LOOP('',(#4390,#4391,#4392,#4393));
#889=EDGE_LOOP('',(#4394,#4395,#4396,#4397));
#890=EDGE_LOOP('',(#4398,#4399,#4400,#4401,#4402,#4403));
#891=EDGE_LOOP('',(#4404,#4405,#4406,#4407,#4408,#4409));
#892=EDGE_LOOP('',(#4410,#4411,#4412,#4413));
#893=EDGE_LOOP('',(#4414,#4415,#4416,#4417));
#894=EDGE_LOOP('',(#4418,#4419,#4420,#4421));
#895=EDGE_LOOP('',(#4422,#4423,#4424,#4425,#4426,#4427,#4428,#4429));
#896=EDGE_LOOP('',(#4430,#4431,#4432,#4433));
#897=EDGE_LOOP('',(#4434,#4435,#4436,#4437,#4438,#4439,#4440,#4441,#4442,
#4443));
#898=EDGE_LOOP('',(#4444,#4445,#4446,#4447,#4448,#4449,#4450,#4451));
#899=EDGE_LOOP('',(#4452,#4453,#4454,#4455));
#900=EDGE_LOOP('',(#4456,#4457,#4458,#4459));
#901=EDGE_LOOP('',(#4460,#4461,#4462,#4463));
#902=EDGE_LOOP('',(#4464,#4465,#4466,#4467));
#903=EDGE_LOOP('',(#4468,#4469,#4470,#4471));
#904=EDGE_LOOP('',(#4472,#4473,#4474,#4475,#4476,#4477,#4478));
#905=EDGE_LOOP('',(#4479,#4480,#4481,#4482));
#906=EDGE_LOOP('',(#4483,#4484,#4485,#4486,#4487,#4488,#4489));
#907=EDGE_LOOP('',(#4490,#4491,#4492,#4493));
#908=EDGE_LOOP('',(#4494,#4495,#4496,#4497,#4498,#4499,#4500,#4501,#4502,
#4503,#4504,#4505));
#909=EDGE_LOOP('',(#4506,#4507,#4508,#4509,#4510,#4511,#4512,#4513,#4514,
#4515,#4516,#4517,#4518));
#910=EDGE_LOOP('',(#4519,#4520,#4521,#4522,#4523,#4524,#4525,#4526,#4527,
#4528,#4529,#4530,#4531,#4532));
#911=EDGE_LOOP('',(#4533,#4534,#4535,#4536,#4537));
#912=EDGE_LOOP('',(#4538,#4539,#4540,#4541,#4542));
#913=EDGE_LOOP('',(#4543,#4544,#4545,#4546));
#914=EDGE_LOOP('',(#4547,#4548,#4549,#4550,#4551,#4552,#4553,#4554));
#915=EDGE_LOOP('',(#4555,#4556,#4557,#4558));
#916=EDGE_LOOP('',(#4559,#4560,#4561,#4562));
#917=EDGE_LOOP('',(#4563,#4564,#4565,#4566));
#918=EDGE_LOOP('',(#4567,#4568,#4569,#4570));
#919=EDGE_LOOP('',(#4571,#4572,#4573,#4574,#4575,#4576,#4577,#4578,#4579,
#4580));
#920=EDGE_LOOP('',(#4581,#4582,#4583,#4584));
#921=EDGE_LOOP('',(#4585,#4586,#4587,#4588));
#922=EDGE_LOOP('',(#4589,#4590,#4591,#4592));
#923=EDGE_LOOP('',(#4593,#4594,#4595,#4596));
#924=EDGE_LOOP('',(#4597,#4598,#4599,#4600));
#925=EDGE_LOOP('',(#4601,#4602,#4603,#4604));
#926=EDGE_LOOP('',(#4605,#4606,#4607,#4608));
#927=EDGE_LOOP('',(#4609,#4610,#4611,#4612));
#928=EDGE_LOOP('',(#4613,#4614,#4615,#4616));
#929=EDGE_LOOP('',(#4617,#4618,#4619,#4620));
#930=EDGE_LOOP('',(#4621,#4622,#4623,#4624));
#931=EDGE_LOOP('',(#4625,#4626,#4627,#4628));
#932=EDGE_LOOP('',(#4629,#4630,#4631,#4632));
#933=EDGE_LOOP('',(#4633,#4634,#4635,#4636));
#934=EDGE_LOOP('',(#4637,#4638,#4639,#4640));
#935=EDGE_LOOP('',(#4641,#4642,#4643,#4644));
#936=EDGE_LOOP('',(#4645,#4646,#4647,#4648));
#937=EDGE_LOOP('',(#4649,#4650,#4651,#4652));
#938=EDGE_LOOP('',(#4653,#4654,#4655,#4656,#4657,#4658,#4659,#4660));
#939=EDGE_LOOP('',(#4661,#4662,#4663,#4664));
#940=EDGE_LOOP('',(#4665,#4666,#4667,#4668));
#941=EDGE_LOOP('',(#4669,#4670,#4671,#4672));
#942=EDGE_LOOP('',(#4673,#4674,#4675,#4676));
#943=EDGE_LOOP('',(#4677,#4678,#4679,#4680,#4681,#4682));
#944=EDGE_LOOP('',(#4683,#4684,#4685,#4686));
#945=EDGE_LOOP('',(#4687,#4688,#4689,#4690,#4691,#4692));
#946=EDGE_LOOP('',(#4693,#4694,#4695,#4696,#4697,#4698,#4699,#4700,#4701));
#947=EDGE_LOOP('',(#4702,#4703,#4704,#4705,#4706,#4707,#4708));
#948=EDGE_LOOP('',(#4709,#4710,#4711,#4712,#4713));
#949=EDGE_LOOP('',(#4714,#4715,#4716,#4717));
#950=EDGE_LOOP('',(#4718,#4719,#4720,#4721,#4722,#4723,#4724,#4725));
#951=EDGE_LOOP('',(#4726,#4727,#4728,#4729));
#952=EDGE_LOOP('',(#4730,#4731,#4732,#4733,#4734,#4735,#4736,#4737));
#953=EDGE_LOOP('',(#4738,#4739,#4740,#4741));
#954=EDGE_LOOP('',(#4742,#4743,#4744,#4745,#4746));
#955=EDGE_LOOP('',(#4747,#4748,#4749,#4750,#4751,#4752,#4753,#4754));
#956=EDGE_LOOP('',(#4755,#4756,#4757,#4758,#4759));
#957=EDGE_LOOP('',(#4760,#4761,#4762,#4763));
#958=EDGE_LOOP('',(#4764,#4765,#4766,#4767));
#959=EDGE_LOOP('',(#4768,#4769,#4770,#4771));
#960=EDGE_LOOP('',(#4772,#4773,#4774,#4775));
#961=EDGE_LOOP('',(#4776,#4777,#4778,#4779));
#962=EDGE_LOOP('',(#4780,#4781,#4782,#4783));
#963=EDGE_LOOP('',(#4784,#4785,#4786,#4787));
#964=EDGE_LOOP('',(#4788,#4789,#4790,#4791));
#965=EDGE_LOOP('',(#4792,#4793,#4794,#4795));
#966=EDGE_LOOP('',(#4796,#4797,#4798,#4799));
#967=EDGE_LOOP('',(#4800,#4801,#4802,#4803));
#968=EDGE_LOOP('',(#4804,#4805,#4806,#4807));
#969=EDGE_LOOP('',(#4808,#4809,#4810,#4811));
#970=EDGE_LOOP('',(#4812,#4813,#4814,#4815));
#971=EDGE_LOOP('',(#4816,#4817,#4818,#4819));
#972=EDGE_LOOP('',(#4820,#4821,#4822,#4823));
#973=EDGE_LOOP('',(#4824,#4825,#4826,#4827));
#974=EDGE_LOOP('',(#4828,#4829,#4830,#4831,#4832,#4833,#4834,#4835,#4836,
#4837,#4838,#4839,#4840));
#975=EDGE_LOOP('',(#4841,#4842,#4843,#4844,#4845,#4846,#4847,#4848,#4849,
#4850,#4851,#4852,#4853));
#976=EDGE_LOOP('',(#4854,#4855,#4856,#4857));
#977=EDGE_LOOP('',(#4858,#4859,#4860,#4861));
#978=EDGE_LOOP('',(#4862,#4863,#4864,#4865));
#979=EDGE_LOOP('',(#4866,#4867,#4868,#4869));
#980=EDGE_LOOP('',(#4870,#4871,#4872,#4873));
#981=EDGE_LOOP('',(#4874,#4875,#4876,#4877));
#982=EDGE_LOOP('',(#4878,#4879,#4880,#4881));
#983=EDGE_LOOP('',(#4882,#4883,#4884,#4885));
#984=EDGE_LOOP('',(#4886,#4887,#4888,#4889));
#985=EDGE_LOOP('',(#4890,#4891,#4892,#4893));
#986=EDGE_LOOP('',(#4894,#4895,#4896,#4897));
#987=EDGE_LOOP('',(#4898,#4899,#4900,#4901));
#988=EDGE_LOOP('',(#4902,#4903,#4904,#4905));
#989=EDGE_LOOP('',(#4906,#4907,#4908,#4909));
#990=EDGE_LOOP('',(#4910,#4911,#4912,#4913));
#991=EDGE_LOOP('',(#4914,#4915,#4916,#4917));
#992=EDGE_LOOP('',(#4918,#4919,#4920,#4921));
#993=EDGE_LOOP('',(#4922,#4923,#4924,#4925));
#994=EDGE_LOOP('',(#4926,#4927,#4928,#4929));
#995=EDGE_LOOP('',(#4930,#4931,#4932,#4933));
#996=EDGE_LOOP('',(#4934,#4935,#4936,#4937));
#997=EDGE_LOOP('',(#4938,#4939,#4940,#4941));
#998=EDGE_LOOP('',(#4942,#4943,#4944,#4945));
#999=EDGE_LOOP('',(#4946,#4947,#4948,#4949));
#1000=EDGE_LOOP('',(#4950,#4951,#4952,#4953));
#1001=EDGE_LOOP('',(#4954,#4955,#4956,#4957));
#1002=EDGE_LOOP('',(#4958,#4959,#4960,#4961));
#1003=EDGE_LOOP('',(#4962,#4963,#4964,#4965));
#1004=EDGE_LOOP('',(#4966,#4967,#4968,#4969));
#1005=EDGE_LOOP('',(#4970,#4971,#4972,#4973));
#1006=EDGE_LOOP('',(#4974,#4975,#4976,#4977,#4978,#4979,#4980,#4981,#4982,
#4983,#4984,#4985,#4986,#4987));
#1007=EDGE_LOOP('',(#4988,#4989,#4990,#4991,#4992,#4993,#4994,#4995));
#1008=EDGE_LOOP('',(#4996,#4997,#4998,#4999,#5000,#5001,#5002,#5003));
#1009=EDGE_LOOP('',(#5004,#5005,#5006,#5007,#5008,#5009,#5010,#5011,#5012,
#5013,#5014,#5015,#5016,#5017));
#1010=EDGE_LOOP('',(#5018,#5019,#5020,#5021,#5022,#5023,#5024,#5025));
#1011=EDGE_LOOP('',(#5026,#5027,#5028,#5029,#5030,#5031,#5032,#5033));
#1012=EDGE_LOOP('',(#5034,#5035,#5036,#5037));
#1013=EDGE_LOOP('',(#5038,#5039,#5040,#5041));
#1014=EDGE_LOOP('',(#5042,#5043,#5044,#5045));
#1015=EDGE_LOOP('',(#5046,#5047,#5048,#5049));
#1016=EDGE_LOOP('',(#5050,#5051,#5052,#5053));
#1017=EDGE_LOOP('',(#5054,#5055,#5056,#5057));
#1018=EDGE_LOOP('',(#5058,#5059,#5060,#5061));
#1019=EDGE_LOOP('',(#5062,#5063,#5064,#5065));
#1020=EDGE_LOOP('',(#5066,#5067,#5068,#5069));
#1021=EDGE_LOOP('',(#5070,#5071,#5072,#5073));
#1022=EDGE_LOOP('',(#5074,#5075,#5076,#5077));
#1023=EDGE_LOOP('',(#5078,#5079,#5080,#5081));
#1024=EDGE_LOOP('',(#5082,#5083,#5084,#5085));
#1025=EDGE_LOOP('',(#5086,#5087,#5088,#5089));
#1026=EDGE_LOOP('',(#5090,#5091,#5092,#5093));
#1027=EDGE_LOOP('',(#5094,#5095,#5096,#5097));
#1028=EDGE_LOOP('',(#5098,#5099,#5100,#5101));
#1029=EDGE_LOOP('',(#5102,#5103,#5104,#5105));
#1030=EDGE_LOOP('',(#5106,#5107,#5108,#5109));
#1031=EDGE_LOOP('',(#5110,#5111,#5112,#5113));
#1032=EDGE_LOOP('',(#5114,#5115,#5116,#5117));
#1033=EDGE_LOOP('',(#5118,#5119,#5120,#5121));
#1034=EDGE_LOOP('',(#5122,#5123,#5124,#5125));
#1035=EDGE_LOOP('',(#5126,#5127,#5128,#5129));
#1036=EDGE_LOOP('',(#5130,#5131,#5132,#5133,#5134,#5135,#5136,#5137,#5138,
#5139,#5140,#5141));
#1037=EDGE_LOOP('',(#5142,#5143,#5144,#5145,#5146,#5147,#5148,#5149,#5150,
#5151,#5152,#5153));
#1038=EDGE_LOOP('',(#5154,#5155,#5156,#5157,#5158,#5159,#5160,#5161,#5162,
#5163,#5164,#5165));
#1039=EDGE_LOOP('',(#5166,#5167,#5168,#5169,#5170,#5171,#5172,#5173,#5174,
#5175,#5176,#5177));
#1040=EDGE_LOOP('',(#5178,#5179,#5180,#5181));
#1041=EDGE_LOOP('',(#5182,#5183,#5184,#5185));
#1042=EDGE_LOOP('',(#5186,#5187,#5188,#5189));
#1043=EDGE_LOOP('',(#5190,#5191,#5192,#5193));
#1044=EDGE_LOOP('',(#5194,#5195,#5196,#5197));
#1045=EDGE_LOOP('',(#5198,#5199,#5200,#5201));
#1046=EDGE_LOOP('',(#5202,#5203,#5204,#5205));
#1047=EDGE_LOOP('',(#5206,#5207,#5208,#5209));
#1048=EDGE_LOOP('',(#5210,#5211,#5212,#5213,#5214,#5215,#5216,#5217));
#1049=EDGE_LOOP('',(#5218,#5219,#5220,#5221,#5222,#5223,#5224,#5225));
#1050=EDGE_LOOP('',(#5226,#5227,#5228,#5229));
#1051=EDGE_LOOP('',(#5230,#5231,#5232,#5233));
#1052=EDGE_LOOP('',(#5234,#5235,#5236,#5237));
#1053=EDGE_LOOP('',(#5238,#5239,#5240,#5241));
#1054=EDGE_LOOP('',(#5242,#5243,#5244,#5245));
#1055=EDGE_LOOP('',(#5246,#5247,#5248,#5249));
#1056=EDGE_LOOP('',(#5250,#5251,#5252,#5253));
#1057=EDGE_LOOP('',(#5254,#5255,#5256,#5257));
#1058=EDGE_LOOP('',(#5258,#5259,#5260,#5261));
#1059=EDGE_LOOP('',(#5262,#5263,#5264,#5265));
#1060=EDGE_LOOP('',(#5266,#5267,#5268,#5269));
#1061=EDGE_LOOP('',(#5270,#5271,#5272,#5273,#5274,#5275,#5276,#5277,#5278,
#5279,#5280));
#1062=EDGE_LOOP('',(#5281,#5282,#5283,#5284,#5285,#5286,#5287,#5288,#5289,
#5290,#5291));
#1063=EDGE_LOOP('',(#5292,#5293,#5294,#5295));
#1064=EDGE_LOOP('',(#5296,#5297,#5298,#5299));
#1065=EDGE_LOOP('',(#5300,#5301,#5302,#5303));
#1066=EDGE_LOOP('',(#5304,#5305,#5306,#5307));
#1067=EDGE_LOOP('',(#5308,#5309,#5310,#5311));
#1068=EDGE_LOOP('',(#5312,#5313,#5314,#5315));
#1069=EDGE_LOOP('',(#5316,#5317,#5318,#5319));
#1070=EDGE_LOOP('',(#5320,#5321,#5322,#5323));
#1071=EDGE_LOOP('',(#5324,#5325,#5326,#5327));
#1072=EDGE_LOOP('',(#5328,#5329,#5330,#5331));
#1073=EDGE_LOOP('',(#5332,#5333,#5334,#5335));
#1074=EDGE_LOOP('',(#5336,#5337,#5338,#5339));
#1075=EDGE_LOOP('',(#5340,#5341,#5342,#5343));
#1076=EDGE_LOOP('',(#5344,#5345,#5346,#5347));
#1077=EDGE_LOOP('',(#5348,#5349,#5350,#5351));
#1078=EDGE_LOOP('',(#5352,#5353,#5354,#5355));
#1079=EDGE_LOOP('',(#5356,#5357,#5358,#5359));
#1080=EDGE_LOOP('',(#5360,#5361,#5362,#5363));
#1081=EDGE_LOOP('',(#5364,#5365,#5366,#5367));
#1082=EDGE_LOOP('',(#5368,#5369,#5370,#5371));
#1083=EDGE_LOOP('',(#5372,#5373,#5374,#5375));
#1084=EDGE_LOOP('',(#5376,#5377,#5378,#5379));
#1085=EDGE_LOOP('',(#5380,#5381,#5382,#5383));
#1086=EDGE_LOOP('',(#5384,#5385,#5386,#5387));
#1087=EDGE_LOOP('',(#5388,#5389,#5390,#5391));
#1088=EDGE_LOOP('',(#5392,#5393,#5394,#5395));
#1089=EDGE_LOOP('',(#5396,#5397,#5398,#5399));
#1090=EDGE_LOOP('',(#5400,#5401,#5402,#5403));
#1091=EDGE_LOOP('',(#5404,#5405,#5406,#5407));
#1092=EDGE_LOOP('',(#5408,#5409,#5410,#5411));
#1093=EDGE_LOOP('',(#5412,#5413,#5414,#5415));
#1094=EDGE_LOOP('',(#5416,#5417,#5418,#5419));
#1095=EDGE_LOOP('',(#5420,#5421,#5422,#5423));
#1096=EDGE_LOOP('',(#5424,#5425,#5426,#5427));
#1097=EDGE_LOOP('',(#5428,#5429,#5430,#5431,#5432,#5433,#5434,#5435,#5436,
#5437,#5438,#5439,#5440,#5441,#5442,#5443,#5444,#5445,#5446,#5447,#5448,
#5449,#5450,#5451,#5452,#5453,#5454,#5455,#5456,#5457,#5458,#5459,#5460,
#5461));
#1098=EDGE_LOOP('',(#5462,#5463,#5464,#5465,#5466,#5467,#5468,#5469,#5470,
#5471,#5472,#5473,#5474,#5475,#5476,#5477,#5478,#5479,#5480,#5481,#5482,
#5483,#5484,#5485,#5486,#5487,#5488,#5489,#5490,#5491,#5492,#5493,#5494,
#5495));
#1099=LINE('',#7255,#1699);
#1100=LINE('',#7257,#1700);
#1101=LINE('',#7259,#1701);
#1102=LINE('',#7260,#1702);
#1103=LINE('',#7263,#1703);
#1104=LINE('',#7265,#1704);
#1105=LINE('',#7266,#1705);
#1106=LINE('',#7270,#1706);
#1107=LINE('',#7272,#1707);
#1108=LINE('',#7274,#1708);
#1109=LINE('',#7275,#1709);
#1110=LINE('',#7278,#1710);
#1111=LINE('',#7280,#1711);
#1112=LINE('',#7282,#1712);
#1113=LINE('',#7284,#1713);
#1114=LINE('',#7285,#1714);
#1115=LINE('',#7289,#1715);
#1116=LINE('',#7291,#1716);
#1117=LINE('',#7293,#1717);
#1118=LINE('',#7294,#1718);
#1119=LINE('',#7297,#1719);
#1120=LINE('',#7299,#1720);
#1121=LINE('',#7301,#1721);
#1122=LINE('',#7303,#1722);
#1123=LINE('',#7305,#1723);
#1124=LINE('',#7306,#1724);
#1125=LINE('',#7309,#1725);
#1126=LINE('',#7311,#1726);
#1127=LINE('',#7313,#1727);
#1128=LINE('',#7315,#1728);
#1129=LINE('',#7317,#1729);
#1130=LINE('',#7321,#1730);
#1131=LINE('',#7325,#1731);
#1132=LINE('',#7327,#1732);
#1133=LINE('',#7328,#1733);
#1134=LINE('',#7331,#1734);
#1135=LINE('',#7333,#1735);
#1136=LINE('',#7335,#1736);
#1137=LINE('',#7337,#1737);
#1138=LINE('',#7338,#1738);
#1139=LINE('',#7342,#1739);
#1140=LINE('',#7346,#1740);
#1141=LINE('',#7351,#1741);
#1142=LINE('',#7355,#1742);
#1143=LINE('',#7357,#1743);
#1144=LINE('',#7358,#1744);
#1145=LINE('',#7392,#1745);
#1146=LINE('',#7402,#1746);
#1147=LINE('',#7428,#1747);
#1148=LINE('',#7435,#1748);
#1149=LINE('',#7458,#1749);
#1150=LINE('',#7465,#1750);
#1151=LINE('',#7497,#1751);
#1152=LINE('',#7501,#1752);
#1153=LINE('',#7569,#1753);
#1154=LINE('',#7582,#1754);
#1155=LINE('',#7635,#1755);
#1156=LINE('',#7642,#1756);
#1157=LINE('',#7703,#1757);
#1158=LINE('',#7760,#1758);
#1159=LINE('',#7762,#1759);
#1160=LINE('',#7763,#1760);
#1161=LINE('',#7766,#1761);
#1162=LINE('',#7794,#1762);
#1163=LINE('',#7798,#1763);
#1164=LINE('',#7800,#1764);
#1165=LINE('',#7802,#1765);
#1166=LINE('',#7804,#1766);
#1167=LINE('',#7805,#1767);
#1168=LINE('',#7808,#1768);
#1169=LINE('',#7810,#1769);
#1170=LINE('',#7812,#1770);
#1171=LINE('',#7813,#1771);
#1172=LINE('',#7828,#1772);
#1173=LINE('',#7835,#1773);
#1174=LINE('',#7837,#1774);
#1175=LINE('',#7838,#1775);
#1176=LINE('',#7841,#1776);
#1177=LINE('',#7843,#1777);
#1178=LINE('',#7844,#1778);
#1179=LINE('',#7847,#1779);
#1180=LINE('',#7849,#1780);
#1181=LINE('',#7850,#1781);
#1182=LINE('',#7853,#1782);
#1183=LINE('',#7855,#1783);
#1184=LINE('',#7856,#1784);
#1185=LINE('',#7862,#1785);
#1186=LINE('',#7864,#1786);
#1187=LINE('',#7866,#1787);
#1188=LINE('',#7867,#1788);
#1189=LINE('',#7871,#1789);
#1190=LINE('',#7873,#1790);
#1191=LINE('',#7875,#1791);
#1192=LINE('',#7876,#1792);
#1193=LINE('',#7914,#1793);
#1194=LINE('',#7924,#1794);
#1195=LINE('',#7926,#1795);
#1196=LINE('',#7928,#1796);
#1197=LINE('',#7930,#1797);
#1198=LINE('',#7932,#1798);
#1199=LINE('',#7968,#1799);
#1200=LINE('',#7979,#1800);
#1201=LINE('',#7981,#1801);
#1202=LINE('',#7983,#1802);
#1203=LINE('',#7984,#1803);
#1204=LINE('',#7986,#1804);
#1205=LINE('',#7987,#1805);
#1206=LINE('',#8053,#1806);
#1207=LINE('',#8066,#1807);
#1208=LINE('',#8068,#1808);
#1209=LINE('',#8069,#1809);
#1210=LINE('',#8112,#1810);
#1211=LINE('',#8126,#1811);
#1212=LINE('',#8128,#1812);
#1213=LINE('',#8130,#1813);
#1214=LINE('',#8131,#1814);
#1215=LINE('',#8134,#1815);
#1216=LINE('',#8136,#1816);
#1217=LINE('',#8137,#1817);
#1218=LINE('',#8181,#1818);
#1219=LINE('',#8182,#1819);
#1220=LINE('',#8221,#1820);
#1221=LINE('',#8222,#1821);
#1222=LINE('',#8224,#1822);
#1223=LINE('',#8225,#1823);
#1224=LINE('',#8227,#1824);
#1225=LINE('',#8228,#1825);
#1226=LINE('',#8229,#1826);
#1227=LINE('',#8232,#1827);
#1228=LINE('',#8233,#1828);
#1229=LINE('',#8236,#1829);
#1230=LINE('',#8239,#1830);
#1231=LINE('',#8241,#1831);
#1232=LINE('',#8242,#1832);
#1233=LINE('',#8245,#1833);
#1234=LINE('',#8247,#1834);
#1235=LINE('',#8249,#1835);
#1236=LINE('',#8251,#1836);
#1237=LINE('',#8253,#1837);
#1238=LINE('',#8255,#1838);
#1239=LINE('',#8257,#1839);
#1240=LINE('',#8258,#1840);
#1241=LINE('',#8261,#1841);
#1242=LINE('',#8263,#1842);
#1243=LINE('',#8265,#1843);
#1244=LINE('',#8267,#1844);
#1245=LINE('',#8269,#1845);
#1246=LINE('',#8271,#1846);
#1247=LINE('',#8273,#1847);
#1248=LINE('',#8274,#1848);
#1249=LINE('',#8277,#1849);
#1250=LINE('',#8279,#1850);
#1251=LINE('',#8281,#1851);
#1252=LINE('',#8283,#1852);
#1253=LINE('',#8285,#1853);
#1254=LINE('',#8287,#1854);
#1255=LINE('',#8289,#1855);
#1256=LINE('',#8290,#1856);
#1257=LINE('',#8293,#1857);
#1258=LINE('',#8295,#1858);
#1259=LINE('',#8297,#1859);
#1260=LINE('',#8299,#1860);
#1261=LINE('',#8300,#1861);
#1262=LINE('',#8301,#1862);
#1263=LINE('',#8302,#1863);
#1264=LINE('',#8304,#1864);
#1265=LINE('',#8306,#1865);
#1266=LINE('',#8308,#1866);
#1267=LINE('',#8310,#1867);
#1268=LINE('',#8311,#1868);
#1269=LINE('',#8314,#1869);
#1270=LINE('',#8315,#1870);
#1271=LINE('',#8318,#1871);
#1272=LINE('',#8325,#1872);
#1273=LINE('',#8326,#1873);
#1274=LINE('',#8328,#1874);
#1275=LINE('',#8329,#1875);
#1276=LINE('',#8333,#1876);
#1277=LINE('',#8337,#1877);
#1278=LINE('',#8339,#1878);
#1279=LINE('',#8340,#1879);
#1280=LINE('',#8342,#1880);
#1281=LINE('',#8343,#1881);
#1282=LINE('',#8346,#1882);
#1283=LINE('',#8353,#1883);
#1284=LINE('',#8355,#1884);
#1285=LINE('',#8356,#1885);
#1286=LINE('',#8360,#1886);
#1287=LINE('',#8361,#1887);
#1288=LINE('',#8362,#1888);
#1289=LINE('',#8365,#1889);
#1290=LINE('',#8367,#1890);
#1291=LINE('',#8374,#1891);
#1292=LINE('',#8375,#1892);
#1293=LINE('',#8379,#1893);
#1294=LINE('',#8383,#1894);
#1295=LINE('',#8387,#1895);
#1296=LINE('',#8392,#1896);
#1297=LINE('',#8393,#1897);
#1298=LINE('',#8394,#1898);
#1299=LINE('',#8396,#1899);
#1300=LINE('',#8397,#1900);
#1301=LINE('',#8398,#1901);
#1302=LINE('',#8401,#1902);
#1303=LINE('',#8403,#1903);
#1304=LINE('',#8405,#1904);
#1305=LINE('',#8406,#1905);
#1306=LINE('',#8410,#1906);
#1307=LINE('',#8412,#1907);
#1308=LINE('',#8414,#1908);
#1309=LINE('',#8415,#1909);
#1310=LINE('',#8418,#1910);
#1311=LINE('',#8420,#1911);
#1312=LINE('',#8421,#1912);
#1313=LINE('',#8424,#1913);
#1314=LINE('',#8426,#1914);
#1315=LINE('',#8427,#1915);
#1316=LINE('',#8429,#1916);
#1317=LINE('',#8430,#1917);
#1318=LINE('',#8433,#1918);
#1319=LINE('',#8435,#1919);
#1320=LINE('',#8436,#1920);
#1321=LINE('',#8439,#1921);
#1322=LINE('',#8442,#1922);
#1323=LINE('',#8443,#1923);
#1324=LINE('',#8448,#1924);
#1325=LINE('',#8450,#1925);
#1326=LINE('',#8452,#1926);
#1327=LINE('',#8453,#1927);
#1328=LINE('',#8456,#1928);
#1329=LINE('',#8458,#1929);
#1330=LINE('',#8459,#1930);
#1331=LINE('',#8462,#1931);
#1332=LINE('',#8464,#1932);
#1333=LINE('',#8465,#1933);
#1334=LINE('',#8467,#1934);
#1335=LINE('',#8468,#1935);
#1336=LINE('',#8471,#1936);
#1337=LINE('',#8473,#1937);
#1338=LINE('',#8474,#1938);
#1339=LINE('',#8477,#1939);
#1340=LINE('',#8480,#1940);
#1341=LINE('',#8481,#1941);
#1342=LINE('',#8486,#1942);
#1343=LINE('',#8488,#1943);
#1344=LINE('',#8490,#1944);
#1345=LINE('',#8491,#1945);
#1346=LINE('',#8494,#1946);
#1347=LINE('',#8496,#1947);
#1348=LINE('',#8497,#1948);
#1349=LINE('',#8500,#1949);
#1350=LINE('',#8502,#1950);
#1351=LINE('',#8503,#1951);
#1352=LINE('',#8505,#1952);
#1353=LINE('',#8506,#1953);
#1354=LINE('',#8509,#1954);
#1355=LINE('',#8511,#1955);
#1356=LINE('',#8512,#1956);
#1357=LINE('',#8515,#1957);
#1358=LINE('',#8518,#1958);
#1359=LINE('',#8519,#1959);
#1360=LINE('',#8523,#1960);
#1361=LINE('',#8524,#1961);
#1362=LINE('',#8528,#1962);
#1363=LINE('',#8530,#1963);
#1364=LINE('',#8532,#1964);
#1365=LINE('',#8535,#1965);
#1366=LINE('',#8537,#1966);
#1367=LINE('',#8538,#1967);
#1368=LINE('',#8541,#1968);
#1369=LINE('',#8542,#1969);
#1370=LINE('',#8546,#1970);
#1371=LINE('',#8548,#1971);
#1372=LINE('',#8550,#1972);
#1373=LINE('',#8553,#1973);
#1374=LINE('',#8555,#1974);
#1375=LINE('',#8556,#1975);
#1376=LINE('',#8559,#1976);
#1377=LINE('',#8560,#1977);
#1378=LINE('',#8564,#1978);
#1379=LINE('',#8566,#1979);
#1380=LINE('',#8568,#1980);
#1381=LINE('',#8571,#1981);
#1382=LINE('',#8573,#1982);
#1383=LINE('',#8574,#1983);
#1384=LINE('',#8576,#1984);
#1385=LINE('',#8578,#1985);
#1386=LINE('',#8580,#1986);
#1387=LINE('',#8582,#1987);
#1388=LINE('',#8584,#1988);
#1389=LINE('',#8590,#1989);
#1390=LINE('',#8591,#1990);
#1391=LINE('',#8594,#1991);
#1392=LINE('',#8595,#1992);
#1393=LINE('',#8597,#1993);
#1394=LINE('',#8600,#1994);
#1395=LINE('',#8601,#1995);
#1396=LINE('',#8604,#1996);
#1397=LINE('',#8605,#1997);
#1398=LINE('',#8607,#1998);
#1399=LINE('',#8612,#1999);
#1400=LINE('',#8613,#2000);
#1401=LINE('',#8616,#2001);
#1402=LINE('',#8617,#2002);
#1403=LINE('',#8619,#2003);
#1404=LINE('',#8622,#2004);
#1405=LINE('',#8624,#2005);
#1406=LINE('',#8626,#2006);
#1407=LINE('',#8663,#2007);
#1408=LINE('',#8665,#2008);
#1409=LINE('',#8667,#2009);
#1410=LINE('',#8669,#2010);
#1411=LINE('',#8670,#2011);
#1412=LINE('',#8673,#2012);
#1413=LINE('',#8675,#2013);
#1414=LINE('',#8676,#2014);
#1415=LINE('',#8679,#2015);
#1416=LINE('',#8680,#2016);
#1417=LINE('',#8683,#2017);
#1418=LINE('',#8684,#2018);
#1419=LINE('',#8687,#2019);
#1420=LINE('',#8688,#2020);
#1421=LINE('',#8691,#2021);
#1422=LINE('',#8692,#2022);
#1423=LINE('',#8695,#2023);
#1424=LINE('',#8696,#2024);
#1425=LINE('',#8698,#2025);
#1426=LINE('',#8700,#2026);
#1427=LINE('',#8701,#2027);
#1428=LINE('',#8704,#2028);
#1429=LINE('',#8705,#2029);
#1430=LINE('',#8707,#2030);
#1431=LINE('',#8709,#2031);
#1432=LINE('',#8710,#2032);
#1433=LINE('',#8713,#2033);
#1434=LINE('',#8714,#2034);
#1435=LINE('',#8717,#2035);
#1436=LINE('',#8718,#2036);
#1437=LINE('',#8720,#2037);
#1438=LINE('',#8721,#2038);
#1439=LINE('',#8724,#2039);
#1440=LINE('',#8726,#2040);
#1441=LINE('',#8728,#2041);
#1442=LINE('',#8730,#2042);
#1443=LINE('',#8732,#2043);
#1444=LINE('',#8733,#2044);
#1445=LINE('',#8735,#2045);
#1446=LINE('',#8736,#2046);
#1447=LINE('',#8737,#2047);
#1448=LINE('',#8739,#2048);
#1449=LINE('',#8741,#2049);
#1450=LINE('',#8743,#2050);
#1451=LINE('',#8745,#2051);
#1452=LINE('',#8747,#2052);
#1453=LINE('',#8748,#2053);
#1454=LINE('',#8751,#2054);
#1455=LINE('',#8753,#2055);
#1456=LINE('',#8755,#2056);
#1457=LINE('',#8756,#2057);
#1458=LINE('',#8759,#2058);
#1459=LINE('',#8761,#2059);
#1460=LINE('',#8763,#2060);
#1461=LINE('',#8764,#2061);
#1462=LINE('',#8766,#2062);
#1463=LINE('',#8767,#2063);
#1464=LINE('',#8770,#2064);
#1465=LINE('',#8771,#2065);
#1466=LINE('',#8774,#2066);
#1467=LINE('',#8776,#2067);
#1468=LINE('',#8777,#2068);
#1469=LINE('',#8780,#2069);
#1470=LINE('',#8782,#2070);
#1471=LINE('',#8783,#2071);
#1472=LINE('',#8785,#2072);
#1473=LINE('',#8787,#2073);
#1474=LINE('',#8790,#2074);
#1475=LINE('',#8792,#2075);
#1476=LINE('',#8793,#2076);
#1477=LINE('',#8795,#2077);
#1478=LINE('',#8797,#2078);
#1479=LINE('',#8800,#2079);
#1480=LINE('',#8802,#2080);
#1481=LINE('',#8804,#2081);
#1482=LINE('',#8805,#2082);
#1483=LINE('',#8808,#2083);
#1484=LINE('',#8810,#2084);
#1485=LINE('',#8811,#2085);
#1486=LINE('',#8814,#2086);
#1487=LINE('',#8816,#2087);
#1488=LINE('',#8818,#2088);
#1489=LINE('',#8819,#2089);
#1490=LINE('',#8822,#2090);
#1491=LINE('',#8824,#2091);
#1492=LINE('',#8826,#2092);
#1493=LINE('',#8827,#2093);
#1494=LINE('',#8831,#2094);
#1495=LINE('',#8832,#2095);
#1496=LINE('',#8833,#2096);
#1497=LINE('',#8836,#2097);
#1498=LINE('',#8837,#2098);
#1499=LINE('',#8841,#2099);
#1500=LINE('',#8842,#2100);
#1501=LINE('',#8843,#2101);
#1502=LINE('',#8846,#2102);
#1503=LINE('',#8847,#2103);
#1504=LINE('',#8851,#2104);
#1505=LINE('',#8852,#2105);
#1506=LINE('',#8853,#2106);
#1507=LINE('',#8856,#2107);
#1508=LINE('',#8857,#2108);
#1509=LINE('',#8860,#2109);
#1510=LINE('',#8861,#2110);
#1511=LINE('',#8863,#2111);
#1512=LINE('',#8866,#2112);
#1513=LINE('',#8867,#2113);
#1514=LINE('',#8869,#2114);
#1515=LINE('',#8872,#2115);
#1516=LINE('',#8873,#2116);
#1517=LINE('',#8875,#2117);
#1518=LINE('',#8879,#2118);
#1519=LINE('',#8892,#2119);
#1520=LINE('',#8894,#2120);
#1521=LINE('',#8896,#2121);
#1522=LINE('',#8904,#2122);
#1523=LINE('',#8906,#2123);
#1524=LINE('',#8908,#2124);
#1525=LINE('',#8926,#2125);
#1526=LINE('',#8938,#2126);
#1527=LINE('',#8952,#2127);
#1528=LINE('',#8957,#2128);
#1529=LINE('',#8959,#2129);
#1530=LINE('',#8961,#2130);
#1531=LINE('',#8971,#2131);
#1532=LINE('',#8973,#2132);
#1533=LINE('',#8978,#2133);
#1534=LINE('',#8980,#2134);
#1535=LINE('',#8982,#2135);
#1536=LINE('',#8983,#2136);
#1537=LINE('',#8998,#2137);
#1538=LINE('',#9013,#2138);
#1539=LINE('',#9028,#2139);
#1540=LINE('',#9043,#2140);
#1541=LINE('',#9046,#2141);
#1542=LINE('',#9048,#2142);
#1543=LINE('',#9049,#2143);
#1544=LINE('',#9052,#2144);
#1545=LINE('',#9054,#2145);
#1546=LINE('',#9055,#2146);
#1547=LINE('',#9058,#2147);
#1548=LINE('',#9060,#2148);
#1549=LINE('',#9061,#2149);
#1550=LINE('',#9076,#2150);
#1551=LINE('',#9091,#2151);
#1552=LINE('',#9106,#2152);
#1553=LINE('',#9121,#2153);
#1554=LINE('',#9148,#2154);
#1555=LINE('',#9153,#2155);
#1556=LINE('',#9168,#2156);
#1557=LINE('',#9183,#2157);
#1558=LINE('',#9198,#2158);
#1559=LINE('',#9213,#2159);
#1560=LINE('',#9228,#2160);
#1561=LINE('',#9231,#2161);
#1562=LINE('',#9233,#2162);
#1563=LINE('',#9234,#2163);
#1564=LINE('',#9236,#2164);
#1565=LINE('',#9237,#2165);
#1566=LINE('',#9250,#2166);
#1567=LINE('',#9255,#2167);
#1568=LINE('',#9270,#2168);
#1569=LINE('',#9285,#2169);
#1570=LINE('',#9300,#2170);
#1571=LINE('',#9315,#2171);
#1572=LINE('',#9330,#2172);
#1573=LINE('',#9333,#2173);
#1574=LINE('',#9335,#2174);
#1575=LINE('',#9336,#2175);
#1576=LINE('',#9338,#2176);
#1577=LINE('',#9339,#2177);
#1578=LINE('',#9352,#2178);
#1579=LINE('',#9357,#2179);
#1580=LINE('',#9360,#2180);
#1581=LINE('',#9362,#2181);
#1582=LINE('',#9363,#2182);
#1583=LINE('',#9378,#2183);
#1584=LINE('',#9393,#2184);
#1585=LINE('',#9408,#2185);
#1586=LINE('',#9423,#2186);
#1587=LINE('',#9438,#2187);
#1588=LINE('',#9453,#2188);
#1589=LINE('',#9456,#2189);
#1590=LINE('',#9458,#2190);
#1591=LINE('',#9459,#2191);
#1592=LINE('',#9474,#2192);
#1593=LINE('',#9489,#2193);
#1594=LINE('',#9504,#2194);
#1595=LINE('',#9519,#2195);
#1596=LINE('',#9546,#2196);
#1597=LINE('',#9551,#2197);
#1598=LINE('',#9566,#2198);
#1599=LINE('',#9581,#2199);
#1600=LINE('',#9596,#2200);
#1601=LINE('',#9611,#2201);
#1602=LINE('',#9626,#2202);
#1603=LINE('',#9641,#2203);
#1604=LINE('',#9656,#2204);
#1605=LINE('',#9671,#2205);
#1606=LINE('',#9686,#2206);
#1607=LINE('',#9701,#2207);
#1608=LINE('',#9726,#2208);
#1609=LINE('',#9731,#2209);
#1610=LINE('',#9746,#2210);
#1611=LINE('',#9761,#2211);
#1612=LINE('',#9776,#2212);
#1613=LINE('',#9791,#2213);
#1614=LINE('',#9806,#2214);
#1615=LINE('',#9821,#2215);
#1616=LINE('',#9836,#2216);
#1617=LINE('',#9851,#2217);
#1618=LINE('',#9866,#2218);
#1619=LINE('',#9881,#2219);
#1620=LINE('',#9908,#2220);
#1621=LINE('',#9913,#2221);
#1622=LINE('',#9928,#2222);
#1623=LINE('',#9943,#2223);
#1624=LINE('',#9958,#2224);
#1625=LINE('',#9973,#2225);
#1626=LINE('',#9988,#2226);
#1627=LINE('',#10003,#2227);
#1628=LINE('',#10021,#2228);
#1629=LINE('',#10023,#2229);
#1630=LINE('',#10025,#2230);
#1631=LINE('',#10026,#2231);
#1632=LINE('',#10029,#2232);
#1633=LINE('',#10031,#2233);
#1634=LINE('',#10032,#2234);
#1635=LINE('',#10035,#2235);
#1636=LINE('',#10037,#2236);
#1637=LINE('',#10038,#2237);
#1638=LINE('',#10041,#2238);
#1639=LINE('',#10043,#2239);
#1640=LINE('',#10044,#2240);
#1641=LINE('',#10047,#2241);
#1642=LINE('',#10049,#2242);
#1643=LINE('',#10050,#2243);
#1644=LINE('',#10053,#2244);
#1645=LINE('',#10055,#2245);
#1646=LINE('',#10056,#2246);
#1647=LINE('',#10059,#2247);
#1648=LINE('',#10061,#2248);
#1649=LINE('',#10062,#2249);
#1650=LINE('',#10065,#2250);
#1651=LINE('',#10067,#2251);
#1652=LINE('',#10068,#2252);
#1653=LINE('',#10071,#2253);
#1654=LINE('',#10073,#2254);
#1655=LINE('',#10074,#2255);
#1656=LINE('',#10077,#2256);
#1657=LINE('',#10079,#2257);
#1658=LINE('',#10080,#2258);
#1659=LINE('',#10082,#2259);
#1660=LINE('',#10083,#2260);
#1661=LINE('',#10098,#2261);
#1662=LINE('',#10103,#2262);
#1663=LINE('',#10118,#2263);
#1664=LINE('',#10133,#2264);
#1665=LINE('',#10148,#2265);
#1666=LINE('',#10163,#2266);
#1667=LINE('',#10178,#2267);
#1668=LINE('',#10193,#2268);
#1669=LINE('',#10208,#2269);
#1670=LINE('',#10223,#2270);
#1671=LINE('',#10238,#2271);
#1672=LINE('',#10253,#2272);
#1673=LINE('',#10256,#2273);
#1674=LINE('',#10258,#2274);
#1675=LINE('',#10259,#2275);
#1676=LINE('',#10274,#2276);
#1677=LINE('',#10289,#2277);
#1678=LINE('',#10304,#2278);
#1679=LINE('',#10319,#2279);
#1680=LINE('',#10334,#2280);
#1681=LINE('',#10349,#2281);
#1682=LINE('',#10364,#2282);
#1683=LINE('',#10379,#2283);
#1684=LINE('',#10394,#2284);
#1685=LINE('',#10409,#2285);
#1686=LINE('',#10424,#2286);
#1687=LINE('',#10439,#2287);
#1688=LINE('',#10454,#2288);
#1689=LINE('',#10469,#2289);
#1690=LINE('',#10484,#2290);
#1691=LINE('',#10499,#2291);
#1692=LINE('',#10502,#2292);
#1693=LINE('',#10504,#2293);
#1694=LINE('',#10505,#2294);
#1695=LINE('',#10520,#2295);
#1696=LINE('',#10535,#2296);
#1697=LINE('',#10550,#2297);
#1698=LINE('',#10565,#2298);
#1699=VECTOR('',#6223,10.);
#1700=VECTOR('',#6224,10.);
#1701=VECTOR('',#6225,10.);
#1702=VECTOR('',#6226,10.);
#1703=VECTOR('',#6229,10.);
#1704=VECTOR('',#6230,10.);
#1705=VECTOR('',#6231,10.);
#1706=VECTOR('',#6234,10.);
#1707=VECTOR('',#6235,10.);
#1708=VECTOR('',#6236,10.);
#1709=VECTOR('',#6237,10.);
#1710=VECTOR('',#6240,10.);
#1711=VECTOR('',#6241,10.);
#1712=VECTOR('',#6242,10.);
#1713=VECTOR('',#6243,10.);
#1714=VECTOR('',#6244,10.);
#1715=VECTOR('',#6247,10.);
#1716=VECTOR('',#6248,10.);
#1717=VECTOR('',#6249,10.);
#1718=VECTOR('',#6250,10.);
#1719=VECTOR('',#6253,10.);
#1720=VECTOR('',#6254,10.);
#1721=VECTOR('',#6255,10.);
#1722=VECTOR('',#6256,10.);
#1723=VECTOR('',#6257,10.);
#1724=VECTOR('',#6258,10.);
#1725=VECTOR('',#6261,10.);
#1726=VECTOR('',#6262,10.);
#1727=VECTOR('',#6263,10.);
#1728=VECTOR('',#6264,10.);
#1729=VECTOR('',#6265,10.);
#1730=VECTOR('',#6268,10.);
#1731=VECTOR('',#6273,10.);
#1732=VECTOR('',#6274,10.);
#1733=VECTOR('',#6275,10.);
#1734=VECTOR('',#6278,10.);
#1735=VECTOR('',#6279,10.);
#1736=VECTOR('',#6280,10.);
#1737=VECTOR('',#6281,10.);
#1738=VECTOR('',#6282,10.);
#1739=VECTOR('',#6287,10.);
#1740=VECTOR('',#6292,10.);
#1741=VECTOR('',#6297,10.);
#1742=VECTOR('',#6302,10.);
#1743=VECTOR('',#6303,10.);
#1744=VECTOR('',#6304,10.);
#1745=VECTOR('',#6311,10.);
#1746=VECTOR('',#6312,10.);
#1747=VECTOR('',#6313,10.);
#1748=VECTOR('',#6314,10.);
#1749=VECTOR('',#6315,10.);
#1750=VECTOR('',#6316,10.);
#1751=VECTOR('',#6319,10.);
#1752=VECTOR('',#6322,10.);
#1753=VECTOR('',#6325,10.);
#1754=VECTOR('',#6326,10.);
#1755=VECTOR('',#6327,10.);
#1756=VECTOR('',#6328,10.);
#1757=VECTOR('',#6329,10.);
#1758=VECTOR('',#6332,10.);
#1759=VECTOR('',#6333,10.);
#1760=VECTOR('',#6334,10.);
#1761=VECTOR('',#6337,10.);
#1762=VECTOR('',#6338,10.);
#1763=VECTOR('',#6343,10.);
#1764=VECTOR('',#6344,10.);
#1765=VECTOR('',#6345,10.);
#1766=VECTOR('',#6346,10.);
#1767=VECTOR('',#6347,10.);
#1768=VECTOR('',#6348,10.);
#1769=VECTOR('',#6349,10.);
#1770=VECTOR('',#6350,10.);
#1771=VECTOR('',#6351,10.);
#1772=VECTOR('',#6352,10.);
#1773=VECTOR('',#6355,10.);
#1774=VECTOR('',#6356,10.);
#1775=VECTOR('',#6357,10.);
#1776=VECTOR('',#6360,10.);
#1777=VECTOR('',#6361,10.);
#1778=VECTOR('',#6362,10.);
#1779=VECTOR('',#6365,10.);
#1780=VECTOR('',#6366,10.);
#1781=VECTOR('',#6367,10.);
#1782=VECTOR('',#6370,10.);
#1783=VECTOR('',#6371,10.);
#1784=VECTOR('',#6372,10.);
#1785=VECTOR('',#6377,10.);
#1786=VECTOR('',#6378,10.);
#1787=VECTOR('',#6379,10.);
#1788=VECTOR('',#6380,10.);
#1789=VECTOR('',#6383,10.);
#1790=VECTOR('',#6384,10.);
#1791=VECTOR('',#6385,10.);
#1792=VECTOR('',#6386,10.);
#1793=VECTOR('',#6387,10.);
#1794=VECTOR('',#6390,10.);
#1795=VECTOR('',#6391,10.);
#1796=VECTOR('',#6392,10.);
#1797=VECTOR('',#6393,10.);
#1798=VECTOR('',#6394,10.);
#1799=VECTOR('',#6395,10.);
#1800=VECTOR('',#6398,10.);
#1801=VECTOR('',#6399,10.);
#1802=VECTOR('',#6400,10.);
#1803=VECTOR('',#6401,10.);
#1804=VECTOR('',#6404,10.);
#1805=VECTOR('',#6405,10.);
#1806=VECTOR('',#6406,10.);
#1807=VECTOR('',#6409,10.);
#1808=VECTOR('',#6410,10.);
#1809=VECTOR('',#6411,10.);
#1810=VECTOR('',#6412,10.);
#1811=VECTOR('',#6415,10.);
#1812=VECTOR('',#6416,10.);
#1813=VECTOR('',#6417,10.);
#1814=VECTOR('',#6418,10.);
#1815=VECTOR('',#6421,10.);
#1816=VECTOR('',#6422,10.);
#1817=VECTOR('',#6423,10.);
#1818=VECTOR('',#6426,10.);
#1819=VECTOR('',#6427,10.);
#1820=VECTOR('',#6430,10.);
#1821=VECTOR('',#6431,10.);
#1822=VECTOR('',#6432,10.);
#1823=VECTOR('',#6433,10.);
#1824=VECTOR('',#6434,10.);
#1825=VECTOR('',#6435,10.);
#1826=VECTOR('',#6436,10.);
#1827=VECTOR('',#6439,10.);
#1828=VECTOR('',#6440,10.);
#1829=VECTOR('',#6445,10.);
#1830=VECTOR('',#6448,10.);
#1831=VECTOR('',#6449,10.);
#1832=VECTOR('',#6450,10.);
#1833=VECTOR('',#6451,10.);
#1834=VECTOR('',#6452,10.);
#1835=VECTOR('',#6453,10.);
#1836=VECTOR('',#6454,10.);
#1837=VECTOR('',#6455,10.);
#1838=VECTOR('',#6456,10.);
#1839=VECTOR('',#6457,10.);
#1840=VECTOR('',#6458,10.);
#1841=VECTOR('',#6459,10.);
#1842=VECTOR('',#6460,10.);
#1843=VECTOR('',#6461,10.);
#1844=VECTOR('',#6462,10.);
#1845=VECTOR('',#6463,10.);
#1846=VECTOR('',#6464,10.);
#1847=VECTOR('',#6465,10.);
#1848=VECTOR('',#6466,10.);
#1849=VECTOR('',#6467,10.);
#1850=VECTOR('',#6468,10.);
#1851=VECTOR('',#6469,10.);
#1852=VECTOR('',#6470,10.);
#1853=VECTOR('',#6471,10.);
#1854=VECTOR('',#6472,10.);
#1855=VECTOR('',#6473,10.);
#1856=VECTOR('',#6474,10.);
#1857=VECTOR('',#6477,10.);
#1858=VECTOR('',#6478,10.);
#1859=VECTOR('',#6479,10.);
#1860=VECTOR('',#6480,10.);
#1861=VECTOR('',#6481,10.);
#1862=VECTOR('',#6482,10.);
#1863=VECTOR('',#6483,10.);
#1864=VECTOR('',#6484,10.);
#1865=VECTOR('',#6485,10.);
#1866=VECTOR('',#6486,10.);
#1867=VECTOR('',#6487,10.);
#1868=VECTOR('',#6488,10.);
#1869=VECTOR('',#6491,10.);
#1870=VECTOR('',#6492,10.);
#1871=VECTOR('',#6495,10.);
#1872=VECTOR('',#6496,10.);
#1873=VECTOR('',#6497,10.);
#1874=VECTOR('',#6498,10.);
#1875=VECTOR('',#6499,10.);
#1876=VECTOR('',#6502,10.);
#1877=VECTOR('',#6505,10.);
#1878=VECTOR('',#6506,10.);
#1879=VECTOR('',#6507,10.);
#1880=VECTOR('',#6508,10.);
#1881=VECTOR('',#6509,10.);
#1882=VECTOR('',#6512,10.);
#1883=VECTOR('',#6513,10.);
#1884=VECTOR('',#6514,10.);
#1885=VECTOR('',#6515,10.);
#1886=VECTOR('',#6518,10.);
#1887=VECTOR('',#6519,10.);
#1888=VECTOR('',#6520,10.);
#1889=VECTOR('',#6523,10.);
#1890=VECTOR('',#6524,10.);
#1891=VECTOR('',#6527,10.);
#1892=VECTOR('',#6528,10.);
#1893=VECTOR('',#6533,10.);
#1894=VECTOR('',#6536,10.);
#1895=VECTOR('',#6539,10.);
#1896=VECTOR('',#6544,10.);
#1897=VECTOR('',#6545,10.);
#1898=VECTOR('',#6546,10.);
#1899=VECTOR('',#6549,10.);
#1900=VECTOR('',#6550,10.);
#1901=VECTOR('',#6551,10.);
#1902=VECTOR('',#6554,10.);
#1903=VECTOR('',#6555,10.);
#1904=VECTOR('',#6556,10.);
#1905=VECTOR('',#6557,10.);
#1906=VECTOR('',#6560,10.);
#1907=VECTOR('',#6561,10.);
#1908=VECTOR('',#6562,10.);
#1909=VECTOR('',#6563,10.);
#1910=VECTOR('',#6566,10.);
#1911=VECTOR('',#6567,10.);
#1912=VECTOR('',#6568,10.);
#1913=VECTOR('',#6571,10.);
#1914=VECTOR('',#6572,10.);
#1915=VECTOR('',#6573,10.);
#1916=VECTOR('',#6576,10.);
#1917=VECTOR('',#6577,10.);
#1918=VECTOR('',#6580,10.);
#1919=VECTOR('',#6581,10.);
#1920=VECTOR('',#6582,10.);
#1921=VECTOR('',#6585,10.);
#1922=VECTOR('',#6588,10.);
#1923=VECTOR('',#6589,10.);
#1924=VECTOR('',#6594,10.);
#1925=VECTOR('',#6595,10.);
#1926=VECTOR('',#6596,10.);
#1927=VECTOR('',#6597,10.);
#1928=VECTOR('',#6600,10.);
#1929=VECTOR('',#6601,10.);
#1930=VECTOR('',#6602,10.);
#1931=VECTOR('',#6605,10.);
#1932=VECTOR('',#6606,10.);
#1933=VECTOR('',#6607,10.);
#1934=VECTOR('',#6610,10.);
#1935=VECTOR('',#6611,10.);
#1936=VECTOR('',#6614,10.);
#1937=VECTOR('',#6615,10.);
#1938=VECTOR('',#6616,10.);
#1939=VECTOR('',#6619,10.);
#1940=VECTOR('',#6622,10.);
#1941=VECTOR('',#6623,10.);
#1942=VECTOR('',#6628,10.);
#1943=VECTOR('',#6629,10.);
#1944=VECTOR('',#6630,10.);
#1945=VECTOR('',#6631,10.);
#1946=VECTOR('',#6634,10.);
#1947=VECTOR('',#6635,10.);
#1948=VECTOR('',#6636,10.);
#1949=VECTOR('',#6639,10.);
#1950=VECTOR('',#6640,10.);
#1951=VECTOR('',#6641,10.);
#1952=VECTOR('',#6644,10.);
#1953=VECTOR('',#6645,10.);
#1954=VECTOR('',#6648,10.);
#1955=VECTOR('',#6649,10.);
#1956=VECTOR('',#6650,10.);
#1957=VECTOR('',#6653,10.);
#1958=VECTOR('',#6656,10.);
#1959=VECTOR('',#6657,10.);
#1960=VECTOR('',#6662,10.);
#1961=VECTOR('',#6663,10.);
#1962=VECTOR('',#6668,10.);
#1963=VECTOR('',#6671,10.);
#1964=VECTOR('',#6674,10.);
#1965=VECTOR('',#6677,10.);
#1966=VECTOR('',#6678,10.);
#1967=VECTOR('',#6679,10.);
#1968=VECTOR('',#6682,10.);
#1969=VECTOR('',#6683,10.);
#1970=VECTOR('',#6688,10.);
#1971=VECTOR('',#6691,10.);
#1972=VECTOR('',#6694,10.);
#1973=VECTOR('',#6697,10.);
#1974=VECTOR('',#6698,10.);
#1975=VECTOR('',#6699,10.);
#1976=VECTOR('',#6702,10.);
#1977=VECTOR('',#6703,10.);
#1978=VECTOR('',#6708,10.);
#1979=VECTOR('',#6711,10.);
#1980=VECTOR('',#6714,10.);
#1981=VECTOR('',#6717,10.);
#1982=VECTOR('',#6718,10.);
#1983=VECTOR('',#6719,10.);
#1984=VECTOR('',#6722,10.);
#1985=VECTOR('',#6725,10.);
#1986=VECTOR('',#6728,10.);
#1987=VECTOR('',#6731,10.);
#1988=VECTOR('',#6734,10.);
#1989=VECTOR('',#6743,10.);
#1990=VECTOR('',#6744,10.);
#1991=VECTOR('',#6747,10.);
#1992=VECTOR('',#6748,10.);
#1993=VECTOR('',#6751,10.);
#1994=VECTOR('',#6754,10.);
#1995=VECTOR('',#6755,10.);
#1996=VECTOR('',#6758,10.);
#1997=VECTOR('',#6759,10.);
#1998=VECTOR('',#6762,10.);
#1999=VECTOR('',#6769,10.);
#2000=VECTOR('',#6770,10.);
#2001=VECTOR('',#6773,10.);
#2002=VECTOR('',#6774,10.);
#2003=VECTOR('',#6777,10.);
#2004=VECTOR('',#6780,10.);
#2005=VECTOR('',#6781,10.);
#2006=VECTOR('',#6782,10.);
#2007=VECTOR('',#6789,10.);
#2008=VECTOR('',#6790,10.);
#2009=VECTOR('',#6791,10.);
#2010=VECTOR('',#6792,10.);
#2011=VECTOR('',#6793,10.);
#2012=VECTOR('',#6796,10.);
#2013=VECTOR('',#6797,10.);
#2014=VECTOR('',#6798,10.);
#2015=VECTOR('',#6801,10.);
#2016=VECTOR('',#6802,10.);
#2017=VECTOR('',#6805,10.);
#2018=VECTOR('',#6806,10.);
#2019=VECTOR('',#6809,10.);
#2020=VECTOR('',#6810,10.);
#2021=VECTOR('',#6813,10.);
#2022=VECTOR('',#6814,10.);
#2023=VECTOR('',#6817,10.);
#2024=VECTOR('',#6818,10.);
#2025=VECTOR('',#6821,10.);
#2026=VECTOR('',#6822,10.);
#2027=VECTOR('',#6823,10.);
#2028=VECTOR('',#6826,10.);
#2029=VECTOR('',#6827,10.);
#2030=VECTOR('',#6830,10.);
#2031=VECTOR('',#6831,10.);
#2032=VECTOR('',#6832,10.);
#2033=VECTOR('',#6835,10.);
#2034=VECTOR('',#6836,10.);
#2035=VECTOR('',#6839,10.);
#2036=VECTOR('',#6840,10.);
#2037=VECTOR('',#6841,10.);
#2038=VECTOR('',#6842,10.);
#2039=VECTOR('',#6845,10.);
#2040=VECTOR('',#6846,10.);
#2041=VECTOR('',#6847,10.);
#2042=VECTOR('',#6848,10.);
#2043=VECTOR('',#6849,10.);
#2044=VECTOR('',#6850,10.);
#2045=VECTOR('',#6851,10.);
#2046=VECTOR('',#6852,10.);
#2047=VECTOR('',#6853,10.);
#2048=VECTOR('',#6856,10.);
#2049=VECTOR('',#6857,10.);
#2050=VECTOR('',#6858,10.);
#2051=VECTOR('',#6859,10.);
#2052=VECTOR('',#6860,10.);
#2053=VECTOR('',#6861,10.);
#2054=VECTOR('',#6864,10.);
#2055=VECTOR('',#6865,10.);
#2056=VECTOR('',#6866,10.);
#2057=VECTOR('',#6867,10.);
#2058=VECTOR('',#6870,10.);
#2059=VECTOR('',#6871,10.);
#2060=VECTOR('',#6872,10.);
#2061=VECTOR('',#6873,10.);
#2062=VECTOR('',#6876,10.);
#2063=VECTOR('',#6877,10.);
#2064=VECTOR('',#6880,10.);
#2065=VECTOR('',#6881,10.);
#2066=VECTOR('',#6884,10.);
#2067=VECTOR('',#6885,10.);
#2068=VECTOR('',#6886,10.);
#2069=VECTOR('',#6889,10.);
#2070=VECTOR('',#6890,10.);
#2071=VECTOR('',#6891,10.);
#2072=VECTOR('',#6894,10.);
#2073=VECTOR('',#6897,10.);
#2074=VECTOR('',#6900,10.);
#2075=VECTOR('',#6901,10.);
#2076=VECTOR('',#6902,10.);
#2077=VECTOR('',#6905,10.);
#2078=VECTOR('',#6908,10.);
#2079=VECTOR('',#6909,10.);
#2080=VECTOR('',#6910,10.);
#2081=VECTOR('',#6911,10.);
#2082=VECTOR('',#6912,10.);
#2083=VECTOR('',#6915,10.);
#2084=VECTOR('',#6916,10.);
#2085=VECTOR('',#6917,10.);
#2086=VECTOR('',#6918,10.);
#2087=VECTOR('',#6919,10.);
#2088=VECTOR('',#6920,10.);
#2089=VECTOR('',#6921,10.);
#2090=VECTOR('',#6922,10.);
#2091=VECTOR('',#6923,10.);
#2092=VECTOR('',#6924,10.);
#2093=VECTOR('',#6925,10.);
#2094=VECTOR('',#6928,10.);
#2095=VECTOR('',#6929,10.);
#2096=VECTOR('',#6930,10.);
#2097=VECTOR('',#6933,10.);
#2098=VECTOR('',#6934,10.);
#2099=VECTOR('',#6937,10.);
#2100=VECTOR('',#6938,10.);
#2101=VECTOR('',#6939,10.);
#2102=VECTOR('',#6942,10.);
#2103=VECTOR('',#6943,10.);
#2104=VECTOR('',#6946,10.);
#2105=VECTOR('',#6947,10.);
#2106=VECTOR('',#6948,10.);
#2107=VECTOR('',#6951,10.);
#2108=VECTOR('',#6952,10.);
#2109=VECTOR('',#6955,10.);
#2110=VECTOR('',#6956,10.);
#2111=VECTOR('',#6959,10.);
#2112=VECTOR('',#6962,10.);
#2113=VECTOR('',#6963,10.);
#2114=VECTOR('',#6966,10.);
#2115=VECTOR('',#6969,10.);
#2116=VECTOR('',#6970,10.);
#2117=VECTOR('',#6973,10.);
#2118=VECTOR('',#6976,10.);
#2119=VECTOR('',#6977,10.);
#2120=VECTOR('',#6978,10.);
#2121=VECTOR('',#6979,10.);
#2122=VECTOR('',#6980,10.);
#2123=VECTOR('',#6983,10.);
#2124=VECTOR('',#6986,10.);
#2125=VECTOR('',#6987,10.);
#2126=VECTOR('',#6988,10.);
#2127=VECTOR('',#6991,10.);
#2128=VECTOR('',#7000,10.);
#2129=VECTOR('',#7003,10.);
#2130=VECTOR('',#7006,10.);
#2131=VECTOR('',#7009,10.);
#2132=VECTOR('',#7012,10.);
#2133=VECTOR('',#7017,10.);
#2134=VECTOR('',#7018,10.);
#2135=VECTOR('',#7019,10.);
#2136=VECTOR('',#7020,10.);
#2137=VECTOR('',#7021,10.);
#2138=VECTOR('',#7022,10.);
#2139=VECTOR('',#7023,10.);
#2140=VECTOR('',#7024,10.);
#2141=VECTOR('',#7027,10.);
#2142=VECTOR('',#7028,10.);
#2143=VECTOR('',#7029,10.);
#2144=VECTOR('',#7032,10.);
#2145=VECTOR('',#7033,10.);
#2146=VECTOR('',#7034,10.);
#2147=VECTOR('',#7037,10.);
#2148=VECTOR('',#7038,10.);
#2149=VECTOR('',#7039,10.);
#2150=VECTOR('',#7040,10.);
#2151=VECTOR('',#7041,10.);
#2152=VECTOR('',#7042,10.);
#2153=VECTOR('',#7043,10.);
#2154=VECTOR('',#7048,10.);
#2155=VECTOR('',#7049,10.);
#2156=VECTOR('',#7050,10.);
#2157=VECTOR('',#7051,10.);
#2158=VECTOR('',#7052,10.);
#2159=VECTOR('',#7053,10.);
#2160=VECTOR('',#7054,10.);
#2161=VECTOR('',#7057,10.);
#2162=VECTOR('',#7058,10.);
#2163=VECTOR('',#7059,10.);
#2164=VECTOR('',#7062,10.);
#2165=VECTOR('',#7063,10.);
#2166=VECTOR('',#7064,10.);
#2167=VECTOR('',#7065,10.);
#2168=VECTOR('',#7066,10.);
#2169=VECTOR('',#7067,10.);
#2170=VECTOR('',#7068,10.);
#2171=VECTOR('',#7069,10.);
#2172=VECTOR('',#7070,10.);
#2173=VECTOR('',#7073,10.);
#2174=VECTOR('',#7074,10.);
#2175=VECTOR('',#7075,10.);
#2176=VECTOR('',#7078,10.);
#2177=VECTOR('',#7079,10.);
#2178=VECTOR('',#7080,10.);
#2179=VECTOR('',#7081,10.);
#2180=VECTOR('',#7084,10.);
#2181=VECTOR('',#7085,10.);
#2182=VECTOR('',#7086,10.);
#2183=VECTOR('',#7087,10.);
#2184=VECTOR('',#7088,10.);
#2185=VECTOR('',#7089,10.);
#2186=VECTOR('',#7090,10.);
#2187=VECTOR('',#7091,10.);
#2188=VECTOR('',#7092,10.);
#2189=VECTOR('',#7095,10.);
#2190=VECTOR('',#7096,10.);
#2191=VECTOR('',#7097,10.);
#2192=VECTOR('',#7098,10.);
#2193=VECTOR('',#7099,10.);
#2194=VECTOR('',#7100,10.);
#2195=VECTOR('',#7101,10.);
#2196=VECTOR('',#7106,10.);
#2197=VECTOR('',#7107,10.);
#2198=VECTOR('',#7108,10.);
#2199=VECTOR('',#7109,10.);
#2200=VECTOR('',#7110,10.);
#2201=VECTOR('',#7111,10.);
#2202=VECTOR('',#7112,10.);
#2203=VECTOR('',#7113,10.);
#2204=VECTOR('',#7114,10.);
#2205=VECTOR('',#7115,10.);
#2206=VECTOR('',#7116,10.);
#2207=VECTOR('',#7117,10.);
#2208=VECTOR('',#7118,10.);
#2209=VECTOR('',#7119,10.);
#2210=VECTOR('',#7120,10.);
#2211=VECTOR('',#7121,10.);
#2212=VECTOR('',#7122,10.);
#2213=VECTOR('',#7123,10.);
#2214=VECTOR('',#7124,10.);
#2215=VECTOR('',#7125,10.);
#2216=VECTOR('',#7126,10.);
#2217=VECTOR('',#7127,10.);
#2218=VECTOR('',#7128,10.);
#2219=VECTOR('',#7129,10.);
#2220=VECTOR('',#7134,10.);
#2221=VECTOR('',#7135,10.);
#2222=VECTOR('',#7136,10.);
#2223=VECTOR('',#7137,10.);
#2224=VECTOR('',#7138,10.);
#2225=VECTOR('',#7139,10.);
#2226=VECTOR('',#7140,10.);
#2227=VECTOR('',#7141,10.);
#2228=VECTOR('',#7148,10.);
#2229=VECTOR('',#7149,10.);
#2230=VECTOR('',#7150,10.);
#2231=VECTOR('',#7151,10.);
#2232=VECTOR('',#7154,10.);
#2233=VECTOR('',#7155,10.);
#2234=VECTOR('',#7156,10.);
#2235=VECTOR('',#7159,10.);
#2236=VECTOR('',#7160,10.);
#2237=VECTOR('',#7161,10.);
#2238=VECTOR('',#7164,10.);
#2239=VECTOR('',#7165,10.);
#2240=VECTOR('',#7166,10.);
#2241=VECTOR('',#7169,10.);
#2242=VECTOR('',#7170,10.);
#2243=VECTOR('',#7171,10.);
#2244=VECTOR('',#7174,10.);
#2245=VECTOR('',#7175,10.);
#2246=VECTOR('',#7176,10.);
#2247=VECTOR('',#7179,10.);
#2248=VECTOR('',#7180,10.);
#2249=VECTOR('',#7181,10.);
#2250=VECTOR('',#7184,10.);
#2251=VECTOR('',#7185,10.);
#2252=VECTOR('',#7186,10.);
#2253=VECTOR('',#7189,10.);
#2254=VECTOR('',#7190,10.);
#2255=VECTOR('',#7191,10.);
#2256=VECTOR('',#7194,10.);
#2257=VECTOR('',#7195,10.);
#2258=VECTOR('',#7196,10.);
#2259=VECTOR('',#7199,10.);
#2260=VECTOR('',#7200,10.);
#2261=VECTOR('',#7205,10.);
#2262=VECTOR('',#7206,10.);
#2263=VECTOR('',#7207,10.);
#2264=VECTOR('',#7208,10.);
#2265=VECTOR('',#7209,10.);
#2266=VECTOR('',#7210,10.);
#2267=VECTOR('',#7211,10.);
#2268=VECTOR('',#7212,10.);
#2269=VECTOR('',#7213,10.);
#2270=VECTOR('',#7214,10.);
#2271=VECTOR('',#7215,10.);
#2272=VECTOR('',#7216,10.);
#2273=VECTOR('',#7219,10.);
#2274=VECTOR('',#7220,10.);
#2275=VECTOR('',#7221,10.);
#2276=VECTOR('',#7222,10.);
#2277=VECTOR('',#7223,10.);
#2278=VECTOR('',#7224,10.);
#2279=VECTOR('',#7225,10.);
#2280=VECTOR('',#7226,10.);
#2281=VECTOR('',#7227,10.);
#2282=VECTOR('',#7228,10.);
#2283=VECTOR('',#7229,10.);
#2284=VECTOR('',#7230,10.);
#2285=VECTOR('',#7231,10.);
#2286=VECTOR('',#7232,10.);
#2287=VECTOR('',#7233,10.);
#2288=VECTOR('',#7234,10.);
#2289=VECTOR('',#7235,10.);
#2290=VECTOR('',#7236,10.);
#2291=VECTOR('',#7237,10.);
#2292=VECTOR('',#7240,10.);
#2293=VECTOR('',#7241,10.);
#2294=VECTOR('',#7242,10.);
#2295=VECTOR('',#7243,10.);
#2296=VECTOR('',#7244,10.);
#2297=VECTOR('',#7245,10.);
#2298=VECTOR('',#7246,10.);
#2299=VERTEX_POINT('',#7253);
#2300=VERTEX_POINT('',#7254);
#2301=VERTEX_POINT('',#7256);
#2302=VERTEX_POINT('',#7258);
#2303=VERTEX_POINT('',#7262);
#2304=VERTEX_POINT('',#7264);
#2305=VERTEX_POINT('',#7268);
#2306=VERTEX_POINT('',#7269);
#2307=VERTEX_POINT('',#7271);
#2308=VERTEX_POINT('',#7273);
#2309=VERTEX_POINT('',#7277);
#2310=VERTEX_POINT('',#7279);
#2311=VERTEX_POINT('',#7281);
#2312=VERTEX_POINT('',#7283);
#2313=VERTEX_POINT('',#7287);
#2314=VERTEX_POINT('',#7288);
#2315=VERTEX_POINT('',#7290);
#2316=VERTEX_POINT('',#7292);
#2317=VERTEX_POINT('',#7296);
#2318=VERTEX_POINT('',#7298);
#2319=VERTEX_POINT('',#7300);
#2320=VERTEX_POINT('',#7302);
#2321=VERTEX_POINT('',#7304);
#2322=VERTEX_POINT('',#7308);
#2323=VERTEX_POINT('',#7310);
#2324=VERTEX_POINT('',#7312);
#2325=VERTEX_POINT('',#7314);
#2326=VERTEX_POINT('',#7316);
#2327=VERTEX_POINT('',#7318);
#2328=VERTEX_POINT('',#7320);
#2329=VERTEX_POINT('',#7324);
#2330=VERTEX_POINT('',#7326);
#2331=VERTEX_POINT('',#7330);
#2332=VERTEX_POINT('',#7332);
#2333=VERTEX_POINT('',#7334);
#2334=VERTEX_POINT('',#7336);
#2335=VERTEX_POINT('',#7340);
#2336=VERTEX_POINT('',#7344);
#2337=VERTEX_POINT('',#7348);
#2338=VERTEX_POINT('',#7350);
#2339=VERTEX_POINT('',#7354);
#2340=VERTEX_POINT('',#7356);
#2341=VERTEX_POINT('',#7390);
#2342=VERTEX_POINT('',#7391);
#2343=VERTEX_POINT('',#7393);
#2344=VERTEX_POINT('',#7401);
#2345=VERTEX_POINT('',#7426);
#2346=VERTEX_POINT('',#7427);
#2347=VERTEX_POINT('',#7429);
#2348=VERTEX_POINT('',#7434);
#2349=VERTEX_POINT('',#7456);
#2350=VERTEX_POINT('',#7457);
#2351=VERTEX_POINT('',#7459);
#2352=VERTEX_POINT('',#7464);
#2353=VERTEX_POINT('',#7495);
#2354=VERTEX_POINT('',#7496);
#2355=VERTEX_POINT('',#7498);
#2356=VERTEX_POINT('',#7500);
#2357=VERTEX_POINT('',#7567);
#2358=VERTEX_POINT('',#7568);
#2359=VERTEX_POINT('',#7570);
#2360=VERTEX_POINT('',#7581);
#2361=VERTEX_POINT('',#7633);
#2362=VERTEX_POINT('',#7634);
#2363=VERTEX_POINT('',#7636);
#2364=VERTEX_POINT('',#7641);
#2365=VERTEX_POINT('',#7695);
#2366=VERTEX_POINT('',#7702);
#2367=VERTEX_POINT('',#7759);
#2368=VERTEX_POINT('',#7761);
#2369=VERTEX_POINT('',#7765);
#2370=VERTEX_POINT('',#7767);
#2371=VERTEX_POINT('',#7793);
#2372=VERTEX_POINT('',#7797);
#2373=VERTEX_POINT('',#7799);
#2374=VERTEX_POINT('',#7801);
#2375=VERTEX_POINT('',#7803);
#2376=VERTEX_POINT('',#7806);
#2377=VERTEX_POINT('',#7807);
#2378=VERTEX_POINT('',#7809);
#2379=VERTEX_POINT('',#7811);
#2380=VERTEX_POINT('',#7822);
#2381=VERTEX_POINT('',#7827);
#2382=VERTEX_POINT('',#7834);
#2383=VERTEX_POINT('',#7836);
#2384=VERTEX_POINT('',#7840);
#2385=VERTEX_POINT('',#7842);
#2386=VERTEX_POINT('',#7846);
#2387=VERTEX_POINT('',#7848);
#2388=VERTEX_POINT('',#7852);
#2389=VERTEX_POINT('',#7854);
#2390=VERTEX_POINT('',#7858);
#2391=VERTEX_POINT('',#7859);
#2392=VERTEX_POINT('',#7861);
#2393=VERTEX_POINT('',#7863);
#2394=VERTEX_POINT('',#7865);
#2395=VERTEX_POINT('',#7869);
#2396=VERTEX_POINT('',#7870);
#2397=VERTEX_POINT('',#7872);
#2398=VERTEX_POINT('',#7874);
#2399=VERTEX_POINT('',#7897);
#2400=VERTEX_POINT('',#7898);
#2401=VERTEX_POINT('',#7905);
#2402=VERTEX_POINT('',#7913);
#2403=VERTEX_POINT('',#7923);
#2404=VERTEX_POINT('',#7925);
#2405=VERTEX_POINT('',#7927);
#2406=VERTEX_POINT('',#7929);
#2407=VERTEX_POINT('',#7931);
#2408=VERTEX_POINT('',#7960);
#2409=VERTEX_POINT('',#7967);
#2410=VERTEX_POINT('',#7977);
#2411=VERTEX_POINT('',#7978);
#2412=VERTEX_POINT('',#7980);
#2413=VERTEX_POINT('',#7982);
#2414=VERTEX_POINT('',#8008);
#2415=VERTEX_POINT('',#8041);
#2416=VERTEX_POINT('',#8052);
#2417=VERTEX_POINT('',#8065);
#2418=VERTEX_POINT('',#8067);
#2419=VERTEX_POINT('',#8090);
#2420=VERTEX_POINT('',#8101);
#2421=VERTEX_POINT('',#8106);
#2422=VERTEX_POINT('',#8111);
#2423=VERTEX_POINT('',#8124);
#2424=VERTEX_POINT('',#8125);
#2425=VERTEX_POINT('',#8127);
#2426=VERTEX_POINT('',#8129);
#2427=VERTEX_POINT('',#8133);
#2428=VERTEX_POINT('',#8135);
#2429=VERTEX_POINT('',#8158);
#2430=VERTEX_POINT('',#8159);
#2431=VERTEX_POINT('',#8170);
#2432=VERTEX_POINT('',#8180);
#2433=VERTEX_POINT('',#8203);
#2434=VERTEX_POINT('',#8204);
#2435=VERTEX_POINT('',#8220);
#2436=VERTEX_POINT('',#8223);
#2437=VERTEX_POINT('',#8226);
#2438=VERTEX_POINT('',#8231);
#2439=VERTEX_POINT('',#8238);
#2440=VERTEX_POINT('',#8240);
#2441=VERTEX_POINT('',#8243);
#2442=VERTEX_POINT('',#8244);
#2443=VERTEX_POINT('',#8246);
#2444=VERTEX_POINT('',#8248);
#2445=VERTEX_POINT('',#8250);
#2446=VERTEX_POINT('',#8252);
#2447=VERTEX_POINT('',#8254);
#2448=VERTEX_POINT('',#8256);
#2449=VERTEX_POINT('',#8259);
#2450=VERTEX_POINT('',#8260);
#2451=VERTEX_POINT('',#8262);
#2452=VERTEX_POINT('',#8264);
#2453=VERTEX_POINT('',#8266);
#2454=VERTEX_POINT('',#8268);
#2455=VERTEX_POINT('',#8270);
#2456=VERTEX_POINT('',#8272);
#2457=VERTEX_POINT('',#8275);
#2458=VERTEX_POINT('',#8276);
#2459=VERTEX_POINT('',#8278);
#2460=VERTEX_POINT('',#8280);
#2461=VERTEX_POINT('',#8282);
#2462=VERTEX_POINT('',#8284);
#2463=VERTEX_POINT('',#8286);
#2464=VERTEX_POINT('',#8288);
#2465=VERTEX_POINT('',#8292);
#2466=VERTEX_POINT('',#8294);
#2467=VERTEX_POINT('',#8296);
#2468=VERTEX_POINT('',#8298);
#2469=VERTEX_POINT('',#8303);
#2470=VERTEX_POINT('',#8305);
#2471=VERTEX_POINT('',#8307);
#2472=VERTEX_POINT('',#8309);
#2473=VERTEX_POINT('',#8313);
#2474=VERTEX_POINT('',#8317);
#2475=VERTEX_POINT('',#8319);
#2476=VERTEX_POINT('',#8324);
#2477=VERTEX_POINT('',#8327);
#2478=VERTEX_POINT('',#8331);
#2479=VERTEX_POINT('',#8332);
#2480=VERTEX_POINT('',#8334);
#2481=VERTEX_POINT('',#8336);
#2482=VERTEX_POINT('',#8338);
#2483=VERTEX_POINT('',#8341);
#2484=VERTEX_POINT('',#8345);
#2485=VERTEX_POINT('',#8347);
#2486=VERTEX_POINT('',#8352);
#2487=VERTEX_POINT('',#8354);
#2488=VERTEX_POINT('',#8358);
#2489=VERTEX_POINT('',#8359);
#2490=VERTEX_POINT('',#8364);
#2491=VERTEX_POINT('',#8366);
#2492=VERTEX_POINT('',#8373);
#2493=VERTEX_POINT('',#8377);
#2494=VERTEX_POINT('',#8381);
#2495=VERTEX_POINT('',#8382);
#2496=VERTEX_POINT('',#8384);
#2497=VERTEX_POINT('',#8386);
#2498=VERTEX_POINT('',#8390);
#2499=VERTEX_POINT('',#8391);
#2500=VERTEX_POINT('',#8400);
#2501=VERTEX_POINT('',#8402);
#2502=VERTEX_POINT('',#8404);
#2503=VERTEX_POINT('',#8408);
#2504=VERTEX_POINT('',#8409);
#2505=VERTEX_POINT('',#8411);
#2506=VERTEX_POINT('',#8413);
#2507=VERTEX_POINT('',#8417);
#2508=VERTEX_POINT('',#8419);
#2509=VERTEX_POINT('',#8423);
#2510=VERTEX_POINT('',#8425);
#2511=VERTEX_POINT('',#8432);
#2512=VERTEX_POINT('',#8434);
#2513=VERTEX_POINT('',#8438);
#2514=VERTEX_POINT('',#8440);
#2515=VERTEX_POINT('',#8446);
#2516=VERTEX_POINT('',#8447);
#2517=VERTEX_POINT('',#8449);
#2518=VERTEX_POINT('',#8451);
#2519=VERTEX_POINT('',#8455);
#2520=VERTEX_POINT('',#8457);
#2521=VERTEX_POINT('',#8461);
#2522=VERTEX_POINT('',#8463);
#2523=VERTEX_POINT('',#8470);
#2524=VERTEX_POINT('',#8472);
#2525=VERTEX_POINT('',#8476);
#2526=VERTEX_POINT('',#8478);
#2527=VERTEX_POINT('',#8484);
#2528=VERTEX_POINT('',#8485);
#2529=VERTEX_POINT('',#8487);
#2530=VERTEX_POINT('',#8489);
#2531=VERTEX_POINT('',#8493);
#2532=VERTEX_POINT('',#8495);
#2533=VERTEX_POINT('',#8499);
#2534=VERTEX_POINT('',#8501);
#2535=VERTEX_POINT('',#8508);
#2536=VERTEX_POINT('',#8510);
#2537=VERTEX_POINT('',#8514);
#2538=VERTEX_POINT('',#8516);
#2539=VERTEX_POINT('',#8522);
#2540=VERTEX_POINT('',#8526);
#2541=VERTEX_POINT('',#8534);
#2542=VERTEX_POINT('',#8536);
#2543=VERTEX_POINT('',#8540);
#2544=VERTEX_POINT('',#8544);
#2545=VERTEX_POINT('',#8552);
#2546=VERTEX_POINT('',#8554);
#2547=VERTEX_POINT('',#8558);
#2548=VERTEX_POINT('',#8562);
#2549=VERTEX_POINT('',#8570);
#2550=VERTEX_POINT('',#8572);
#2551=VERTEX_POINT('',#8589);
#2552=VERTEX_POINT('',#8593);
#2553=VERTEX_POINT('',#8599);
#2554=VERTEX_POINT('',#8603);
#2555=VERTEX_POINT('',#8611);
#2556=VERTEX_POINT('',#8615);
#2557=VERTEX_POINT('',#8621);
#2558=VERTEX_POINT('',#8623);
#2559=VERTEX_POINT('',#8625);
#2560=VERTEX_POINT('',#8662);
#2561=VERTEX_POINT('',#8664);
#2562=VERTEX_POINT('',#8666);
#2563=VERTEX_POINT('',#8668);
#2564=VERTEX_POINT('',#8672);
#2565=VERTEX_POINT('',#8674);
#2566=VERTEX_POINT('',#8678);
#2567=VERTEX_POINT('',#8682);
#2568=VERTEX_POINT('',#8686);
#2569=VERTEX_POINT('',#8690);
#2570=VERTEX_POINT('',#8694);
#2571=VERTEX_POINT('',#8699);
#2572=VERTEX_POINT('',#8703);
#2573=VERTEX_POINT('',#8708);
#2574=VERTEX_POINT('',#8712);
#2575=VERTEX_POINT('',#8716);
#2576=VERTEX_POINT('',#8719);
#2577=VERTEX_POINT('',#8723);
#2578=VERTEX_POINT('',#8725);
#2579=VERTEX_POINT('',#8727);
#2580=VERTEX_POINT('',#8729);
#2581=VERTEX_POINT('',#8731);
#2582=VERTEX_POINT('',#8734);
#2583=VERTEX_POINT('',#8740);
#2584=VERTEX_POINT('',#8742);
#2585=VERTEX_POINT('',#8744);
#2586=VERTEX_POINT('',#8746);
#2587=VERTEX_POINT('',#8750);
#2588=VERTEX_POINT('',#8752);
#2589=VERTEX_POINT('',#8754);
#2590=VERTEX_POINT('',#8758);
#2591=VERTEX_POINT('',#8760);
#2592=VERTEX_POINT('',#8762);
#2593=VERTEX_POINT('',#8769);
#2594=VERTEX_POINT('',#8773);
#2595=VERTEX_POINT('',#8775);
#2596=VERTEX_POINT('',#8779);
#2597=VERTEX_POINT('',#8781);
#2598=VERTEX_POINT('',#8789);
#2599=VERTEX_POINT('',#8791);
#2600=VERTEX_POINT('',#8798);
#2601=VERTEX_POINT('',#8799);
#2602=VERTEX_POINT('',#8801);
#2603=VERTEX_POINT('',#8803);
#2604=VERTEX_POINT('',#8807);
#2605=VERTEX_POINT('',#8809);
#2606=VERTEX_POINT('',#8812);
#2607=VERTEX_POINT('',#8813);
#2608=VERTEX_POINT('',#8815);
#2609=VERTEX_POINT('',#8817);
#2610=VERTEX_POINT('',#8820);
#2611=VERTEX_POINT('',#8821);
#2612=VERTEX_POINT('',#8823);
#2613=VERTEX_POINT('',#8825);
#2614=VERTEX_POINT('',#8829);
#2615=VERTEX_POINT('',#8830);
#2616=VERTEX_POINT('',#8835);
#2617=VERTEX_POINT('',#8839);
#2618=VERTEX_POINT('',#8840);
#2619=VERTEX_POINT('',#8845);
#2620=VERTEX_POINT('',#8849);
#2621=VERTEX_POINT('',#8850);
#2622=VERTEX_POINT('',#8855);
#2623=VERTEX_POINT('',#8859);
#2624=VERTEX_POINT('',#8865);
#2625=VERTEX_POINT('',#8871);
#2626=VERTEX_POINT('',#8877);
#2627=VERTEX_POINT('',#8878);
#2628=VERTEX_POINT('',#8880);
#2629=VERTEX_POINT('',#8891);
#2630=VERTEX_POINT('',#8893);
#2631=VERTEX_POINT('',#8895);
#2632=VERTEX_POINT('',#8925);
#2633=VERTEX_POINT('',#8927);
#2634=VERTEX_POINT('',#8976);
#2635=VERTEX_POINT('',#8977);
#2636=VERTEX_POINT('',#8979);
#2637=VERTEX_POINT('',#8981);
#2638=VERTEX_POINT('',#8990);
#2639=VERTEX_POINT('',#8994);
#2640=VERTEX_POINT('',#9005);
#2641=VERTEX_POINT('',#9009);
#2642=VERTEX_POINT('',#9020);
#2643=VERTEX_POINT('',#9024);
#2644=VERTEX_POINT('',#9035);
#2645=VERTEX_POINT('',#9039);
#2646=VERTEX_POINT('',#9045);
#2647=VERTEX_POINT('',#9047);
#2648=VERTEX_POINT('',#9051);
#2649=VERTEX_POINT('',#9053);
#2650=VERTEX_POINT('',#9057);
#2651=VERTEX_POINT('',#9059);
#2652=VERTEX_POINT('',#9068);
#2653=VERTEX_POINT('',#9072);
#2654=VERTEX_POINT('',#9083);
#2655=VERTEX_POINT('',#9087);
#2656=VERTEX_POINT('',#9098);
#2657=VERTEX_POINT('',#9102);
#2658=VERTEX_POINT('',#9113);
#2659=VERTEX_POINT('',#9117);
#2660=VERTEX_POINT('',#9142);
#2661=VERTEX_POINT('',#9143);
#2662=VERTEX_POINT('',#9147);
#2663=VERTEX_POINT('',#9149);
#2664=VERTEX_POINT('',#9160);
#2665=VERTEX_POINT('',#9164);
#2666=VERTEX_POINT('',#9175);
#2667=VERTEX_POINT('',#9179);
#2668=VERTEX_POINT('',#9190);
#2669=VERTEX_POINT('',#9194);
#2670=VERTEX_POINT('',#9205);
#2671=VERTEX_POINT('',#9209);
#2672=VERTEX_POINT('',#9220);
#2673=VERTEX_POINT('',#9224);
#2674=VERTEX_POINT('',#9230);
#2675=VERTEX_POINT('',#9232);
#2676=VERTEX_POINT('',#9244);
#2677=VERTEX_POINT('',#9245);
#2678=VERTEX_POINT('',#9249);
#2679=VERTEX_POINT('',#9251);
#2680=VERTEX_POINT('',#9262);
#2681=VERTEX_POINT('',#9266);
#2682=VERTEX_POINT('',#9277);
#2683=VERTEX_POINT('',#9281);
#2684=VERTEX_POINT('',#9292);
#2685=VERTEX_POINT('',#9296);
#2686=VERTEX_POINT('',#9307);
#2687=VERTEX_POINT('',#9311);
#2688=VERTEX_POINT('',#9322);
#2689=VERTEX_POINT('',#9326);
#2690=VERTEX_POINT('',#9332);
#2691=VERTEX_POINT('',#9334);
#2692=VERTEX_POINT('',#9346);
#2693=VERTEX_POINT('',#9347);
#2694=VERTEX_POINT('',#9351);
#2695=VERTEX_POINT('',#9353);
#2696=VERTEX_POINT('',#9359);
#2697=VERTEX_POINT('',#9361);
#2698=VERTEX_POINT('',#9370);
#2699=VERTEX_POINT('',#9374);
#2700=VERTEX_POINT('',#9385);
#2701=VERTEX_POINT('',#9389);
#2702=VERTEX_POINT('',#9400);
#2703=VERTEX_POINT('',#9404);
#2704=VERTEX_POINT('',#9415);
#2705=VERTEX_POINT('',#9419);
#2706=VERTEX_POINT('',#9430);
#2707=VERTEX_POINT('',#9434);
#2708=VERTEX_POINT('',#9445);
#2709=VERTEX_POINT('',#9449);
#2710=VERTEX_POINT('',#9455);
#2711=VERTEX_POINT('',#9457);
#2712=VERTEX_POINT('',#9466);
#2713=VERTEX_POINT('',#9470);
#2714=VERTEX_POINT('',#9481);
#2715=VERTEX_POINT('',#9485);
#2716=VERTEX_POINT('',#9496);
#2717=VERTEX_POINT('',#9500);
#2718=VERTEX_POINT('',#9511);
#2719=VERTEX_POINT('',#9515);
#2720=VERTEX_POINT('',#9540);
#2721=VERTEX_POINT('',#9541);
#2722=VERTEX_POINT('',#9545);
#2723=VERTEX_POINT('',#9547);
#2724=VERTEX_POINT('',#9558);
#2725=VERTEX_POINT('',#9562);
#2726=VERTEX_POINT('',#9573);
#2727=VERTEX_POINT('',#9577);
#2728=VERTEX_POINT('',#9588);
#2729=VERTEX_POINT('',#9592);
#2730=VERTEX_POINT('',#9603);
#2731=VERTEX_POINT('',#9607);
#2732=VERTEX_POINT('',#9618);
#2733=VERTEX_POINT('',#9622);
#2734=VERTEX_POINT('',#9633);
#2735=VERTEX_POINT('',#9637);
#2736=VERTEX_POINT('',#9648);
#2737=VERTEX_POINT('',#9652);
#2738=VERTEX_POINT('',#9663);
#2739=VERTEX_POINT('',#9667);
#2740=VERTEX_POINT('',#9678);
#2741=VERTEX_POINT('',#9682);
#2742=VERTEX_POINT('',#9693);
#2743=VERTEX_POINT('',#9697);
#2744=VERTEX_POINT('',#9720);
#2745=VERTEX_POINT('',#9721);
#2746=VERTEX_POINT('',#9725);
#2747=VERTEX_POINT('',#9727);
#2748=VERTEX_POINT('',#9738);
#2749=VERTEX_POINT('',#9742);
#2750=VERTEX_POINT('',#9753);
#2751=VERTEX_POINT('',#9757);
#2752=VERTEX_POINT('',#9768);
#2753=VERTEX_POINT('',#9772);
#2754=VERTEX_POINT('',#9783);
#2755=VERTEX_POINT('',#9787);
#2756=VERTEX_POINT('',#9798);
#2757=VERTEX_POINT('',#9802);
#2758=VERTEX_POINT('',#9813);
#2759=VERTEX_POINT('',#9817);
#2760=VERTEX_POINT('',#9828);
#2761=VERTEX_POINT('',#9832);
#2762=VERTEX_POINT('',#9843);
#2763=VERTEX_POINT('',#9847);
#2764=VERTEX_POINT('',#9858);
#2765=VERTEX_POINT('',#9862);
#2766=VERTEX_POINT('',#9873);
#2767=VERTEX_POINT('',#9877);
#2768=VERTEX_POINT('',#9902);
#2769=VERTEX_POINT('',#9903);
#2770=VERTEX_POINT('',#9907);
#2771=VERTEX_POINT('',#9909);
#2772=VERTEX_POINT('',#9920);
#2773=VERTEX_POINT('',#9924);
#2774=VERTEX_POINT('',#9935);
#2775=VERTEX_POINT('',#9939);
#2776=VERTEX_POINT('',#9950);
#2777=VERTEX_POINT('',#9954);
#2778=VERTEX_POINT('',#9965);
#2779=VERTEX_POINT('',#9969);
#2780=VERTEX_POINT('',#9980);
#2781=VERTEX_POINT('',#9984);
#2782=VERTEX_POINT('',#9995);
#2783=VERTEX_POINT('',#9999);
#2784=VERTEX_POINT('',#10019);
#2785=VERTEX_POINT('',#10020);
#2786=VERTEX_POINT('',#10022);
#2787=VERTEX_POINT('',#10024);
#2788=VERTEX_POINT('',#10028);
#2789=VERTEX_POINT('',#10030);
#2790=VERTEX_POINT('',#10034);
#2791=VERTEX_POINT('',#10036);
#2792=VERTEX_POINT('',#10040);
#2793=VERTEX_POINT('',#10042);
#2794=VERTEX_POINT('',#10046);
#2795=VERTEX_POINT('',#10048);
#2796=VERTEX_POINT('',#10052);
#2797=VERTEX_POINT('',#10054);
#2798=VERTEX_POINT('',#10058);
#2799=VERTEX_POINT('',#10060);
#2800=VERTEX_POINT('',#10064);
#2801=VERTEX_POINT('',#10066);
#2802=VERTEX_POINT('',#10070);
#2803=VERTEX_POINT('',#10072);
#2804=VERTEX_POINT('',#10076);
#2805=VERTEX_POINT('',#10078);
#2806=VERTEX_POINT('',#10092);
#2807=VERTEX_POINT('',#10093);
#2808=VERTEX_POINT('',#10097);
#2809=VERTEX_POINT('',#10099);
#2810=VERTEX_POINT('',#10110);
#2811=VERTEX_POINT('',#10114);
#2812=VERTEX_POINT('',#10125);
#2813=VERTEX_POINT('',#10129);
#2814=VERTEX_POINT('',#10140);
#2815=VERTEX_POINT('',#10144);
#2816=VERTEX_POINT('',#10155);
#2817=VERTEX_POINT('',#10159);
#2818=VERTEX_POINT('',#10170);
#2819=VERTEX_POINT('',#10174);
#2820=VERTEX_POINT('',#10185);
#2821=VERTEX_POINT('',#10189);
#2822=VERTEX_POINT('',#10200);
#2823=VERTEX_POINT('',#10204);
#2824=VERTEX_POINT('',#10215);
#2825=VERTEX_POINT('',#10219);
#2826=VERTEX_POINT('',#10230);
#2827=VERTEX_POINT('',#10234);
#2828=VERTEX_POINT('',#10245);
#2829=VERTEX_POINT('',#10249);
#2830=VERTEX_POINT('',#10255);
#2831=VERTEX_POINT('',#10257);
#2832=VERTEX_POINT('',#10266);
#2833=VERTEX_POINT('',#10270);
#2834=VERTEX_POINT('',#10281);
#2835=VERTEX_POINT('',#10285);
#2836=VERTEX_POINT('',#10296);
#2837=VERTEX_POINT('',#10300);
#2838=VERTEX_POINT('',#10311);
#2839=VERTEX_POINT('',#10315);
#2840=VERTEX_POINT('',#10326);
#2841=VERTEX_POINT('',#10330);
#2842=VERTEX_POINT('',#10341);
#2843=VERTEX_POINT('',#10345);
#2844=VERTEX_POINT('',#10356);
#2845=VERTEX_POINT('',#10360);
#2846=VERTEX_POINT('',#10371);
#2847=VERTEX_POINT('',#10375);
#2848=VERTEX_POINT('',#10386);
#2849=VERTEX_POINT('',#10390);
#2850=VERTEX_POINT('',#10401);
#2851=VERTEX_POINT('',#10405);
#2852=VERTEX_POINT('',#10416);
#2853=VERTEX_POINT('',#10420);
#2854=VERTEX_POINT('',#10431);
#2855=VERTEX_POINT('',#10435);
#2856=VERTEX_POINT('',#10446);
#2857=VERTEX_POINT('',#10450);
#2858=VERTEX_POINT('',#10461);
#2859=VERTEX_POINT('',#10465);
#2860=VERTEX_POINT('',#10476);
#2861=VERTEX_POINT('',#10480);
#2862=VERTEX_POINT('',#10491);
#2863=VERTEX_POINT('',#10495);
#2864=VERTEX_POINT('',#10501);
#2865=VERTEX_POINT('',#10503);
#2866=VERTEX_POINT('',#10512);
#2867=VERTEX_POINT('',#10516);
#2868=VERTEX_POINT('',#10527);
#2869=VERTEX_POINT('',#10531);
#2870=VERTEX_POINT('',#10542);
#2871=VERTEX_POINT('',#10546);
#2872=VERTEX_POINT('',#10557);
#2873=VERTEX_POINT('',#10561);
#2874=EDGE_CURVE('',#2299,#2300,#1099,.F.);
#2875=EDGE_CURVE('',#2300,#2301,#1100,.T.);
#2876=EDGE_CURVE('',#2301,#2302,#1101,.F.);
#2877=EDGE_CURVE('',#2302,#2299,#1102,.T.);
#2878=EDGE_CURVE('',#2303,#2300,#1103,.T.);
#2879=EDGE_CURVE('',#2304,#2303,#1104,.T.);
#2880=EDGE_CURVE('',#2301,#2304,#1105,.T.);
#2881=EDGE_CURVE('',#2305,#2306,#1106,.F.);
#2882=EDGE_CURVE('',#2306,#2307,#1107,.T.);
#2883=EDGE_CURVE('',#2307,#2308,#1108,.F.);
#2884=EDGE_CURVE('',#2308,#2305,#1109,.T.);
#2885=EDGE_CURVE('',#2309,#2306,#1110,.T.);
#2886=EDGE_CURVE('',#2310,#2309,#1111,.T.);
#2887=EDGE_CURVE('',#2311,#2310,#1112,.T.);
#2888=EDGE_CURVE('',#2312,#2311,#1113,.T.);
#2889=EDGE_CURVE('',#2307,#2312,#1114,.T.);
#2890=EDGE_CURVE('',#2313,#2314,#1115,.T.);
#2891=EDGE_CURVE('',#2314,#2315,#1116,.T.);
#2892=EDGE_CURVE('',#2315,#2316,#1117,.T.);
#2893=EDGE_CURVE('',#2316,#2313,#1118,.T.);
#2894=EDGE_CURVE('',#2317,#2315,#1119,.T.);
#2895=EDGE_CURVE('',#2318,#2317,#1120,.T.);
#2896=EDGE_CURVE('',#2319,#2318,#1121,.T.);
#2897=EDGE_CURVE('',#2320,#2319,#1122,.T.);
#2898=EDGE_CURVE('',#2320,#2321,#1123,.T.);
#2899=EDGE_CURVE('',#2321,#2316,#1124,.T.);
#2900=EDGE_CURVE('',#2314,#2322,#1125,.T.);
#2901=EDGE_CURVE('',#2322,#2323,#1126,.T.);
#2902=EDGE_CURVE('',#2323,#2324,#1127,.T.);
#2903=EDGE_CURVE('',#2325,#2324,#1128,.T.);
#2904=EDGE_CURVE('',#2325,#2326,#1129,.T.);
#2905=EDGE_CURVE('',#2327,#2326,#432,.T.);
#2906=EDGE_CURVE('',#2327,#2328,#1130,.T.);
#2907=EDGE_CURVE('',#2317,#2328,#433,.T.);
#2908=EDGE_CURVE('',#2324,#2329,#1131,.T.);
#2909=EDGE_CURVE('',#2329,#2330,#1132,.T.);
#2910=EDGE_CURVE('',#2330,#2325,#1133,.T.);
#2911=EDGE_CURVE('',#2331,#2330,#1134,.T.);
#2912=EDGE_CURVE('',#2331,#2332,#1135,.T.);
#2913=EDGE_CURVE('',#2333,#2332,#1136,.T.);
#2914=EDGE_CURVE('',#2334,#2333,#1137,.T.);
#2915=EDGE_CURVE('',#2326,#2334,#1138,.T.);
#2916=EDGE_CURVE('',#2334,#2335,#434,.T.);
#2917=EDGE_CURVE('',#2335,#2327,#1139,.T.);
#2918=EDGE_CURVE('',#2336,#2318,#435,.T.);
#2919=EDGE_CURVE('',#2328,#2336,#1140,.T.);
#2920=EDGE_CURVE('',#2332,#2337,#436,.T.);
#2921=EDGE_CURVE('',#2337,#2338,#1141,.T.);
#2922=EDGE_CURVE('',#2338,#2333,#437,.T.);
#2923=EDGE_CURVE('',#2339,#2337,#1142,.T.);
#2924=EDGE_CURVE('',#2340,#2339,#1143,.T.);
#2925=EDGE_CURVE('',#2338,#2340,#1144,.T.);
#2926=EDGE_CURVE('',#2320,#2339,#438,.F.);
#2927=EDGE_CURVE('',#2319,#2340,#439,.T.);
#2928=EDGE_CURVE('',#2341,#2342,#1145,.T.);
#2929=EDGE_CURVE('',#2342,#2343,#56,.T.);
#2930=EDGE_CURVE('',#2343,#2344,#1146,.T.);
#2931=EDGE_CURVE('',#2344,#2341,#57,.T.);
#2932=EDGE_CURVE('',#2345,#2346,#1147,.T.);
#2933=EDGE_CURVE('',#2346,#2347,#58,.T.);
#2934=EDGE_CURVE('',#2347,#2348,#1148,.T.);
#2935=EDGE_CURVE('',#2348,#2345,#59,.T.);
#2936=EDGE_CURVE('',#2349,#2350,#1149,.T.);
#2937=EDGE_CURVE('',#2350,#2351,#60,.T.);
#2938=EDGE_CURVE('',#2351,#2352,#1150,.T.);
#2939=EDGE_CURVE('',#2352,#2349,#61,.T.);
#2940=EDGE_CURVE('',#2349,#2348,#62,.T.);
#2941=EDGE_CURVE('',#2347,#2350,#63,.T.);
#2942=EDGE_CURVE('',#2353,#2354,#1151,.T.);
#2943=EDGE_CURVE('',#2354,#2355,#440,.T.);
#2944=EDGE_CURVE('',#2355,#2356,#1152,.T.);
#2945=EDGE_CURVE('',#2356,#2353,#441,.T.);
#2946=EDGE_CURVE('',#2355,#2352,#64,.T.);
#2947=EDGE_CURVE('',#2351,#2356,#65,.T.);
#2948=EDGE_CURVE('',#2357,#2358,#1153,.T.);
#2949=EDGE_CURVE('',#2358,#2359,#66,.T.);
#2950=EDGE_CURVE('',#2359,#2360,#1154,.T.);
#2951=EDGE_CURVE('',#2360,#2357,#67,.T.);
#2952=EDGE_CURVE('',#2357,#2354,#68,.T.);
#2953=EDGE_CURVE('',#2353,#2358,#69,.T.);
#2954=EDGE_CURVE('',#2361,#2362,#1155,.T.);
#2955=EDGE_CURVE('',#2362,#2363,#70,.T.);
#2956=EDGE_CURVE('',#2363,#2364,#1156,.T.);
#2957=EDGE_CURVE('',#2364,#2361,#71,.T.);
#2958=EDGE_CURVE('',#2363,#2360,#72,.T.);
#2959=EDGE_CURVE('',#2359,#2364,#73,.T.);
#2960=EDGE_CURVE('',#2343,#2365,#74,.T.);
#2961=EDGE_CURVE('',#2365,#2366,#1157,.T.);
#2962=EDGE_CURVE('',#2366,#2344,#75,.T.);
#2963=EDGE_CURVE('',#2365,#2362,#76,.T.);
#2964=EDGE_CURVE('',#2361,#2366,#77,.T.);
#2965=EDGE_CURVE('',#2345,#2342,#78,.T.);
#2966=EDGE_CURVE('',#2341,#2346,#79,.T.);
#2967=EDGE_CURVE('',#2367,#2346,#1158,.T.);
#2968=EDGE_CURVE('',#2367,#2368,#1159,.T.);
#2969=EDGE_CURVE('',#2368,#2350,#1160,.T.);
#2970=EDGE_CURVE('',#2369,#2361,#1161,.T.);
#2971=EDGE_CURVE('',#2369,#2370,#80,.T.);
#2972=EDGE_CURVE('',#2370,#2371,#1162,.T.);
#2973=EDGE_CURVE('',#2371,#2367,#442,.T.);
#2974=EDGE_CURVE('',#2372,#2357,#1163,.T.);
#2975=EDGE_CURVE('',#2373,#2372,#1164,.T.);
#2976=EDGE_CURVE('',#2373,#2374,#1165,.T.);
#2977=EDGE_CURVE('',#2374,#2375,#1166,.T.);
#2978=EDGE_CURVE('',#2352,#2375,#1167,.T.);
#2979=EDGE_CURVE('',#2376,#2377,#1168,.T.);
#2980=EDGE_CURVE('',#2378,#2377,#1169,.T.);
#2981=EDGE_CURVE('',#2378,#2379,#1170,.T.);
#2982=EDGE_CURVE('',#2376,#2379,#1171,.T.);
#2983=EDGE_CURVE('',#2343,#2380,#81,.T.);
#2984=EDGE_CURVE('',#2381,#2380,#1172,.T.);
#2985=EDGE_CURVE('',#2381,#2372,#27,.T.);
#2986=EDGE_CURVE('',#2379,#2382,#1173,.F.);
#2987=EDGE_CURVE('',#2382,#2383,#1174,.T.);
#2988=EDGE_CURVE('',#2383,#2376,#1175,.F.);
#2989=EDGE_CURVE('',#2384,#2382,#1176,.T.);
#2990=EDGE_CURVE('',#2385,#2384,#1177,.T.);
#2991=EDGE_CURVE('',#2383,#2385,#1178,.T.);
#2992=EDGE_CURVE('',#2377,#2386,#1179,.F.);
#2993=EDGE_CURVE('',#2386,#2387,#1180,.T.);
#2994=EDGE_CURVE('',#2387,#2378,#1181,.F.);
#2995=EDGE_CURVE('',#2388,#2386,#1182,.T.);
#2996=EDGE_CURVE('',#2389,#2388,#1183,.T.);
#2997=EDGE_CURVE('',#2389,#2387,#1184,.T.);
#2998=EDGE_CURVE('',#2390,#2391,#443,.T.);
#2999=EDGE_CURVE('',#2390,#2392,#1185,.T.);
#3000=EDGE_CURVE('',#2393,#2392,#1186,.T.);
#3001=EDGE_CURVE('',#2394,#2393,#1187,.T.);
#3002=EDGE_CURVE('',#2394,#2391,#1188,.T.);
#3003=EDGE_CURVE('',#2395,#2396,#1189,.T.);
#3004=EDGE_CURVE('',#2395,#2397,#1190,.T.);
#3005=EDGE_CURVE('',#2397,#2398,#1191,.T.);
#3006=EDGE_CURVE('',#2396,#2398,#1192,.T.);
#3007=EDGE_CURVE('',#2399,#2400,#82,.T.);
#3008=EDGE_CURVE('',#2401,#2399,#83,.T.);
#3009=EDGE_CURVE('',#2401,#2402,#1193,.T.);
#3010=EDGE_CURVE('',#2402,#2400,#84,.T.);
#3011=EDGE_CURVE('',#2400,#2403,#1194,.T.);
#3012=EDGE_CURVE('',#2404,#2402,#1195,.T.);
#3013=EDGE_CURVE('',#2405,#2404,#1196,.T.);
#3014=EDGE_CURVE('',#2406,#2405,#1197,.T.);
#3015=EDGE_CURVE('',#2407,#2406,#1198,.T.);
#3016=EDGE_CURVE('',#2403,#2407,#85,.T.);
#3017=EDGE_CURVE('',#2403,#2408,#86,.T.);
#3018=EDGE_CURVE('',#2409,#2407,#1199,.T.);
#3019=EDGE_CURVE('',#2408,#2409,#87,.T.);
#3020=EDGE_CURVE('',#2410,#2411,#1200,.T.);
#3021=EDGE_CURVE('',#2410,#2412,#1201,.T.);
#3022=EDGE_CURVE('',#2412,#2413,#1202,.T.);
#3023=EDGE_CURVE('',#2411,#2413,#1203,.T.);
#3024=EDGE_CURVE('',#2393,#2410,#1204,.T.);
#3025=EDGE_CURVE('',#2392,#2412,#1205,.T.);
#3026=EDGE_CURVE('',#2414,#2369,#88,.T.);
#3027=EDGE_CURVE('',#2391,#2414,#89,.T.);
#3028=EDGE_CURVE('',#2415,#2394,#90,.T.);
#3029=EDGE_CURVE('',#2415,#2416,#1206,.T.);
#3030=EDGE_CURVE('',#2416,#2370,#91,.T.);
#3031=EDGE_CURVE('',#2417,#2415,#1207,.T.);
#3032=EDGE_CURVE('',#2417,#2418,#1208,.T.);
#3033=EDGE_CURVE('',#2418,#2416,#1209,.T.);
#3034=EDGE_CURVE('',#2419,#2395,#92,.T.);
#3035=EDGE_CURVE('',#2420,#2419,#93,.T.);
#3036=EDGE_CURVE('',#2421,#2420,#94,.T.);
#3037=EDGE_CURVE('',#2421,#2422,#1210,.T.);
#3038=EDGE_CURVE('',#2422,#2397,#95,.T.);
#3039=EDGE_CURVE('',#2423,#2424,#1211,.T.);
#3040=EDGE_CURVE('',#2425,#2423,#1212,.T.);
#3041=EDGE_CURVE('',#2425,#2426,#1213,.T.);
#3042=EDGE_CURVE('',#2426,#2424,#1214,.T.);
#3043=EDGE_CURVE('',#2427,#2425,#1215,.T.);
#3044=EDGE_CURVE('',#2427,#2428,#1216,.T.);
#3045=EDGE_CURVE('',#2428,#2426,#1217,.T.);
#3046=EDGE_CURVE('',#2429,#2430,#96,.T.);
#3047=EDGE_CURVE('',#2429,#2428,#97,.T.);
#3048=EDGE_CURVE('',#2431,#2427,#98,.T.);
#3049=EDGE_CURVE('',#2430,#2431,#99,.T.);
#3050=EDGE_CURVE('',#2409,#2432,#1218,.T.);
#3051=EDGE_CURVE('',#2432,#2406,#1219,.T.);
#3052=EDGE_CURVE('',#2433,#2434,#100,.T.);
#3053=EDGE_CURVE('',#2411,#2433,#101,.T.);
#3054=EDGE_CURVE('',#2413,#2434,#102,.T.);
#3055=EDGE_CURVE('',#2435,#2390,#1220,.T.);
#3056=EDGE_CURVE('',#2371,#2435,#1221,.T.);
#3057=EDGE_CURVE('',#2436,#2418,#1222,.T.);
#3058=EDGE_CURVE('',#2398,#2436,#1223,.T.);
#3059=EDGE_CURVE('',#2437,#2422,#1224,.T.);
#3060=EDGE_CURVE('',#2424,#2437,#1225,.T.);
#3061=EDGE_CURVE('',#2434,#2429,#1226,.T.);
#3062=EDGE_CURVE('',#2438,#2401,#1227,.T.);
#3063=EDGE_CURVE('',#2438,#2404,#1228,.T.);
#3064=EDGE_CURVE('',#2368,#2435,#444,.T.);
#3065=EDGE_CURVE('',#2359,#2414,#1229,.T.);
#3066=EDGE_CURVE('',#2437,#2439,#1230,.T.);
#3067=EDGE_CURVE('',#2439,#2440,#1231,.T.);
#3068=EDGE_CURVE('',#2424,#2440,#1232,.T.);
#3069=EDGE_CURVE('',#2441,#2442,#1233,.T.);
#3070=EDGE_CURVE('',#2442,#2443,#1234,.T.);
#3071=EDGE_CURVE('',#2443,#2444,#1235,.T.);
#3072=EDGE_CURVE('',#2444,#2445,#1236,.T.);
#3073=EDGE_CURVE('',#2446,#2445,#1237,.T.);
#3074=EDGE_CURVE('',#2447,#2446,#1238,.T.);
#3075=EDGE_CURVE('',#2447,#2448,#1239,.T.);
#3076=EDGE_CURVE('',#2448,#2441,#1240,.T.);
#3077=EDGE_CURVE('',#2449,#2450,#1241,.T.);
#3078=EDGE_CURVE('',#2450,#2451,#1242,.T.);
#3079=EDGE_CURVE('',#2451,#2452,#1243,.T.);
#3080=EDGE_CURVE('',#2452,#2453,#1244,.T.);
#3081=EDGE_CURVE('',#2454,#2453,#1245,.T.);
#3082=EDGE_CURVE('',#2455,#2454,#1246,.T.);
#3083=EDGE_CURVE('',#2455,#2456,#1247,.T.);
#3084=EDGE_CURVE('',#2456,#2449,#1248,.T.);
#3085=EDGE_CURVE('',#2457,#2458,#1249,.T.);
#3086=EDGE_CURVE('',#2458,#2459,#1250,.T.);
#3087=EDGE_CURVE('',#2459,#2460,#1251,.T.);
#3088=EDGE_CURVE('',#2460,#2461,#1252,.T.);
#3089=EDGE_CURVE('',#2462,#2461,#1253,.T.);
#3090=EDGE_CURVE('',#2463,#2462,#1254,.T.);
#3091=EDGE_CURVE('',#2463,#2464,#1255,.T.);
#3092=EDGE_CURVE('',#2464,#2457,#1256,.T.);
#3093=EDGE_CURVE('',#2421,#2465,#1257,.T.);
#3094=EDGE_CURVE('',#2466,#2465,#1258,.T.);
#3095=EDGE_CURVE('',#2467,#2466,#1259,.T.);
#3096=EDGE_CURVE('',#2467,#2468,#1260,.T.);
#3097=EDGE_CURVE('',#2468,#2439,#1261,.T.);
#3098=EDGE_CURVE('',#2384,#2389,#1262,.T.);
#3099=EDGE_CURVE('',#2388,#2385,#1263,.T.);
#3100=EDGE_CURVE('',#2331,#2469,#1264,.T.);
#3101=EDGE_CURVE('',#2469,#2470,#1265,.T.);
#3102=EDGE_CURVE('',#2470,#2471,#1266,.T.);
#3103=EDGE_CURVE('',#2471,#2472,#1267,.T.);
#3104=EDGE_CURVE('',#2472,#2321,#1268,.T.);
#3105=EDGE_CURVE('',#2473,#2396,#1269,.T.);
#3106=EDGE_CURVE('',#2465,#2473,#1270,.T.);
#3107=EDGE_CURVE('',#2433,#2474,#1271,.T.);
#3108=EDGE_CURVE('',#2474,#2475,#28,.T.);
#3109=EDGE_CURVE('',#2476,#2475,#1272,.T.);
#3110=EDGE_CURVE('',#2373,#2476,#1273,.T.);
#3111=EDGE_CURVE('',#2477,#2381,#1274,.T.);
#3112=EDGE_CURVE('',#2477,#2417,#1275,.T.);
#3113=EDGE_CURVE('',#2478,#2479,#1276,.T.);
#3114=EDGE_CURVE('',#2479,#2480,#445,.T.);
#3115=EDGE_CURVE('',#2480,#2481,#1277,.T.);
#3116=EDGE_CURVE('',#2481,#2482,#1278,.T.);
#3117=EDGE_CURVE('',#2398,#2482,#1279,.T.);
#3118=EDGE_CURVE('',#2483,#2436,#1280,.T.);
#3119=EDGE_CURVE('',#2483,#2478,#1281,.T.);
#3120=EDGE_CURVE('',#2484,#2408,#1282,.T.);
#3121=EDGE_CURVE('',#2485,#2484,#103,.T.);
#3122=EDGE_CURVE('',#2486,#2485,#1283,.T.);
#3123=EDGE_CURVE('',#2487,#2486,#1284,.T.);
#3124=EDGE_CURVE('',#2399,#2487,#1285,.T.);
#3125=EDGE_CURVE('',#2488,#2489,#1286,.T.);
#3126=EDGE_CURVE('',#2479,#2488,#1287,.T.);
#3127=EDGE_CURVE('',#2478,#2489,#1288,.T.);
#3128=EDGE_CURVE('',#2432,#2490,#1289,.T.);
#3129=EDGE_CURVE('',#2491,#2490,#1290,.T.);
#3130=EDGE_CURVE('',#2491,#2484,#29,.T.);
#3131=EDGE_CURVE('',#2489,#2492,#1291,.T.);
#3132=EDGE_CURVE('',#2483,#2492,#1292,.T.);
#3133=EDGE_CURVE('',#2493,#2488,#446,.T.);
#3134=EDGE_CURVE('',#2480,#2493,#1293,.T.);
#3135=EDGE_CURVE('',#2494,#2495,#1294,.T.);
#3136=EDGE_CURVE('',#2496,#2494,#447,.T.);
#3137=EDGE_CURVE('',#2497,#2496,#1295,.T.);
#3138=EDGE_CURVE('',#2497,#2495,#448,.T.);
#3139=EDGE_CURVE('',#2498,#2499,#1296,.T.);
#3140=EDGE_CURVE('',#2494,#2498,#1297,.T.);
#3141=EDGE_CURVE('',#2495,#2499,#1298,.T.);
#3142=EDGE_CURVE('',#2477,#2498,#1299,.T.);
#3143=EDGE_CURVE('',#2499,#2490,#1300,.T.);
#3144=EDGE_CURVE('',#2405,#2492,#1301,.T.);
#3145=EDGE_CURVE('',#2487,#2500,#1302,.T.);
#3146=EDGE_CURVE('',#2500,#2501,#1303,.T.);
#3147=EDGE_CURVE('',#2501,#2502,#1304,.T.);
#3148=EDGE_CURVE('',#2438,#2502,#1305,.T.);
#3149=EDGE_CURVE('',#2503,#2504,#1306,.T.);
#3150=EDGE_CURVE('',#2504,#2505,#1307,.T.);
#3151=EDGE_CURVE('',#2505,#2506,#1308,.T.);
#3152=EDGE_CURVE('',#2506,#2503,#1309,.T.);
#3153=EDGE_CURVE('',#2507,#2505,#1310,.T.);
#3154=EDGE_CURVE('',#2504,#2508,#1311,.T.);
#3155=EDGE_CURVE('',#2508,#2507,#1312,.T.);
#3156=EDGE_CURVE('',#2509,#2507,#1313,.T.);
#3157=EDGE_CURVE('',#2508,#2510,#1314,.T.);
#3158=EDGE_CURVE('',#2509,#2510,#1315,.T.);
#3159=EDGE_CURVE('',#2510,#2503,#1316,.T.);
#3160=EDGE_CURVE('',#2506,#2509,#1317,.T.);
#3161=EDGE_CURVE('',#2506,#2511,#1318,.T.);
#3162=EDGE_CURVE('',#2511,#2512,#1319,.T.);
#3163=EDGE_CURVE('',#2509,#2512,#1320,.T.);
#3164=EDGE_CURVE('',#2505,#2513,#1321,.T.);
#3165=EDGE_CURVE('',#2513,#2514,#449,.T.);
#3166=EDGE_CURVE('',#2464,#2514,#1322,.T.);
#3167=EDGE_CURVE('',#2511,#2463,#1323,.T.);
#3168=EDGE_CURVE('',#2515,#2516,#1324,.T.);
#3169=EDGE_CURVE('',#2516,#2517,#1325,.T.);
#3170=EDGE_CURVE('',#2517,#2518,#1326,.T.);
#3171=EDGE_CURVE('',#2518,#2515,#1327,.T.);
#3172=EDGE_CURVE('',#2519,#2517,#1328,.T.);
#3173=EDGE_CURVE('',#2516,#2520,#1329,.T.);
#3174=EDGE_CURVE('',#2520,#2519,#1330,.T.);
#3175=EDGE_CURVE('',#2521,#2519,#1331,.T.);
#3176=EDGE_CURVE('',#2520,#2522,#1332,.T.);
#3177=EDGE_CURVE('',#2521,#2522,#1333,.T.);
#3178=EDGE_CURVE('',#2522,#2515,#1334,.T.);
#3179=EDGE_CURVE('',#2518,#2521,#1335,.T.);
#3180=EDGE_CURVE('',#2518,#2523,#1336,.T.);
#3181=EDGE_CURVE('',#2523,#2524,#1337,.T.);
#3182=EDGE_CURVE('',#2521,#2524,#1338,.T.);
#3183=EDGE_CURVE('',#2517,#2525,#1339,.T.);
#3184=EDGE_CURVE('',#2525,#2526,#450,.T.);
#3185=EDGE_CURVE('',#2456,#2526,#1340,.T.);
#3186=EDGE_CURVE('',#2523,#2455,#1341,.T.);
#3187=EDGE_CURVE('',#2527,#2528,#1342,.T.);
#3188=EDGE_CURVE('',#2528,#2529,#1343,.T.);
#3189=EDGE_CURVE('',#2529,#2530,#1344,.T.);
#3190=EDGE_CURVE('',#2530,#2527,#1345,.T.);
#3191=EDGE_CURVE('',#2531,#2529,#1346,.T.);
#3192=EDGE_CURVE('',#2528,#2532,#1347,.T.);
#3193=EDGE_CURVE('',#2532,#2531,#1348,.T.);
#3194=EDGE_CURVE('',#2533,#2531,#1349,.T.);
#3195=EDGE_CURVE('',#2532,#2534,#1350,.T.);
#3196=EDGE_CURVE('',#2533,#2534,#1351,.T.);
#3197=EDGE_CURVE('',#2534,#2527,#1352,.T.);
#3198=EDGE_CURVE('',#2530,#2533,#1353,.T.);
#3199=EDGE_CURVE('',#2530,#2535,#1354,.T.);
#3200=EDGE_CURVE('',#2535,#2536,#1355,.T.);
#3201=EDGE_CURVE('',#2533,#2536,#1356,.T.);
#3202=EDGE_CURVE('',#2529,#2537,#1357,.T.);
#3203=EDGE_CURVE('',#2537,#2538,#451,.T.);
#3204=EDGE_CURVE('',#2448,#2538,#1358,.T.);
#3205=EDGE_CURVE('',#2535,#2447,#1359,.T.);
#3206=EDGE_CURVE('',#2539,#2507,#1360,.T.);
#3207=EDGE_CURVE('',#2513,#2539,#1361,.T.);
#3208=EDGE_CURVE('',#2540,#2539,#452,.T.);
#3209=EDGE_CURVE('',#2514,#2540,#1362,.T.);
#3210=EDGE_CURVE('',#2512,#2462,#1363,.T.);
#3211=EDGE_CURVE('',#2540,#2461,#1364,.T.);
#3212=EDGE_CURVE('',#2460,#2541,#1365,.F.);
#3213=EDGE_CURVE('',#2542,#2541,#1366,.T.);
#3214=EDGE_CURVE('',#2542,#2457,#1367,.F.);
#3215=EDGE_CURVE('',#2543,#2519,#1368,.T.);
#3216=EDGE_CURVE('',#2525,#2543,#1369,.T.);
#3217=EDGE_CURVE('',#2544,#2543,#453,.T.);
#3218=EDGE_CURVE('',#2526,#2544,#1370,.T.);
#3219=EDGE_CURVE('',#2524,#2454,#1371,.T.);
#3220=EDGE_CURVE('',#2544,#2453,#1372,.T.);
#3221=EDGE_CURVE('',#2452,#2545,#1373,.F.);
#3222=EDGE_CURVE('',#2546,#2545,#1374,.T.);
#3223=EDGE_CURVE('',#2546,#2449,#1375,.F.);
#3224=EDGE_CURVE('',#2547,#2531,#1376,.T.);
#3225=EDGE_CURVE('',#2537,#2547,#1377,.T.);
#3226=EDGE_CURVE('',#2548,#2547,#454,.T.);
#3227=EDGE_CURVE('',#2538,#2548,#1378,.T.);
#3228=EDGE_CURVE('',#2536,#2446,#1379,.T.);
#3229=EDGE_CURVE('',#2548,#2445,#1380,.T.);
#3230=EDGE_CURVE('',#2444,#2549,#1381,.F.);
#3231=EDGE_CURVE('',#2550,#2549,#1382,.T.);
#3232=EDGE_CURVE('',#2550,#2441,#1383,.F.);
#3233=EDGE_CURVE('',#2472,#2313,#1384,.T.);
#3234=EDGE_CURVE('',#2471,#2322,#1385,.T.);
#3235=EDGE_CURVE('',#2470,#2323,#1386,.T.);
#3236=EDGE_CURVE('',#2336,#2335,#1387,.T.);
#3237=EDGE_CURVE('',#2469,#2329,#1388,.T.);
#3238=EDGE_CURVE('',#2541,#2551,#1389,.T.);
#3239=EDGE_CURVE('',#2459,#2551,#1390,.F.);
#3240=EDGE_CURVE('',#2551,#2552,#1391,.T.);
#3241=EDGE_CURVE('',#2552,#2458,#1392,.F.);
#3242=EDGE_CURVE('',#2552,#2542,#1393,.T.);
#3243=EDGE_CURVE('',#2545,#2553,#1394,.T.);
#3244=EDGE_CURVE('',#2451,#2553,#1395,.F.);
#3245=EDGE_CURVE('',#2553,#2554,#1396,.T.);
#3246=EDGE_CURVE('',#2554,#2450,#1397,.F.);
#3247=EDGE_CURVE('',#2554,#2546,#1398,.T.);
#3248=EDGE_CURVE('',#2549,#2555,#1399,.T.);
#3249=EDGE_CURVE('',#2443,#2555,#1400,.F.);
#3250=EDGE_CURVE('',#2555,#2556,#1401,.T.);
#3251=EDGE_CURVE('',#2556,#2442,#1402,.F.);
#3252=EDGE_CURVE('',#2556,#2550,#1403,.T.);
#3253=EDGE_CURVE('',#2557,#2430,#1404,.T.);
#3254=EDGE_CURVE('',#2558,#2557,#1405,.T.);
#3255=EDGE_CURVE('',#2558,#2559,#1406,.T.);
#3256=EDGE_CURVE('',#2474,#2559,#104,.T.);
#3257=EDGE_CURVE('',#2559,#2485,#105,.T.);
#3258=EDGE_CURVE('',#2486,#2558,#455,.T.);
#3259=EDGE_CURVE('',#2560,#2423,#1407,.T.);
#3260=EDGE_CURVE('',#2560,#2561,#1408,.T.);
#3261=EDGE_CURVE('',#2561,#2562,#1409,.T.);
#3262=EDGE_CURVE('',#2562,#2563,#1410,.T.);
#3263=EDGE_CURVE('',#2563,#2557,#1411,.T.);
#3264=EDGE_CURVE('',#2564,#2563,#1412,.T.);
#3265=EDGE_CURVE('',#2564,#2565,#1413,.T.);
#3266=EDGE_CURVE('',#2565,#2500,#1414,.T.);
#3267=EDGE_CURVE('',#2566,#2562,#1415,.T.);
#3268=EDGE_CURVE('',#2566,#2564,#1416,.T.);
#3269=EDGE_CURVE('',#2565,#2567,#1417,.T.);
#3270=EDGE_CURVE('',#2567,#2501,#1418,.T.);
#3271=EDGE_CURVE('',#2567,#2568,#1419,.T.);
#3272=EDGE_CURVE('',#2502,#2568,#1420,.T.);
#3273=EDGE_CURVE('',#2569,#2561,#1421,.T.);
#3274=EDGE_CURVE('',#2569,#2566,#1422,.T.);
#3275=EDGE_CURVE('',#2570,#2560,#1423,.T.);
#3276=EDGE_CURVE('',#2570,#2569,#1424,.T.);
#3277=EDGE_CURVE('',#2302,#2305,#1425,.T.);
#3278=EDGE_CURVE('',#2571,#2304,#1426,.T.);
#3279=EDGE_CURVE('',#2571,#2309,#1427,.T.);
#3280=EDGE_CURVE('',#2572,#2571,#1428,.T.);
#3281=EDGE_CURVE('',#2310,#2572,#1429,.T.);
#3282=EDGE_CURVE('',#2308,#2299,#1430,.T.);
#3283=EDGE_CURVE('',#2312,#2573,#1431,.T.);
#3284=EDGE_CURVE('',#2303,#2573,#1432,.T.);
#3285=EDGE_CURVE('',#2573,#2574,#1433,.T.);
#3286=EDGE_CURVE('',#2574,#2311,#1434,.T.);
#3287=EDGE_CURVE('',#2404,#2575,#1435,.T.);
#3288=EDGE_CURVE('',#2575,#2571,#1436,.T.);
#3289=EDGE_CURVE('',#2573,#2576,#1437,.T.);
#3290=EDGE_CURVE('',#2493,#2576,#1438,.T.);
#3291=EDGE_CURVE('',#2574,#2577,#1439,.T.);
#3292=EDGE_CURVE('',#2577,#2578,#1440,.T.);
#3293=EDGE_CURVE('',#2578,#2579,#1441,.T.);
#3294=EDGE_CURVE('',#2580,#2579,#1442,.T.);
#3295=EDGE_CURVE('',#2580,#2581,#1443,.T.);
#3296=EDGE_CURVE('',#2581,#2467,#1444,.T.);
#3297=EDGE_CURVE('',#2466,#2582,#1445,.T.);
#3298=EDGE_CURVE('',#2482,#2582,#1446,.T.);
#3299=EDGE_CURVE('',#2576,#2481,#1447,.T.);
#3300=EDGE_CURVE('',#2568,#2575,#1448,.T.);
#3301=EDGE_CURVE('',#2583,#2570,#1449,.T.);
#3302=EDGE_CURVE('',#2583,#2584,#1450,.T.);
#3303=EDGE_CURVE('',#2584,#2585,#1451,.T.);
#3304=EDGE_CURVE('',#2586,#2585,#1452,.T.);
#3305=EDGE_CURVE('',#2586,#2572,#1453,.T.);
#3306=EDGE_CURVE('',#2587,#2580,#1454,.T.);
#3307=EDGE_CURVE('',#2588,#2587,#1455,.T.);
#3308=EDGE_CURVE('',#2588,#2589,#1456,.T.);
#3309=EDGE_CURVE('',#2581,#2589,#1457,.T.);
#3310=EDGE_CURVE('',#2585,#2590,#1458,.T.);
#3311=EDGE_CURVE('',#2591,#2584,#1459,.T.);
#3312=EDGE_CURVE('',#2591,#2592,#1460,.T.);
#3313=EDGE_CURVE('',#2590,#2592,#1461,.T.);
#3314=EDGE_CURVE('',#2592,#2588,#1462,.T.);
#3315=EDGE_CURVE('',#2589,#2591,#1463,.T.);
#3316=EDGE_CURVE('',#2583,#2593,#1464,.T.);
#3317=EDGE_CURVE('',#2593,#2468,#1465,.T.);
#3318=EDGE_CURVE('',#2594,#2592,#1466,.T.);
#3319=EDGE_CURVE('',#2595,#2594,#1467,.T.);
#3320=EDGE_CURVE('',#2590,#2595,#1468,.T.);
#3321=EDGE_CURVE('',#2596,#2587,#1469,.T.);
#3322=EDGE_CURVE('',#2597,#2596,#1470,.T.);
#3323=EDGE_CURVE('',#2588,#2597,#1471,.T.);
#3324=EDGE_CURVE('',#2586,#2595,#1472,.T.);
#3325=EDGE_CURVE('',#2596,#2579,#1473,.T.);
#3326=EDGE_CURVE('',#2594,#2598,#1474,.T.);
#3327=EDGE_CURVE('',#2598,#2599,#1475,.T.);
#3328=EDGE_CURVE('',#2577,#2599,#1476,.T.);
#3329=EDGE_CURVE('',#2473,#2582,#1477,.T.);
#3330=EDGE_CURVE('',#2440,#2593,#1478,.T.);
#3331=EDGE_CURVE('',#2600,#2601,#1479,.T.);
#3332=EDGE_CURVE('',#2601,#2602,#1480,.T.);
#3333=EDGE_CURVE('',#2602,#2603,#1481,.T.);
#3334=EDGE_CURVE('',#2603,#2600,#1482,.T.);
#3335=EDGE_CURVE('',#2599,#2604,#1483,.T.);
#3336=EDGE_CURVE('',#2605,#2598,#1484,.T.);
#3337=EDGE_CURVE('',#2604,#2605,#1485,.T.);
#3338=EDGE_CURVE('',#2606,#2607,#1486,.T.);
#3339=EDGE_CURVE('',#2607,#2608,#1487,.T.);
#3340=EDGE_CURVE('',#2608,#2609,#1488,.T.);
#3341=EDGE_CURVE('',#2609,#2606,#1489,.T.);
#3342=EDGE_CURVE('',#2610,#2611,#1490,.T.);
#3343=EDGE_CURVE('',#2611,#2612,#1491,.T.);
#3344=EDGE_CURVE('',#2612,#2613,#1492,.T.);
#3345=EDGE_CURVE('',#2613,#2610,#1493,.T.);
#3346=EDGE_CURVE('',#2614,#2615,#1494,.T.);
#3347=EDGE_CURVE('',#2600,#2615,#1495,.T.);
#3348=EDGE_CURVE('',#2603,#2614,#1496,.T.);
#3349=EDGE_CURVE('',#2615,#2616,#1497,.T.);
#3350=EDGE_CURVE('',#2601,#2616,#1498,.T.);
#3351=EDGE_CURVE('',#2617,#2618,#1499,.T.);
#3352=EDGE_CURVE('',#2606,#2618,#1500,.T.);
#3353=EDGE_CURVE('',#2609,#2617,#1501,.T.);
#3354=EDGE_CURVE('',#2618,#2619,#1502,.T.);
#3355=EDGE_CURVE('',#2607,#2619,#1503,.T.);
#3356=EDGE_CURVE('',#2620,#2621,#1504,.T.);
#3357=EDGE_CURVE('',#2610,#2621,#1505,.T.);
#3358=EDGE_CURVE('',#2613,#2620,#1506,.T.);
#3359=EDGE_CURVE('',#2621,#2622,#1507,.T.);
#3360=EDGE_CURVE('',#2611,#2622,#1508,.T.);
#3361=EDGE_CURVE('',#2616,#2623,#1509,.T.);
#3362=EDGE_CURVE('',#2602,#2623,#1510,.T.);
#3363=EDGE_CURVE('',#2623,#2614,#1511,.T.);
#3364=EDGE_CURVE('',#2619,#2624,#1512,.T.);
#3365=EDGE_CURVE('',#2608,#2624,#1513,.T.);
#3366=EDGE_CURVE('',#2624,#2617,#1514,.T.);
#3367=EDGE_CURVE('',#2622,#2625,#1515,.T.);
#3368=EDGE_CURVE('',#2612,#2625,#1516,.T.);
#3369=EDGE_CURVE('',#2625,#2620,#1517,.T.);
#3370=EDGE_CURVE('',#2626,#2627,#1518,.T.);
#3371=EDGE_CURVE('',#2628,#2626,#106,.T.);
#3372=EDGE_CURVE('',#2629,#2628,#1519,.T.);
#3373=EDGE_CURVE('',#2630,#2629,#1520,.T.);
#3374=EDGE_CURVE('',#2631,#2630,#1521,.T.);
#3375=EDGE_CURVE('',#2375,#2631,#107,.T.);
#3376=EDGE_CURVE('',#2627,#2374,#1522,.T.);
#3377=EDGE_CURVE('',#2578,#2604,#1523,.T.);
#3378=EDGE_CURVE('',#2597,#2605,#1524,.T.);
#3379=EDGE_CURVE('',#2632,#2626,#1525,.T.);
#3380=EDGE_CURVE('',#2633,#2632,#108,.T.);
#3381=EDGE_CURVE('',#2633,#2628,#1526,.T.);
#3382=EDGE_CURVE('',#2380,#2631,#1527,.T.);
#3383=EDGE_CURVE('',#2496,#2630,#1528,.T.);
#3384=EDGE_CURVE('',#2497,#2629,#1529,.T.);
#3385=EDGE_CURVE('',#2491,#2633,#1530,.T.);
#3386=EDGE_CURVE('',#2475,#2632,#1531,.T.);
#3387=EDGE_CURVE('',#2476,#2627,#1532,.T.);
#3388=EDGE_CURVE('',#2634,#2635,#1533,.T.);
#3389=EDGE_CURVE('',#2635,#2636,#1534,.T.);
#3390=EDGE_CURVE('',#2637,#2636,#1535,.T.);
#3391=EDGE_CURVE('',#2634,#2637,#1536,.T.);
#3392=EDGE_CURVE('',#2638,#2634,#109,.T.);
#3393=EDGE_CURVE('',#2639,#2637,#110,.T.);
#3394=EDGE_CURVE('',#2638,#2639,#1537,.T.);
#3395=EDGE_CURVE('',#2640,#2638,#111,.T.);
#3396=EDGE_CURVE('',#2641,#2639,#112,.T.);
#3397=EDGE_CURVE('',#2640,#2641,#1538,.T.);
#3398=EDGE_CURVE('',#2642,#2640,#113,.T.);
#3399=EDGE_CURVE('',#2643,#2641,#114,.T.);
#3400=EDGE_CURVE('',#2642,#2643,#1539,.T.);
#3401=EDGE_CURVE('',#2644,#2642,#115,.T.);
#3402=EDGE_CURVE('',#2645,#2643,#116,.T.);
#3403=EDGE_CURVE('',#2644,#2645,#1540,.T.);
#3404=EDGE_CURVE('',#2646,#2644,#1541,.T.);
#3405=EDGE_CURVE('',#2647,#2645,#1542,.T.);
#3406=EDGE_CURVE('',#2646,#2647,#1543,.T.);
#3407=EDGE_CURVE('',#2648,#2646,#1544,.T.);
#3408=EDGE_CURVE('',#2649,#2647,#1545,.T.);
#3409=EDGE_CURVE('',#2648,#2649,#1546,.T.);
#3410=EDGE_CURVE('',#2650,#2648,#1547,.T.);
#3411=EDGE_CURVE('',#2651,#2649,#1548,.T.);
#3412=EDGE_CURVE('',#2650,#2651,#1549,.T.);
#3413=EDGE_CURVE('',#2652,#2650,#117,.T.);
#3414=EDGE_CURVE('',#2653,#2651,#118,.T.);
#3415=EDGE_CURVE('',#2652,#2653,#1550,.T.);
#3416=EDGE_CURVE('',#2654,#2652,#119,.T.);
#3417=EDGE_CURVE('',#2655,#2653,#120,.T.);
#3418=EDGE_CURVE('',#2654,#2655,#1551,.T.);
#3419=EDGE_CURVE('',#2656,#2654,#121,.T.);
#3420=EDGE_CURVE('',#2657,#2655,#122,.T.);
#3421=EDGE_CURVE('',#2656,#2657,#1552,.T.);
#3422=EDGE_CURVE('',#2658,#2656,#123,.T.);
#3423=EDGE_CURVE('',#2659,#2657,#124,.T.);
#3424=EDGE_CURVE('',#2658,#2659,#1553,.T.);
#3425=EDGE_CURVE('',#2635,#2658,#125,.T.);
#3426=EDGE_CURVE('',#2636,#2659,#126,.T.);
#3427=EDGE_CURVE('',#2660,#2661,#127,.T.);
#3428=EDGE_CURVE('',#2660,#2662,#1554,.T.);
#3429=EDGE_CURVE('',#2663,#2662,#128,.T.);
#3430=EDGE_CURVE('',#2661,#2663,#1555,.T.);
#3431=EDGE_CURVE('',#2661,#2664,#129,.T.);
#3432=EDGE_CURVE('',#2665,#2663,#130,.T.);
#3433=EDGE_CURVE('',#2664,#2665,#1556,.T.);
#3434=EDGE_CURVE('',#2664,#2666,#131,.T.);
#3435=EDGE_CURVE('',#2667,#2665,#132,.T.);
#3436=EDGE_CURVE('',#2666,#2667,#1557,.T.);
#3437=EDGE_CURVE('',#2666,#2668,#133,.T.);
#3438=EDGE_CURVE('',#2669,#2667,#134,.T.);
#3439=EDGE_CURVE('',#2668,#2669,#1558,.T.);
#3440=EDGE_CURVE('',#2668,#2670,#135,.T.);
#3441=EDGE_CURVE('',#2671,#2669,#136,.T.);
#3442=EDGE_CURVE('',#2670,#2671,#1559,.T.);
#3443=EDGE_CURVE('',#2670,#2672,#137,.T.);
#3444=EDGE_CURVE('',#2673,#2671,#138,.T.);
#3445=EDGE_CURVE('',#2672,#2673,#1560,.T.);
#3446=EDGE_CURVE('',#2672,#2674,#1561,.T.);
#3447=EDGE_CURVE('',#2675,#2673,#1562,.T.);
#3448=EDGE_CURVE('',#2674,#2675,#1563,.T.);
#3449=EDGE_CURVE('',#2674,#2660,#1564,.T.);
#3450=EDGE_CURVE('',#2662,#2675,#1565,.T.);
#3451=EDGE_CURVE('',#2676,#2677,#139,.T.);
#3452=EDGE_CURVE('',#2676,#2678,#1566,.T.);
#3453=EDGE_CURVE('',#2679,#2678,#140,.T.);
#3454=EDGE_CURVE('',#2677,#2679,#1567,.T.);
#3455=EDGE_CURVE('',#2677,#2680,#141,.T.);
#3456=EDGE_CURVE('',#2681,#2679,#142,.T.);
#3457=EDGE_CURVE('',#2680,#2681,#1568,.T.);
#3458=EDGE_CURVE('',#2680,#2682,#143,.T.);
#3459=EDGE_CURVE('',#2683,#2681,#144,.T.);
#3460=EDGE_CURVE('',#2682,#2683,#1569,.T.);
#3461=EDGE_CURVE('',#2682,#2684,#145,.T.);
#3462=EDGE_CURVE('',#2685,#2683,#146,.T.);
#3463=EDGE_CURVE('',#2684,#2685,#1570,.T.);
#3464=EDGE_CURVE('',#2684,#2686,#147,.T.);
#3465=EDGE_CURVE('',#2687,#2685,#148,.T.);
#3466=EDGE_CURVE('',#2686,#2687,#1571,.T.);
#3467=EDGE_CURVE('',#2686,#2688,#149,.T.);
#3468=EDGE_CURVE('',#2689,#2687,#150,.T.);
#3469=EDGE_CURVE('',#2688,#2689,#1572,.T.);
#3470=EDGE_CURVE('',#2688,#2690,#1573,.T.);
#3471=EDGE_CURVE('',#2691,#2689,#1574,.T.);
#3472=EDGE_CURVE('',#2690,#2691,#1575,.T.);
#3473=EDGE_CURVE('',#2690,#2676,#1576,.T.);
#3474=EDGE_CURVE('',#2678,#2691,#1577,.T.);
#3475=EDGE_CURVE('',#2692,#2693,#151,.T.);
#3476=EDGE_CURVE('',#2693,#2694,#1578,.T.);
#3477=EDGE_CURVE('',#2695,#2694,#152,.T.);
#3478=EDGE_CURVE('',#2692,#2695,#1579,.T.);
#3479=EDGE_CURVE('',#2696,#2692,#1580,.T.);
#3480=EDGE_CURVE('',#2697,#2695,#1581,.T.);
#3481=EDGE_CURVE('',#2696,#2697,#1582,.T.);
#3482=EDGE_CURVE('',#2698,#2696,#153,.T.);
#3483=EDGE_CURVE('',#2699,#2697,#154,.T.);
#3484=EDGE_CURVE('',#2698,#2699,#1583,.T.);
#3485=EDGE_CURVE('',#2700,#2698,#155,.T.);
#3486=EDGE_CURVE('',#2701,#2699,#156,.T.);
#3487=EDGE_CURVE('',#2700,#2701,#1584,.T.);
#3488=EDGE_CURVE('',#2702,#2700,#157,.T.);
#3489=EDGE_CURVE('',#2703,#2701,#158,.T.);
#3490=EDGE_CURVE('',#2702,#2703,#1585,.T.);
#3491=EDGE_CURVE('',#2704,#2702,#159,.T.);
#3492=EDGE_CURVE('',#2705,#2703,#160,.T.);
#3493=EDGE_CURVE('',#2704,#2705,#1586,.T.);
#3494=EDGE_CURVE('',#2706,#2704,#161,.T.);
#3495=EDGE_CURVE('',#2707,#2705,#162,.T.);
#3496=EDGE_CURVE('',#2706,#2707,#1587,.T.);
#3497=EDGE_CURVE('',#2708,#2706,#163,.T.);
#3498=EDGE_CURVE('',#2709,#2707,#164,.T.);
#3499=EDGE_CURVE('',#2708,#2709,#1588,.T.);
#3500=EDGE_CURVE('',#2710,#2708,#1589,.T.);
#3501=EDGE_CURVE('',#2711,#2709,#1590,.T.);
#3502=EDGE_CURVE('',#2710,#2711,#1591,.T.);
#3503=EDGE_CURVE('',#2712,#2710,#165,.T.);
#3504=EDGE_CURVE('',#2713,#2711,#166,.T.);
#3505=EDGE_CURVE('',#2712,#2713,#1592,.T.);
#3506=EDGE_CURVE('',#2714,#2712,#167,.T.);
#3507=EDGE_CURVE('',#2715,#2713,#168,.T.);
#3508=EDGE_CURVE('',#2714,#2715,#1593,.T.);
#3509=EDGE_CURVE('',#2716,#2714,#169,.T.);
#3510=EDGE_CURVE('',#2717,#2715,#170,.T.);
#3511=EDGE_CURVE('',#2716,#2717,#1594,.T.);
#3512=EDGE_CURVE('',#2718,#2716,#171,.T.);
#3513=EDGE_CURVE('',#2719,#2717,#172,.T.);
#3514=EDGE_CURVE('',#2718,#2719,#1595,.T.);
#3515=EDGE_CURVE('',#2693,#2718,#173,.T.);
#3516=EDGE_CURVE('',#2694,#2719,#174,.T.);
#3517=EDGE_CURVE('',#2720,#2721,#175,.T.);
#3518=EDGE_CURVE('',#2720,#2722,#1596,.T.);
#3519=EDGE_CURVE('',#2723,#2722,#176,.T.);
#3520=EDGE_CURVE('',#2721,#2723,#1597,.T.);
#3521=EDGE_CURVE('',#2721,#2724,#177,.T.);
#3522=EDGE_CURVE('',#2725,#2723,#178,.T.);
#3523=EDGE_CURVE('',#2724,#2725,#1598,.T.);
#3524=EDGE_CURVE('',#2724,#2726,#179,.T.);
#3525=EDGE_CURVE('',#2727,#2725,#180,.T.);
#3526=EDGE_CURVE('',#2726,#2727,#1599,.T.);
#3527=EDGE_CURVE('',#2726,#2728,#181,.T.);
#3528=EDGE_CURVE('',#2729,#2727,#182,.T.);
#3529=EDGE_CURVE('',#2728,#2729,#1600,.T.);
#3530=EDGE_CURVE('',#2728,#2730,#183,.T.);
#3531=EDGE_CURVE('',#2731,#2729,#184,.T.);
#3532=EDGE_CURVE('',#2730,#2731,#1601,.T.);
#3533=EDGE_CURVE('',#2730,#2732,#185,.T.);
#3534=EDGE_CURVE('',#2733,#2731,#186,.T.);
#3535=EDGE_CURVE('',#2732,#2733,#1602,.T.);
#3536=EDGE_CURVE('',#2732,#2734,#187,.T.);
#3537=EDGE_CURVE('',#2735,#2733,#188,.T.);
#3538=EDGE_CURVE('',#2734,#2735,#1603,.T.);
#3539=EDGE_CURVE('',#2734,#2736,#189,.T.);
#3540=EDGE_CURVE('',#2737,#2735,#190,.T.);
#3541=EDGE_CURVE('',#2736,#2737,#1604,.T.);
#3542=EDGE_CURVE('',#2736,#2738,#191,.T.);
#3543=EDGE_CURVE('',#2739,#2737,#192,.T.);
#3544=EDGE_CURVE('',#2738,#2739,#1605,.T.);
#3545=EDGE_CURVE('',#2738,#2740,#193,.T.);
#3546=EDGE_CURVE('',#2741,#2739,#194,.T.);
#3547=EDGE_CURVE('',#2740,#2741,#1606,.T.);
#3548=EDGE_CURVE('',#2740,#2742,#195,.T.);
#3549=EDGE_CURVE('',#2743,#2741,#196,.T.);
#3550=EDGE_CURVE('',#2742,#2743,#1607,.T.);
#3551=EDGE_CURVE('',#2742,#2720,#197,.T.);
#3552=EDGE_CURVE('',#2722,#2743,#198,.T.);
#3553=EDGE_CURVE('',#2744,#2745,#199,.T.);
#3554=EDGE_CURVE('',#2745,#2746,#1608,.T.);
#3555=EDGE_CURVE('',#2747,#2746,#200,.T.);
#3556=EDGE_CURVE('',#2744,#2747,#1609,.T.);
#3557=EDGE_CURVE('',#2748,#2744,#201,.T.);
#3558=EDGE_CURVE('',#2749,#2747,#202,.T.);
#3559=EDGE_CURVE('',#2748,#2749,#1610,.T.);
#3560=EDGE_CURVE('',#2750,#2748,#203,.T.);
#3561=EDGE_CURVE('',#2751,#2749,#204,.T.);
#3562=EDGE_CURVE('',#2750,#2751,#1611,.T.);
#3563=EDGE_CURVE('',#2752,#2750,#205,.T.);
#3564=EDGE_CURVE('',#2753,#2751,#206,.T.);
#3565=EDGE_CURVE('',#2752,#2753,#1612,.T.);
#3566=EDGE_CURVE('',#2754,#2752,#207,.T.);
#3567=EDGE_CURVE('',#2755,#2753,#208,.T.);
#3568=EDGE_CURVE('',#2754,#2755,#1613,.T.);
#3569=EDGE_CURVE('',#2756,#2754,#209,.T.);
#3570=EDGE_CURVE('',#2757,#2755,#210,.T.);
#3571=EDGE_CURVE('',#2756,#2757,#1614,.T.);
#3572=EDGE_CURVE('',#2758,#2756,#211,.T.);
#3573=EDGE_CURVE('',#2759,#2757,#212,.T.);
#3574=EDGE_CURVE('',#2758,#2759,#1615,.T.);
#3575=EDGE_CURVE('',#2760,#2758,#213,.T.);
#3576=EDGE_CURVE('',#2761,#2759,#214,.T.);
#3577=EDGE_CURVE('',#2760,#2761,#1616,.T.);
#3578=EDGE_CURVE('',#2762,#2760,#215,.T.);
#3579=EDGE_CURVE('',#2763,#2761,#216,.T.);
#3580=EDGE_CURVE('',#2762,#2763,#1617,.T.);
#3581=EDGE_CURVE('',#2764,#2762,#217,.T.);
#3582=EDGE_CURVE('',#2765,#2763,#218,.T.);
#3583=EDGE_CURVE('',#2764,#2765,#1618,.T.);
#3584=EDGE_CURVE('',#2766,#2764,#219,.T.);
#3585=EDGE_CURVE('',#2767,#2765,#220,.T.);
#3586=EDGE_CURVE('',#2766,#2767,#1619,.T.);
#3587=EDGE_CURVE('',#2745,#2766,#221,.T.);
#3588=EDGE_CURVE('',#2746,#2767,#222,.T.);
#3589=EDGE_CURVE('',#2768,#2769,#223,.T.);
#3590=EDGE_CURVE('',#2769,#2770,#1620,.T.);
#3591=EDGE_CURVE('',#2771,#2770,#224,.T.);
#3592=EDGE_CURVE('',#2768,#2771,#1621,.T.);
#3593=EDGE_CURVE('',#2772,#2768,#225,.T.);
#3594=EDGE_CURVE('',#2773,#2771,#226,.T.);
#3595=EDGE_CURVE('',#2772,#2773,#1622,.T.);
#3596=EDGE_CURVE('',#2774,#2772,#227,.T.);
#3597=EDGE_CURVE('',#2775,#2773,#228,.T.);
#3598=EDGE_CURVE('',#2774,#2775,#1623,.T.);
#3599=EDGE_CURVE('',#2776,#2774,#229,.T.);
#3600=EDGE_CURVE('',#2777,#2775,#230,.T.);
#3601=EDGE_CURVE('',#2776,#2777,#1624,.T.);
#3602=EDGE_CURVE('',#2778,#2776,#231,.T.);
#3603=EDGE_CURVE('',#2779,#2777,#232,.T.);
#3604=EDGE_CURVE('',#2778,#2779,#1625,.T.);
#3605=EDGE_CURVE('',#2780,#2778,#233,.T.);
#3606=EDGE_CURVE('',#2781,#2779,#234,.T.);
#3607=EDGE_CURVE('',#2780,#2781,#1626,.T.);
#3608=EDGE_CURVE('',#2782,#2780,#235,.T.);
#3609=EDGE_CURVE('',#2783,#2781,#236,.T.);
#3610=EDGE_CURVE('',#2782,#2783,#1627,.T.);
#3611=EDGE_CURVE('',#2769,#2782,#237,.T.);
#3612=EDGE_CURVE('',#2770,#2783,#238,.T.);
#3613=EDGE_CURVE('',#2784,#2785,#1628,.T.);
#3614=EDGE_CURVE('',#2785,#2786,#1629,.T.);
#3615=EDGE_CURVE('',#2787,#2786,#1630,.T.);
#3616=EDGE_CURVE('',#2784,#2787,#1631,.T.);
#3617=EDGE_CURVE('',#2788,#2784,#1632,.T.);
#3618=EDGE_CURVE('',#2789,#2787,#1633,.T.);
#3619=EDGE_CURVE('',#2788,#2789,#1634,.T.);
#3620=EDGE_CURVE('',#2790,#2788,#1635,.T.);
#3621=EDGE_CURVE('',#2791,#2789,#1636,.T.);
#3622=EDGE_CURVE('',#2790,#2791,#1637,.T.);
#3623=EDGE_CURVE('',#2792,#2790,#1638,.T.);
#3624=EDGE_CURVE('',#2793,#2791,#1639,.T.);
#3625=EDGE_CURVE('',#2792,#2793,#1640,.T.);
#3626=EDGE_CURVE('',#2794,#2792,#1641,.T.);
#3627=EDGE_CURVE('',#2795,#2793,#1642,.T.);
#3628=EDGE_CURVE('',#2794,#2795,#1643,.T.);
#3629=EDGE_CURVE('',#2796,#2794,#1644,.T.);
#3630=EDGE_CURVE('',#2797,#2795,#1645,.T.);
#3631=EDGE_CURVE('',#2796,#2797,#1646,.T.);
#3632=EDGE_CURVE('',#2798,#2796,#1647,.T.);
#3633=EDGE_CURVE('',#2799,#2797,#1648,.T.);
#3634=EDGE_CURVE('',#2798,#2799,#1649,.T.);
#3635=EDGE_CURVE('',#2800,#2798,#1650,.T.);
#3636=EDGE_CURVE('',#2801,#2799,#1651,.T.);
#3637=EDGE_CURVE('',#2800,#2801,#1652,.T.);
#3638=EDGE_CURVE('',#2802,#2800,#1653,.T.);
#3639=EDGE_CURVE('',#2803,#2801,#1654,.T.);
#3640=EDGE_CURVE('',#2802,#2803,#1655,.T.);
#3641=EDGE_CURVE('',#2804,#2802,#1656,.T.);
#3642=EDGE_CURVE('',#2805,#2803,#1657,.T.);
#3643=EDGE_CURVE('',#2804,#2805,#1658,.T.);
#3644=EDGE_CURVE('',#2785,#2804,#1659,.T.);
#3645=EDGE_CURVE('',#2786,#2805,#1660,.T.);
#3646=EDGE_CURVE('',#2806,#2807,#239,.T.);
#3647=EDGE_CURVE('',#2807,#2808,#1661,.T.);
#3648=EDGE_CURVE('',#2809,#2808,#240,.T.);
#3649=EDGE_CURVE('',#2806,#2809,#1662,.T.);
#3650=EDGE_CURVE('',#2810,#2806,#241,.T.);
#3651=EDGE_CURVE('',#2811,#2809,#242,.T.);
#3652=EDGE_CURVE('',#2810,#2811,#1663,.T.);
#3653=EDGE_CURVE('',#2812,#2810,#243,.T.);
#3654=EDGE_CURVE('',#2813,#2811,#244,.T.);
#3655=EDGE_CURVE('',#2812,#2813,#1664,.T.);
#3656=EDGE_CURVE('',#2814,#2812,#245,.T.);
#3657=EDGE_CURVE('',#2815,#2813,#246,.T.);
#3658=EDGE_CURVE('',#2814,#2815,#1665,.T.);
#3659=EDGE_CURVE('',#2816,#2814,#247,.T.);
#3660=EDGE_CURVE('',#2817,#2815,#248,.T.);
#3661=EDGE_CURVE('',#2816,#2817,#1666,.T.);
#3662=EDGE_CURVE('',#2818,#2816,#249,.T.);
#3663=EDGE_CURVE('',#2819,#2817,#250,.T.);
#3664=EDGE_CURVE('',#2818,#2819,#1667,.T.);
#3665=EDGE_CURVE('',#2820,#2818,#251,.T.);
#3666=EDGE_CURVE('',#2821,#2819,#252,.T.);
#3667=EDGE_CURVE('',#2820,#2821,#1668,.T.);
#3668=EDGE_CURVE('',#2822,#2820,#253,.T.);
#3669=EDGE_CURVE('',#2823,#2821,#254,.T.);
#3670=EDGE_CURVE('',#2822,#2823,#1669,.T.);
#3671=EDGE_CURVE('',#2824,#2822,#255,.T.);
#3672=EDGE_CURVE('',#2825,#2823,#256,.T.);
#3673=EDGE_CURVE('',#2824,#2825,#1670,.T.);
#3674=EDGE_CURVE('',#2826,#2824,#257,.T.);
#3675=EDGE_CURVE('',#2827,#2825,#258,.T.);
#3676=EDGE_CURVE('',#2826,#2827,#1671,.T.);
#3677=EDGE_CURVE('',#2828,#2826,#259,.T.);
#3678=EDGE_CURVE('',#2829,#2827,#260,.T.);
#3679=EDGE_CURVE('',#2828,#2829,#1672,.T.);
#3680=EDGE_CURVE('',#2830,#2828,#1673,.T.);
#3681=EDGE_CURVE('',#2831,#2829,#1674,.T.);
#3682=EDGE_CURVE('',#2830,#2831,#1675,.T.);
#3683=EDGE_CURVE('',#2832,#2830,#261,.T.);
#3684=EDGE_CURVE('',#2833,#2831,#262,.T.);
#3685=EDGE_CURVE('',#2832,#2833,#1676,.T.);
#3686=EDGE_CURVE('',#2834,#2832,#263,.T.);
#3687=EDGE_CURVE('',#2835,#2833,#264,.T.);
#3688=EDGE_CURVE('',#2834,#2835,#1677,.T.);
#3689=EDGE_CURVE('',#2836,#2834,#265,.T.);
#3690=EDGE_CURVE('',#2837,#2835,#266,.T.);
#3691=EDGE_CURVE('',#2836,#2837,#1678,.T.);
#3692=EDGE_CURVE('',#2838,#2836,#267,.T.);
#3693=EDGE_CURVE('',#2839,#2837,#268,.T.);
#3694=EDGE_CURVE('',#2838,#2839,#1679,.T.);
#3695=EDGE_CURVE('',#2840,#2838,#269,.T.);
#3696=EDGE_CURVE('',#2841,#2839,#270,.T.);
#3697=EDGE_CURVE('',#2840,#2841,#1680,.T.);
#3698=EDGE_CURVE('',#2842,#2840,#271,.T.);
#3699=EDGE_CURVE('',#2843,#2841,#272,.T.);
#3700=EDGE_CURVE('',#2842,#2843,#1681,.T.);
#3701=EDGE_CURVE('',#2844,#2842,#273,.T.);
#3702=EDGE_CURVE('',#2845,#2843,#274,.T.);
#3703=EDGE_CURVE('',#2844,#2845,#1682,.T.);
#3704=EDGE_CURVE('',#2846,#2844,#275,.T.);
#3705=EDGE_CURVE('',#2847,#2845,#276,.T.);
#3706=EDGE_CURVE('',#2846,#2847,#1683,.T.);
#3707=EDGE_CURVE('',#2848,#2846,#277,.T.);
#3708=EDGE_CURVE('',#2849,#2847,#278,.T.);
#3709=EDGE_CURVE('',#2848,#2849,#1684,.T.);
#3710=EDGE_CURVE('',#2850,#2848,#279,.T.);
#3711=EDGE_CURVE('',#2851,#2849,#280,.T.);
#3712=EDGE_CURVE('',#2850,#2851,#1685,.T.);
#3713=EDGE_CURVE('',#2852,#2850,#281,.T.);
#3714=EDGE_CURVE('',#2853,#2851,#282,.T.);
#3715=EDGE_CURVE('',#2852,#2853,#1686,.T.);
#3716=EDGE_CURVE('',#2854,#2852,#283,.T.);
#3717=EDGE_CURVE('',#2855,#2853,#284,.T.);
#3718=EDGE_CURVE('',#2854,#2855,#1687,.T.);
#3719=EDGE_CURVE('',#2856,#2854,#285,.T.);
#3720=EDGE_CURVE('',#2857,#2855,#286,.T.);
#3721=EDGE_CURVE('',#2856,#2857,#1688,.T.);
#3722=EDGE_CURVE('',#2858,#2856,#287,.T.);
#3723=EDGE_CURVE('',#2859,#2857,#288,.T.);
#3724=EDGE_CURVE('',#2858,#2859,#1689,.T.);
#3725=EDGE_CURVE('',#2860,#2858,#289,.T.);
#3726=EDGE_CURVE('',#2861,#2859,#290,.T.);
#3727=EDGE_CURVE('',#2860,#2861,#1690,.T.);
#3728=EDGE_CURVE('',#2862,#2860,#291,.T.);
#3729=EDGE_CURVE('',#2863,#2861,#292,.T.);
#3730=EDGE_CURVE('',#2862,#2863,#1691,.T.);
#3731=EDGE_CURVE('',#2864,#2862,#1692,.T.);
#3732=EDGE_CURVE('',#2865,#2863,#1693,.T.);
#3733=EDGE_CURVE('',#2864,#2865,#1694,.T.);
#3734=EDGE_CURVE('',#2866,#2864,#293,.T.);
#3735=EDGE_CURVE('',#2867,#2865,#294,.T.);
#3736=EDGE_CURVE('',#2866,#2867,#1695,.T.);
#3737=EDGE_CURVE('',#2868,#2866,#295,.T.);
#3738=EDGE_CURVE('',#2869,#2867,#296,.T.);
#3739=EDGE_CURVE('',#2868,#2869,#1696,.T.);
#3740=EDGE_CURVE('',#2870,#2868,#297,.T.);
#3741=EDGE_CURVE('',#2871,#2869,#298,.T.);
#3742=EDGE_CURVE('',#2870,#2871,#1697,.T.);
#3743=EDGE_CURVE('',#2872,#2870,#299,.T.);
#3744=EDGE_CURVE('',#2873,#2871,#300,.T.);
#3745=EDGE_CURVE('',#2872,#2873,#1698,.T.);
#3746=EDGE_CURVE('',#2807,#2872,#301,.T.);
#3747=EDGE_CURVE('',#2808,#2873,#302,.T.);
#3748=ORIENTED_EDGE('',*,*,#2874,.T.);
#3749=ORIENTED_EDGE('',*,*,#2875,.T.);
#3750=ORIENTED_EDGE('',*,*,#2876,.T.);
#3751=ORIENTED_EDGE('',*,*,#2877,.T.);
#3752=ORIENTED_EDGE('',*,*,#2875,.F.);
#3753=ORIENTED_EDGE('',*,*,#2878,.F.);
#3754=ORIENTED_EDGE('',*,*,#2879,.F.);
#3755=ORIENTED_EDGE('',*,*,#2880,.F.);
#3756=ORIENTED_EDGE('',*,*,#2881,.T.);
#3757=ORIENTED_EDGE('',*,*,#2882,.T.);
#3758=ORIENTED_EDGE('',*,*,#2883,.T.);
#3759=ORIENTED_EDGE('',*,*,#2884,.T.);
#3760=ORIENTED_EDGE('',*,*,#2882,.F.);
#3761=ORIENTED_EDGE('',*,*,#2885,.F.);
#3762=ORIENTED_EDGE('',*,*,#2886,.F.);
#3763=ORIENTED_EDGE('',*,*,#2887,.F.);
#3764=ORIENTED_EDGE('',*,*,#2888,.F.);
#3765=ORIENTED_EDGE('',*,*,#2889,.F.);
#3766=ORIENTED_EDGE('',*,*,#2890,.T.);
#3767=ORIENTED_EDGE('',*,*,#2891,.T.);
#3768=ORIENTED_EDGE('',*,*,#2892,.T.);
#3769=ORIENTED_EDGE('',*,*,#2893,.T.);
#3770=ORIENTED_EDGE('',*,*,#2892,.F.);
#3771=ORIENTED_EDGE('',*,*,#2894,.F.);
#3772=ORIENTED_EDGE('',*,*,#2895,.F.);
#3773=ORIENTED_EDGE('',*,*,#2896,.F.);
#3774=ORIENTED_EDGE('',*,*,#2897,.F.);
#3775=ORIENTED_EDGE('',*,*,#2898,.T.);
#3776=ORIENTED_EDGE('',*,*,#2899,.T.);
#3777=ORIENTED_EDGE('',*,*,#2891,.F.);
#3778=ORIENTED_EDGE('',*,*,#2900,.T.);
#3779=ORIENTED_EDGE('',*,*,#2901,.T.);
#3780=ORIENTED_EDGE('',*,*,#2902,.T.);
#3781=ORIENTED_EDGE('',*,*,#2903,.F.);
#3782=ORIENTED_EDGE('',*,*,#2904,.T.);
#3783=ORIENTED_EDGE('',*,*,#2905,.F.);
#3784=ORIENTED_EDGE('',*,*,#2906,.T.);
#3785=ORIENTED_EDGE('',*,*,#2907,.F.);
#3786=ORIENTED_EDGE('',*,*,#2894,.T.);
#3787=ORIENTED_EDGE('',*,*,#2908,.T.);
#3788=ORIENTED_EDGE('',*,*,#2909,.T.);
#3789=ORIENTED_EDGE('',*,*,#2910,.T.);
#3790=ORIENTED_EDGE('',*,*,#2903,.T.);
#3791=ORIENTED_EDGE('',*,*,#2910,.F.);
#3792=ORIENTED_EDGE('',*,*,#2911,.F.);
#3793=ORIENTED_EDGE('',*,*,#2912,.T.);
#3794=ORIENTED_EDGE('',*,*,#2913,.F.);
#3795=ORIENTED_EDGE('',*,*,#2914,.F.);
#3796=ORIENTED_EDGE('',*,*,#2915,.F.);
#3797=ORIENTED_EDGE('',*,*,#2904,.F.);
#3798=ORIENTED_EDGE('',*,*,#2905,.T.);
#3799=ORIENTED_EDGE('',*,*,#2915,.T.);
#3800=ORIENTED_EDGE('',*,*,#2916,.T.);
#3801=ORIENTED_EDGE('',*,*,#2917,.T.);
#3802=ORIENTED_EDGE('',*,*,#2918,.T.);
#3803=ORIENTED_EDGE('',*,*,#2895,.T.);
#3804=ORIENTED_EDGE('',*,*,#2907,.T.);
#3805=ORIENTED_EDGE('',*,*,#2919,.T.);
#3806=ORIENTED_EDGE('',*,*,#2920,.T.);
#3807=ORIENTED_EDGE('',*,*,#2921,.T.);
#3808=ORIENTED_EDGE('',*,*,#2922,.T.);
#3809=ORIENTED_EDGE('',*,*,#2913,.T.);
#3810=ORIENTED_EDGE('',*,*,#2921,.F.);
#3811=ORIENTED_EDGE('',*,*,#2923,.F.);
#3812=ORIENTED_EDGE('',*,*,#2924,.F.);
#3813=ORIENTED_EDGE('',*,*,#2925,.F.);
#3814=ORIENTED_EDGE('',*,*,#2926,.F.);
#3815=ORIENTED_EDGE('',*,*,#2897,.T.);
#3816=ORIENTED_EDGE('',*,*,#2927,.T.);
#3817=ORIENTED_EDGE('',*,*,#2924,.T.);
#3818=ORIENTED_EDGE('',*,*,#2928,.T.);
#3819=ORIENTED_EDGE('',*,*,#2929,.T.);
#3820=ORIENTED_EDGE('',*,*,#2930,.T.);
#3821=ORIENTED_EDGE('',*,*,#2931,.T.);
#3822=ORIENTED_EDGE('',*,*,#2932,.T.);
#3823=ORIENTED_EDGE('',*,*,#2933,.T.);
#3824=ORIENTED_EDGE('',*,*,#2934,.T.);
#3825=ORIENTED_EDGE('',*,*,#2935,.T.);
#3826=ORIENTED_EDGE('',*,*,#2936,.T.);
#3827=ORIENTED_EDGE('',*,*,#2937,.T.);
#3828=ORIENTED_EDGE('',*,*,#2938,.T.);
#3829=ORIENTED_EDGE('',*,*,#2939,.T.);
#3830=ORIENTED_EDGE('',*,*,#2936,.F.);
#3831=ORIENTED_EDGE('',*,*,#2940,.T.);
#3832=ORIENTED_EDGE('',*,*,#2934,.F.);
#3833=ORIENTED_EDGE('',*,*,#2941,.T.);
#3834=ORIENTED_EDGE('',*,*,#2942,.T.);
#3835=ORIENTED_EDGE('',*,*,#2943,.T.);
#3836=ORIENTED_EDGE('',*,*,#2944,.T.);
#3837=ORIENTED_EDGE('',*,*,#2945,.T.);
#3838=ORIENTED_EDGE('',*,*,#2944,.F.);
#3839=ORIENTED_EDGE('',*,*,#2946,.T.);
#3840=ORIENTED_EDGE('',*,*,#2938,.F.);
#3841=ORIENTED_EDGE('',*,*,#2947,.T.);
#3842=ORIENTED_EDGE('',*,*,#2948,.T.);
#3843=ORIENTED_EDGE('',*,*,#2949,.T.);
#3844=ORIENTED_EDGE('',*,*,#2950,.T.);
#3845=ORIENTED_EDGE('',*,*,#2951,.T.);
#3846=ORIENTED_EDGE('',*,*,#2948,.F.);
#3847=ORIENTED_EDGE('',*,*,#2952,.T.);
#3848=ORIENTED_EDGE('',*,*,#2942,.F.);
#3849=ORIENTED_EDGE('',*,*,#2953,.T.);
#3850=ORIENTED_EDGE('',*,*,#2954,.T.);
#3851=ORIENTED_EDGE('',*,*,#2955,.T.);
#3852=ORIENTED_EDGE('',*,*,#2956,.T.);
#3853=ORIENTED_EDGE('',*,*,#2957,.T.);
#3854=ORIENTED_EDGE('',*,*,#2956,.F.);
#3855=ORIENTED_EDGE('',*,*,#2958,.T.);
#3856=ORIENTED_EDGE('',*,*,#2950,.F.);
#3857=ORIENTED_EDGE('',*,*,#2959,.T.);
#3858=ORIENTED_EDGE('',*,*,#2930,.F.);
#3859=ORIENTED_EDGE('',*,*,#2960,.T.);
#3860=ORIENTED_EDGE('',*,*,#2961,.T.);
#3861=ORIENTED_EDGE('',*,*,#2962,.T.);
#3862=ORIENTED_EDGE('',*,*,#2961,.F.);
#3863=ORIENTED_EDGE('',*,*,#2963,.T.);
#3864=ORIENTED_EDGE('',*,*,#2954,.F.);
#3865=ORIENTED_EDGE('',*,*,#2964,.T.);
#3866=ORIENTED_EDGE('',*,*,#2932,.F.);
#3867=ORIENTED_EDGE('',*,*,#2965,.T.);
#3868=ORIENTED_EDGE('',*,*,#2928,.F.);
#3869=ORIENTED_EDGE('',*,*,#2966,.T.);
#3870=ORIENTED_EDGE('',*,*,#2941,.F.);
#3871=ORIENTED_EDGE('',*,*,#2933,.F.);
#3872=ORIENTED_EDGE('',*,*,#2967,.F.);
#3873=ORIENTED_EDGE('',*,*,#2968,.T.);
#3874=ORIENTED_EDGE('',*,*,#2969,.T.);
#3875=ORIENTED_EDGE('',*,*,#2966,.F.);
#3876=ORIENTED_EDGE('',*,*,#2931,.F.);
#3877=ORIENTED_EDGE('',*,*,#2962,.F.);
#3878=ORIENTED_EDGE('',*,*,#2964,.F.);
#3879=ORIENTED_EDGE('',*,*,#2970,.F.);
#3880=ORIENTED_EDGE('',*,*,#2971,.T.);
#3881=ORIENTED_EDGE('',*,*,#2972,.T.);
#3882=ORIENTED_EDGE('',*,*,#2973,.T.);
#3883=ORIENTED_EDGE('',*,*,#2967,.T.);
#3884=ORIENTED_EDGE('',*,*,#2946,.F.);
#3885=ORIENTED_EDGE('',*,*,#2943,.F.);
#3886=ORIENTED_EDGE('',*,*,#2952,.F.);
#3887=ORIENTED_EDGE('',*,*,#2974,.F.);
#3888=ORIENTED_EDGE('',*,*,#2975,.F.);
#3889=ORIENTED_EDGE('',*,*,#2976,.T.);
#3890=ORIENTED_EDGE('',*,*,#2977,.T.);
#3891=ORIENTED_EDGE('',*,*,#2978,.F.);
#3892=ORIENTED_EDGE('',*,*,#2979,.T.);
#3893=ORIENTED_EDGE('',*,*,#2980,.F.);
#3894=ORIENTED_EDGE('',*,*,#2981,.T.);
#3895=ORIENTED_EDGE('',*,*,#2982,.F.);
#3896=ORIENTED_EDGE('',*,*,#2951,.F.);
#3897=ORIENTED_EDGE('',*,*,#2958,.F.);
#3898=ORIENTED_EDGE('',*,*,#2955,.F.);
#3899=ORIENTED_EDGE('',*,*,#2963,.F.);
#3900=ORIENTED_EDGE('',*,*,#2960,.F.);
#3901=ORIENTED_EDGE('',*,*,#2983,.T.);
#3902=ORIENTED_EDGE('',*,*,#2984,.F.);
#3903=ORIENTED_EDGE('',*,*,#2985,.T.);
#3904=ORIENTED_EDGE('',*,*,#2974,.T.);
#3905=ORIENTED_EDGE('',*,*,#2986,.T.);
#3906=ORIENTED_EDGE('',*,*,#2987,.T.);
#3907=ORIENTED_EDGE('',*,*,#2988,.T.);
#3908=ORIENTED_EDGE('',*,*,#2982,.T.);
#3909=ORIENTED_EDGE('',*,*,#2987,.F.);
#3910=ORIENTED_EDGE('',*,*,#2989,.F.);
#3911=ORIENTED_EDGE('',*,*,#2990,.F.);
#3912=ORIENTED_EDGE('',*,*,#2991,.F.);
#3913=ORIENTED_EDGE('',*,*,#2992,.T.);
#3914=ORIENTED_EDGE('',*,*,#2993,.T.);
#3915=ORIENTED_EDGE('',*,*,#2994,.T.);
#3916=ORIENTED_EDGE('',*,*,#2980,.T.);
#3917=ORIENTED_EDGE('',*,*,#2993,.F.);
#3918=ORIENTED_EDGE('',*,*,#2995,.F.);
#3919=ORIENTED_EDGE('',*,*,#2996,.F.);
#3920=ORIENTED_EDGE('',*,*,#2997,.T.);
#3921=ORIENTED_EDGE('',*,*,#2998,.F.);
#3922=ORIENTED_EDGE('',*,*,#2999,.T.);
#3923=ORIENTED_EDGE('',*,*,#3000,.F.);
#3924=ORIENTED_EDGE('',*,*,#3001,.F.);
#3925=ORIENTED_EDGE('',*,*,#3002,.T.);
#3926=ORIENTED_EDGE('',*,*,#3003,.F.);
#3927=ORIENTED_EDGE('',*,*,#3004,.T.);
#3928=ORIENTED_EDGE('',*,*,#3005,.T.);
#3929=ORIENTED_EDGE('',*,*,#3006,.F.);
#3930=ORIENTED_EDGE('',*,*,#3007,.F.);
#3931=ORIENTED_EDGE('',*,*,#3008,.F.);
#3932=ORIENTED_EDGE('',*,*,#3009,.T.);
#3933=ORIENTED_EDGE('',*,*,#3010,.T.);
#3934=ORIENTED_EDGE('',*,*,#3011,.F.);
#3935=ORIENTED_EDGE('',*,*,#3010,.F.);
#3936=ORIENTED_EDGE('',*,*,#3012,.F.);
#3937=ORIENTED_EDGE('',*,*,#3013,.F.);
#3938=ORIENTED_EDGE('',*,*,#3014,.F.);
#3939=ORIENTED_EDGE('',*,*,#3015,.F.);
#3940=ORIENTED_EDGE('',*,*,#3016,.F.);
#3941=ORIENTED_EDGE('',*,*,#3017,.F.);
#3942=ORIENTED_EDGE('',*,*,#3016,.T.);
#3943=ORIENTED_EDGE('',*,*,#3018,.F.);
#3944=ORIENTED_EDGE('',*,*,#3019,.F.);
#3945=ORIENTED_EDGE('',*,*,#3020,.F.);
#3946=ORIENTED_EDGE('',*,*,#3021,.T.);
#3947=ORIENTED_EDGE('',*,*,#3022,.T.);
#3948=ORIENTED_EDGE('',*,*,#3023,.F.);
#3949=ORIENTED_EDGE('',*,*,#3024,.F.);
#3950=ORIENTED_EDGE('',*,*,#3000,.T.);
#3951=ORIENTED_EDGE('',*,*,#3025,.T.);
#3952=ORIENTED_EDGE('',*,*,#3021,.F.);
#3953=ORIENTED_EDGE('',*,*,#2971,.F.);
#3954=ORIENTED_EDGE('',*,*,#3026,.F.);
#3955=ORIENTED_EDGE('',*,*,#3027,.F.);
#3956=ORIENTED_EDGE('',*,*,#3002,.F.);
#3957=ORIENTED_EDGE('',*,*,#3028,.F.);
#3958=ORIENTED_EDGE('',*,*,#3029,.T.);
#3959=ORIENTED_EDGE('',*,*,#3030,.T.);
#3960=ORIENTED_EDGE('',*,*,#3031,.F.);
#3961=ORIENTED_EDGE('',*,*,#3032,.T.);
#3962=ORIENTED_EDGE('',*,*,#3033,.T.);
#3963=ORIENTED_EDGE('',*,*,#3029,.F.);
#3964=ORIENTED_EDGE('',*,*,#3034,.F.);
#3965=ORIENTED_EDGE('',*,*,#3035,.F.);
#3966=ORIENTED_EDGE('',*,*,#3036,.F.);
#3967=ORIENTED_EDGE('',*,*,#3037,.T.);
#3968=ORIENTED_EDGE('',*,*,#3038,.T.);
#3969=ORIENTED_EDGE('',*,*,#3004,.F.);
#3970=ORIENTED_EDGE('',*,*,#3039,.F.);
#3971=ORIENTED_EDGE('',*,*,#3040,.F.);
#3972=ORIENTED_EDGE('',*,*,#3041,.T.);
#3973=ORIENTED_EDGE('',*,*,#3042,.T.);
#3974=ORIENTED_EDGE('',*,*,#3043,.F.);
#3975=ORIENTED_EDGE('',*,*,#3044,.T.);
#3976=ORIENTED_EDGE('',*,*,#3045,.T.);
#3977=ORIENTED_EDGE('',*,*,#3041,.F.);
#3978=ORIENTED_EDGE('',*,*,#3046,.F.);
#3979=ORIENTED_EDGE('',*,*,#3047,.T.);
#3980=ORIENTED_EDGE('',*,*,#3044,.F.);
#3981=ORIENTED_EDGE('',*,*,#3048,.F.);
#3982=ORIENTED_EDGE('',*,*,#3049,.F.);
#3983=ORIENTED_EDGE('',*,*,#3050,.F.);
#3984=ORIENTED_EDGE('',*,*,#3018,.T.);
#3985=ORIENTED_EDGE('',*,*,#3015,.T.);
#3986=ORIENTED_EDGE('',*,*,#3051,.F.);
#3987=ORIENTED_EDGE('',*,*,#3052,.F.);
#3988=ORIENTED_EDGE('',*,*,#3053,.F.);
#3989=ORIENTED_EDGE('',*,*,#3023,.T.);
#3990=ORIENTED_EDGE('',*,*,#3054,.T.);
#3991=ORIENTED_EDGE('',*,*,#3055,.F.);
#3992=ORIENTED_EDGE('',*,*,#3056,.F.);
#3993=ORIENTED_EDGE('',*,*,#2972,.F.);
#3994=ORIENTED_EDGE('',*,*,#3030,.F.);
#3995=ORIENTED_EDGE('',*,*,#3033,.F.);
#3996=ORIENTED_EDGE('',*,*,#3057,.F.);
#3997=ORIENTED_EDGE('',*,*,#3058,.F.);
#3998=ORIENTED_EDGE('',*,*,#3005,.F.);
#3999=ORIENTED_EDGE('',*,*,#3038,.F.);
#4000=ORIENTED_EDGE('',*,*,#3059,.F.);
#4001=ORIENTED_EDGE('',*,*,#3060,.F.);
#4002=ORIENTED_EDGE('',*,*,#3042,.F.);
#4003=ORIENTED_EDGE('',*,*,#3045,.F.);
#4004=ORIENTED_EDGE('',*,*,#3047,.F.);
#4005=ORIENTED_EDGE('',*,*,#3061,.F.);
#4006=ORIENTED_EDGE('',*,*,#3054,.F.);
#4007=ORIENTED_EDGE('',*,*,#3022,.F.);
#4008=ORIENTED_EDGE('',*,*,#3025,.F.);
#4009=ORIENTED_EDGE('',*,*,#2999,.F.);
#4010=ORIENTED_EDGE('',*,*,#3062,.F.);
#4011=ORIENTED_EDGE('',*,*,#3063,.T.);
#4012=ORIENTED_EDGE('',*,*,#3012,.T.);
#4013=ORIENTED_EDGE('',*,*,#3009,.F.);
#4014=ORIENTED_EDGE('',*,*,#2937,.F.);
#4015=ORIENTED_EDGE('',*,*,#2969,.F.);
#4016=ORIENTED_EDGE('',*,*,#3064,.T.);
#4017=ORIENTED_EDGE('',*,*,#3055,.T.);
#4018=ORIENTED_EDGE('',*,*,#2998,.T.);
#4019=ORIENTED_EDGE('',*,*,#3027,.T.);
#4020=ORIENTED_EDGE('',*,*,#3065,.F.);
#4021=ORIENTED_EDGE('',*,*,#2949,.F.);
#4022=ORIENTED_EDGE('',*,*,#2953,.F.);
#4023=ORIENTED_EDGE('',*,*,#2945,.F.);
#4024=ORIENTED_EDGE('',*,*,#2947,.F.);
#4025=ORIENTED_EDGE('',*,*,#3060,.T.);
#4026=ORIENTED_EDGE('',*,*,#3066,.T.);
#4027=ORIENTED_EDGE('',*,*,#3067,.T.);
#4028=ORIENTED_EDGE('',*,*,#3068,.F.);
#4029=ORIENTED_EDGE('',*,*,#3069,.T.);
#4030=ORIENTED_EDGE('',*,*,#3070,.T.);
#4031=ORIENTED_EDGE('',*,*,#3071,.T.);
#4032=ORIENTED_EDGE('',*,*,#3072,.T.);
#4033=ORIENTED_EDGE('',*,*,#3073,.F.);
#4034=ORIENTED_EDGE('',*,*,#3074,.F.);
#4035=ORIENTED_EDGE('',*,*,#3075,.T.);
#4036=ORIENTED_EDGE('',*,*,#3076,.T.);
#4037=ORIENTED_EDGE('',*,*,#3077,.T.);
#4038=ORIENTED_EDGE('',*,*,#3078,.T.);
#4039=ORIENTED_EDGE('',*,*,#3079,.T.);
#4040=ORIENTED_EDGE('',*,*,#3080,.T.);
#4041=ORIENTED_EDGE('',*,*,#3081,.F.);
#4042=ORIENTED_EDGE('',*,*,#3082,.F.);
#4043=ORIENTED_EDGE('',*,*,#3083,.T.);
#4044=ORIENTED_EDGE('',*,*,#3084,.T.);
#4045=ORIENTED_EDGE('',*,*,#3085,.T.);
#4046=ORIENTED_EDGE('',*,*,#3086,.T.);
#4047=ORIENTED_EDGE('',*,*,#3087,.T.);
#4048=ORIENTED_EDGE('',*,*,#3088,.T.);
#4049=ORIENTED_EDGE('',*,*,#3089,.F.);
#4050=ORIENTED_EDGE('',*,*,#3090,.F.);
#4051=ORIENTED_EDGE('',*,*,#3091,.T.);
#4052=ORIENTED_EDGE('',*,*,#3092,.T.);
#4053=ORIENTED_EDGE('',*,*,#3059,.T.);
#4054=ORIENTED_EDGE('',*,*,#3037,.F.);
#4055=ORIENTED_EDGE('',*,*,#3093,.T.);
#4056=ORIENTED_EDGE('',*,*,#3094,.F.);
#4057=ORIENTED_EDGE('',*,*,#3095,.F.);
#4058=ORIENTED_EDGE('',*,*,#3096,.T.);
#4059=ORIENTED_EDGE('',*,*,#3097,.T.);
#4060=ORIENTED_EDGE('',*,*,#3066,.F.);
#4061=ORIENTED_EDGE('',*,*,#3098,.T.);
#4062=ORIENTED_EDGE('',*,*,#2996,.T.);
#4063=ORIENTED_EDGE('',*,*,#3099,.T.);
#4064=ORIENTED_EDGE('',*,*,#2990,.T.);
#4065=ORIENTED_EDGE('',*,*,#2923,.T.);
#4066=ORIENTED_EDGE('',*,*,#2920,.F.);
#4067=ORIENTED_EDGE('',*,*,#2912,.F.);
#4068=ORIENTED_EDGE('',*,*,#3100,.T.);
#4069=ORIENTED_EDGE('',*,*,#3101,.T.);
#4070=ORIENTED_EDGE('',*,*,#3102,.T.);
#4071=ORIENTED_EDGE('',*,*,#3103,.T.);
#4072=ORIENTED_EDGE('',*,*,#3104,.T.);
#4073=ORIENTED_EDGE('',*,*,#2898,.F.);
#4074=ORIENTED_EDGE('',*,*,#2926,.T.);
#4075=ORIENTED_EDGE('',*,*,#3035,.T.);
#4076=ORIENTED_EDGE('',*,*,#3034,.T.);
#4077=ORIENTED_EDGE('',*,*,#3003,.T.);
#4078=ORIENTED_EDGE('',*,*,#3105,.F.);
#4079=ORIENTED_EDGE('',*,*,#3106,.F.);
#4080=ORIENTED_EDGE('',*,*,#3093,.F.);
#4081=ORIENTED_EDGE('',*,*,#3036,.T.);
#4082=ORIENTED_EDGE('',*,*,#3053,.T.);
#4083=ORIENTED_EDGE('',*,*,#3107,.T.);
#4084=ORIENTED_EDGE('',*,*,#3108,.T.);
#4085=ORIENTED_EDGE('',*,*,#3109,.F.);
#4086=ORIENTED_EDGE('',*,*,#3110,.F.);
#4087=ORIENTED_EDGE('',*,*,#2975,.T.);
#4088=ORIENTED_EDGE('',*,*,#2985,.F.);
#4089=ORIENTED_EDGE('',*,*,#3111,.F.);
#4090=ORIENTED_EDGE('',*,*,#3112,.T.);
#4091=ORIENTED_EDGE('',*,*,#3031,.T.);
#4092=ORIENTED_EDGE('',*,*,#3028,.T.);
#4093=ORIENTED_EDGE('',*,*,#3001,.T.);
#4094=ORIENTED_EDGE('',*,*,#3024,.T.);
#4095=ORIENTED_EDGE('',*,*,#3020,.T.);
#4096=ORIENTED_EDGE('',*,*,#3113,.T.);
#4097=ORIENTED_EDGE('',*,*,#3114,.T.);
#4098=ORIENTED_EDGE('',*,*,#3115,.T.);
#4099=ORIENTED_EDGE('',*,*,#3116,.T.);
#4100=ORIENTED_EDGE('',*,*,#3117,.F.);
#4101=ORIENTED_EDGE('',*,*,#3058,.T.);
#4102=ORIENTED_EDGE('',*,*,#3118,.F.);
#4103=ORIENTED_EDGE('',*,*,#3119,.T.);
#4104=ORIENTED_EDGE('',*,*,#3007,.T.);
#4105=ORIENTED_EDGE('',*,*,#3011,.T.);
#4106=ORIENTED_EDGE('',*,*,#3017,.T.);
#4107=ORIENTED_EDGE('',*,*,#3120,.F.);
#4108=ORIENTED_EDGE('',*,*,#3121,.F.);
#4109=ORIENTED_EDGE('',*,*,#3122,.F.);
#4110=ORIENTED_EDGE('',*,*,#3123,.F.);
#4111=ORIENTED_EDGE('',*,*,#3124,.F.);
#4112=ORIENTED_EDGE('',*,*,#3125,.F.);
#4113=ORIENTED_EDGE('',*,*,#3126,.F.);
#4114=ORIENTED_EDGE('',*,*,#3113,.F.);
#4115=ORIENTED_EDGE('',*,*,#3127,.T.);
#4116=ORIENTED_EDGE('',*,*,#3019,.T.);
#4117=ORIENTED_EDGE('',*,*,#3050,.T.);
#4118=ORIENTED_EDGE('',*,*,#3128,.T.);
#4119=ORIENTED_EDGE('',*,*,#3129,.F.);
#4120=ORIENTED_EDGE('',*,*,#3130,.T.);
#4121=ORIENTED_EDGE('',*,*,#3120,.T.);
#4122=ORIENTED_EDGE('',*,*,#3131,.F.);
#4123=ORIENTED_EDGE('',*,*,#3127,.F.);
#4124=ORIENTED_EDGE('',*,*,#3119,.F.);
#4125=ORIENTED_EDGE('',*,*,#3132,.T.);
#4126=ORIENTED_EDGE('',*,*,#3133,.F.);
#4127=ORIENTED_EDGE('',*,*,#3134,.F.);
#4128=ORIENTED_EDGE('',*,*,#3114,.F.);
#4129=ORIENTED_EDGE('',*,*,#3126,.T.);
#4130=ORIENTED_EDGE('',*,*,#3135,.F.);
#4131=ORIENTED_EDGE('',*,*,#3136,.F.);
#4132=ORIENTED_EDGE('',*,*,#3137,.F.);
#4133=ORIENTED_EDGE('',*,*,#3138,.T.);
#4134=ORIENTED_EDGE('',*,*,#3139,.F.);
#4135=ORIENTED_EDGE('',*,*,#3140,.F.);
#4136=ORIENTED_EDGE('',*,*,#3135,.T.);
#4137=ORIENTED_EDGE('',*,*,#3141,.T.);
#4138=ORIENTED_EDGE('',*,*,#3132,.F.);
#4139=ORIENTED_EDGE('',*,*,#3118,.T.);
#4140=ORIENTED_EDGE('',*,*,#3057,.T.);
#4141=ORIENTED_EDGE('',*,*,#3032,.F.);
#4142=ORIENTED_EDGE('',*,*,#3112,.F.);
#4143=ORIENTED_EDGE('',*,*,#3142,.T.);
#4144=ORIENTED_EDGE('',*,*,#3139,.T.);
#4145=ORIENTED_EDGE('',*,*,#3143,.T.);
#4146=ORIENTED_EDGE('',*,*,#3128,.F.);
#4147=ORIENTED_EDGE('',*,*,#3051,.T.);
#4148=ORIENTED_EDGE('',*,*,#3014,.T.);
#4149=ORIENTED_EDGE('',*,*,#3144,.T.);
#4150=ORIENTED_EDGE('',*,*,#3008,.T.);
#4151=ORIENTED_EDGE('',*,*,#3124,.T.);
#4152=ORIENTED_EDGE('',*,*,#3145,.T.);
#4153=ORIENTED_EDGE('',*,*,#3146,.T.);
#4154=ORIENTED_EDGE('',*,*,#3147,.T.);
#4155=ORIENTED_EDGE('',*,*,#3148,.F.);
#4156=ORIENTED_EDGE('',*,*,#3062,.T.);
#4157=ORIENTED_EDGE('',*,*,#3149,.T.);
#4158=ORIENTED_EDGE('',*,*,#3150,.T.);
#4159=ORIENTED_EDGE('',*,*,#3151,.T.);
#4160=ORIENTED_EDGE('',*,*,#3152,.T.);
#4161=ORIENTED_EDGE('',*,*,#3153,.T.);
#4162=ORIENTED_EDGE('',*,*,#3150,.F.);
#4163=ORIENTED_EDGE('',*,*,#3154,.T.);
#4164=ORIENTED_EDGE('',*,*,#3155,.T.);
#4165=ORIENTED_EDGE('',*,*,#3156,.T.);
#4166=ORIENTED_EDGE('',*,*,#3155,.F.);
#4167=ORIENTED_EDGE('',*,*,#3157,.T.);
#4168=ORIENTED_EDGE('',*,*,#3158,.F.);
#4169=ORIENTED_EDGE('',*,*,#3159,.T.);
#4170=ORIENTED_EDGE('',*,*,#3152,.F.);
#4171=ORIENTED_EDGE('',*,*,#3160,.T.);
#4172=ORIENTED_EDGE('',*,*,#3158,.T.);
#4173=ORIENTED_EDGE('',*,*,#3160,.F.);
#4174=ORIENTED_EDGE('',*,*,#3161,.T.);
#4175=ORIENTED_EDGE('',*,*,#3162,.T.);
#4176=ORIENTED_EDGE('',*,*,#3163,.F.);
#4177=ORIENTED_EDGE('',*,*,#3151,.F.);
#4178=ORIENTED_EDGE('',*,*,#3164,.T.);
#4179=ORIENTED_EDGE('',*,*,#3165,.T.);
#4180=ORIENTED_EDGE('',*,*,#3166,.F.);
#4181=ORIENTED_EDGE('',*,*,#3091,.F.);
#4182=ORIENTED_EDGE('',*,*,#3167,.F.);
#4183=ORIENTED_EDGE('',*,*,#3161,.F.);
#4184=ORIENTED_EDGE('',*,*,#3149,.F.);
#4185=ORIENTED_EDGE('',*,*,#3159,.F.);
#4186=ORIENTED_EDGE('',*,*,#3157,.F.);
#4187=ORIENTED_EDGE('',*,*,#3154,.F.);
#4188=ORIENTED_EDGE('',*,*,#3168,.T.);
#4189=ORIENTED_EDGE('',*,*,#3169,.T.);
#4190=ORIENTED_EDGE('',*,*,#3170,.T.);
#4191=ORIENTED_EDGE('',*,*,#3171,.T.);
#4192=ORIENTED_EDGE('',*,*,#3172,.T.);
#4193=ORIENTED_EDGE('',*,*,#3169,.F.);
#4194=ORIENTED_EDGE('',*,*,#3173,.T.);
#4195=ORIENTED_EDGE('',*,*,#3174,.T.);
#4196=ORIENTED_EDGE('',*,*,#3175,.T.);
#4197=ORIENTED_EDGE('',*,*,#3174,.F.);
#4198=ORIENTED_EDGE('',*,*,#3176,.T.);
#4199=ORIENTED_EDGE('',*,*,#3177,.F.);
#4200=ORIENTED_EDGE('',*,*,#3178,.T.);
#4201=ORIENTED_EDGE('',*,*,#3171,.F.);
#4202=ORIENTED_EDGE('',*,*,#3179,.T.);
#4203=ORIENTED_EDGE('',*,*,#3177,.T.);
#4204=ORIENTED_EDGE('',*,*,#3179,.F.);
#4205=ORIENTED_EDGE('',*,*,#3180,.T.);
#4206=ORIENTED_EDGE('',*,*,#3181,.T.);
#4207=ORIENTED_EDGE('',*,*,#3182,.F.);
#4208=ORIENTED_EDGE('',*,*,#3170,.F.);
#4209=ORIENTED_EDGE('',*,*,#3183,.T.);
#4210=ORIENTED_EDGE('',*,*,#3184,.T.);
#4211=ORIENTED_EDGE('',*,*,#3185,.F.);
#4212=ORIENTED_EDGE('',*,*,#3083,.F.);
#4213=ORIENTED_EDGE('',*,*,#3186,.F.);
#4214=ORIENTED_EDGE('',*,*,#3180,.F.);
#4215=ORIENTED_EDGE('',*,*,#3168,.F.);
#4216=ORIENTED_EDGE('',*,*,#3178,.F.);
#4217=ORIENTED_EDGE('',*,*,#3176,.F.);
#4218=ORIENTED_EDGE('',*,*,#3173,.F.);
#4219=ORIENTED_EDGE('',*,*,#3187,.T.);
#4220=ORIENTED_EDGE('',*,*,#3188,.T.);
#4221=ORIENTED_EDGE('',*,*,#3189,.T.);
#4222=ORIENTED_EDGE('',*,*,#3190,.T.);
#4223=ORIENTED_EDGE('',*,*,#3191,.T.);
#4224=ORIENTED_EDGE('',*,*,#3188,.F.);
#4225=ORIENTED_EDGE('',*,*,#3192,.T.);
#4226=ORIENTED_EDGE('',*,*,#3193,.T.);
#4227=ORIENTED_EDGE('',*,*,#3194,.T.);
#4228=ORIENTED_EDGE('',*,*,#3193,.F.);
#4229=ORIENTED_EDGE('',*,*,#3195,.T.);
#4230=ORIENTED_EDGE('',*,*,#3196,.F.);
#4231=ORIENTED_EDGE('',*,*,#3197,.T.);
#4232=ORIENTED_EDGE('',*,*,#3190,.F.);
#4233=ORIENTED_EDGE('',*,*,#3198,.T.);
#4234=ORIENTED_EDGE('',*,*,#3196,.T.);
#4235=ORIENTED_EDGE('',*,*,#3198,.F.);
#4236=ORIENTED_EDGE('',*,*,#3199,.T.);
#4237=ORIENTED_EDGE('',*,*,#3200,.T.);
#4238=ORIENTED_EDGE('',*,*,#3201,.F.);
#4239=ORIENTED_EDGE('',*,*,#3189,.F.);
#4240=ORIENTED_EDGE('',*,*,#3202,.T.);
#4241=ORIENTED_EDGE('',*,*,#3203,.T.);
#4242=ORIENTED_EDGE('',*,*,#3204,.F.);
#4243=ORIENTED_EDGE('',*,*,#3075,.F.);
#4244=ORIENTED_EDGE('',*,*,#3205,.F.);
#4245=ORIENTED_EDGE('',*,*,#3199,.F.);
#4246=ORIENTED_EDGE('',*,*,#3187,.F.);
#4247=ORIENTED_EDGE('',*,*,#3197,.F.);
#4248=ORIENTED_EDGE('',*,*,#3195,.F.);
#4249=ORIENTED_EDGE('',*,*,#3192,.F.);
#4250=ORIENTED_EDGE('',*,*,#3153,.F.);
#4251=ORIENTED_EDGE('',*,*,#3206,.F.);
#4252=ORIENTED_EDGE('',*,*,#3207,.F.);
#4253=ORIENTED_EDGE('',*,*,#3164,.F.);
#4254=ORIENTED_EDGE('',*,*,#3165,.F.);
#4255=ORIENTED_EDGE('',*,*,#3207,.T.);
#4256=ORIENTED_EDGE('',*,*,#3208,.F.);
#4257=ORIENTED_EDGE('',*,*,#3209,.F.);
#4258=ORIENTED_EDGE('',*,*,#3167,.T.);
#4259=ORIENTED_EDGE('',*,*,#3090,.T.);
#4260=ORIENTED_EDGE('',*,*,#3210,.F.);
#4261=ORIENTED_EDGE('',*,*,#3162,.F.);
#4262=ORIENTED_EDGE('',*,*,#3156,.F.);
#4263=ORIENTED_EDGE('',*,*,#3163,.T.);
#4264=ORIENTED_EDGE('',*,*,#3210,.T.);
#4265=ORIENTED_EDGE('',*,*,#3089,.T.);
#4266=ORIENTED_EDGE('',*,*,#3211,.F.);
#4267=ORIENTED_EDGE('',*,*,#3208,.T.);
#4268=ORIENTED_EDGE('',*,*,#3206,.T.);
#4269=ORIENTED_EDGE('',*,*,#3166,.T.);
#4270=ORIENTED_EDGE('',*,*,#3209,.T.);
#4271=ORIENTED_EDGE('',*,*,#3211,.T.);
#4272=ORIENTED_EDGE('',*,*,#3088,.F.);
#4273=ORIENTED_EDGE('',*,*,#3212,.T.);
#4274=ORIENTED_EDGE('',*,*,#3213,.F.);
#4275=ORIENTED_EDGE('',*,*,#3214,.T.);
#4276=ORIENTED_EDGE('',*,*,#3092,.F.);
#4277=ORIENTED_EDGE('',*,*,#3172,.F.);
#4278=ORIENTED_EDGE('',*,*,#3215,.F.);
#4279=ORIENTED_EDGE('',*,*,#3216,.F.);
#4280=ORIENTED_EDGE('',*,*,#3183,.F.);
#4281=ORIENTED_EDGE('',*,*,#3184,.F.);
#4282=ORIENTED_EDGE('',*,*,#3216,.T.);
#4283=ORIENTED_EDGE('',*,*,#3217,.F.);
#4284=ORIENTED_EDGE('',*,*,#3218,.F.);
#4285=ORIENTED_EDGE('',*,*,#3186,.T.);
#4286=ORIENTED_EDGE('',*,*,#3082,.T.);
#4287=ORIENTED_EDGE('',*,*,#3219,.F.);
#4288=ORIENTED_EDGE('',*,*,#3181,.F.);
#4289=ORIENTED_EDGE('',*,*,#3175,.F.);
#4290=ORIENTED_EDGE('',*,*,#3182,.T.);
#4291=ORIENTED_EDGE('',*,*,#3219,.T.);
#4292=ORIENTED_EDGE('',*,*,#3081,.T.);
#4293=ORIENTED_EDGE('',*,*,#3220,.F.);
#4294=ORIENTED_EDGE('',*,*,#3217,.T.);
#4295=ORIENTED_EDGE('',*,*,#3215,.T.);
#4296=ORIENTED_EDGE('',*,*,#3185,.T.);
#4297=ORIENTED_EDGE('',*,*,#3218,.T.);
#4298=ORIENTED_EDGE('',*,*,#3220,.T.);
#4299=ORIENTED_EDGE('',*,*,#3080,.F.);
#4300=ORIENTED_EDGE('',*,*,#3221,.T.);
#4301=ORIENTED_EDGE('',*,*,#3222,.F.);
#4302=ORIENTED_EDGE('',*,*,#3223,.T.);
#4303=ORIENTED_EDGE('',*,*,#3084,.F.);
#4304=ORIENTED_EDGE('',*,*,#3191,.F.);
#4305=ORIENTED_EDGE('',*,*,#3224,.F.);
#4306=ORIENTED_EDGE('',*,*,#3225,.F.);
#4307=ORIENTED_EDGE('',*,*,#3202,.F.);
#4308=ORIENTED_EDGE('',*,*,#3203,.F.);
#4309=ORIENTED_EDGE('',*,*,#3225,.T.);
#4310=ORIENTED_EDGE('',*,*,#3226,.F.);
#4311=ORIENTED_EDGE('',*,*,#3227,.F.);
#4312=ORIENTED_EDGE('',*,*,#3205,.T.);
#4313=ORIENTED_EDGE('',*,*,#3074,.T.);
#4314=ORIENTED_EDGE('',*,*,#3228,.F.);
#4315=ORIENTED_EDGE('',*,*,#3200,.F.);
#4316=ORIENTED_EDGE('',*,*,#3194,.F.);
#4317=ORIENTED_EDGE('',*,*,#3201,.T.);
#4318=ORIENTED_EDGE('',*,*,#3228,.T.);
#4319=ORIENTED_EDGE('',*,*,#3073,.T.);
#4320=ORIENTED_EDGE('',*,*,#3229,.F.);
#4321=ORIENTED_EDGE('',*,*,#3226,.T.);
#4322=ORIENTED_EDGE('',*,*,#3224,.T.);
#4323=ORIENTED_EDGE('',*,*,#3204,.T.);
#4324=ORIENTED_EDGE('',*,*,#3227,.T.);
#4325=ORIENTED_EDGE('',*,*,#3229,.T.);
#4326=ORIENTED_EDGE('',*,*,#3072,.F.);
#4327=ORIENTED_EDGE('',*,*,#3230,.T.);
#4328=ORIENTED_EDGE('',*,*,#3231,.F.);
#4329=ORIENTED_EDGE('',*,*,#3232,.T.);
#4330=ORIENTED_EDGE('',*,*,#3076,.F.);
#4331=ORIENTED_EDGE('',*,*,#2893,.F.);
#4332=ORIENTED_EDGE('',*,*,#2899,.F.);
#4333=ORIENTED_EDGE('',*,*,#3104,.F.);
#4334=ORIENTED_EDGE('',*,*,#3233,.T.);
#4335=ORIENTED_EDGE('',*,*,#2890,.F.);
#4336=ORIENTED_EDGE('',*,*,#3233,.F.);
#4337=ORIENTED_EDGE('',*,*,#3103,.F.);
#4338=ORIENTED_EDGE('',*,*,#3234,.T.);
#4339=ORIENTED_EDGE('',*,*,#2900,.F.);
#4340=ORIENTED_EDGE('',*,*,#3102,.F.);
#4341=ORIENTED_EDGE('',*,*,#3235,.T.);
#4342=ORIENTED_EDGE('',*,*,#2901,.F.);
#4343=ORIENTED_EDGE('',*,*,#3234,.F.);
#4344=ORIENTED_EDGE('',*,*,#2917,.F.);
#4345=ORIENTED_EDGE('',*,*,#3236,.F.);
#4346=ORIENTED_EDGE('',*,*,#2919,.F.);
#4347=ORIENTED_EDGE('',*,*,#2906,.F.);
#4348=ORIENTED_EDGE('',*,*,#2909,.F.);
#4349=ORIENTED_EDGE('',*,*,#3237,.F.);
#4350=ORIENTED_EDGE('',*,*,#3100,.F.);
#4351=ORIENTED_EDGE('',*,*,#2911,.T.);
#4352=ORIENTED_EDGE('',*,*,#2908,.F.);
#4353=ORIENTED_EDGE('',*,*,#2902,.F.);
#4354=ORIENTED_EDGE('',*,*,#3235,.F.);
#4355=ORIENTED_EDGE('',*,*,#3101,.F.);
#4356=ORIENTED_EDGE('',*,*,#3237,.T.);
#4357=ORIENTED_EDGE('',*,*,#2959,.F.);
#4358=ORIENTED_EDGE('',*,*,#3065,.T.);
#4359=ORIENTED_EDGE('',*,*,#3026,.T.);
#4360=ORIENTED_EDGE('',*,*,#2970,.T.);
#4361=ORIENTED_EDGE('',*,*,#2957,.F.);
#4362=ORIENTED_EDGE('',*,*,#3056,.T.);
#4363=ORIENTED_EDGE('',*,*,#3064,.F.);
#4364=ORIENTED_EDGE('',*,*,#2968,.F.);
#4365=ORIENTED_EDGE('',*,*,#2973,.F.);
#4366=ORIENTED_EDGE('',*,*,#2925,.T.);
#4367=ORIENTED_EDGE('',*,*,#2927,.F.);
#4368=ORIENTED_EDGE('',*,*,#2896,.T.);
#4369=ORIENTED_EDGE('',*,*,#2918,.F.);
#4370=ORIENTED_EDGE('',*,*,#3236,.T.);
#4371=ORIENTED_EDGE('',*,*,#2916,.F.);
#4372=ORIENTED_EDGE('',*,*,#2914,.T.);
#4373=ORIENTED_EDGE('',*,*,#2922,.F.);
#4374=ORIENTED_EDGE('',*,*,#3238,.F.);
#4375=ORIENTED_EDGE('',*,*,#3212,.F.);
#4376=ORIENTED_EDGE('',*,*,#3087,.F.);
#4377=ORIENTED_EDGE('',*,*,#3239,.T.);
#4378=ORIENTED_EDGE('',*,*,#3240,.F.);
#4379=ORIENTED_EDGE('',*,*,#3239,.F.);
#4380=ORIENTED_EDGE('',*,*,#3086,.F.);
#4381=ORIENTED_EDGE('',*,*,#3241,.F.);
#4382=ORIENTED_EDGE('',*,*,#3242,.F.);
#4383=ORIENTED_EDGE('',*,*,#3241,.T.);
#4384=ORIENTED_EDGE('',*,*,#3085,.F.);
#4385=ORIENTED_EDGE('',*,*,#3214,.F.);
#4386=ORIENTED_EDGE('',*,*,#3243,.F.);
#4387=ORIENTED_EDGE('',*,*,#3221,.F.);
#4388=ORIENTED_EDGE('',*,*,#3079,.F.);
#4389=ORIENTED_EDGE('',*,*,#3244,.T.);
#4390=ORIENTED_EDGE('',*,*,#3245,.F.);
#4391=ORIENTED_EDGE('',*,*,#3244,.F.);
#4392=ORIENTED_EDGE('',*,*,#3078,.F.);
#4393=ORIENTED_EDGE('',*,*,#3246,.F.);
#4394=ORIENTED_EDGE('',*,*,#3247,.F.);
#4395=ORIENTED_EDGE('',*,*,#3246,.T.);
#4396=ORIENTED_EDGE('',*,*,#3077,.F.);
#4397=ORIENTED_EDGE('',*,*,#3223,.F.);
#4398=ORIENTED_EDGE('',*,*,#2979,.F.);
#4399=ORIENTED_EDGE('',*,*,#2988,.F.);
#4400=ORIENTED_EDGE('',*,*,#2991,.T.);
#4401=ORIENTED_EDGE('',*,*,#3099,.F.);
#4402=ORIENTED_EDGE('',*,*,#2995,.T.);
#4403=ORIENTED_EDGE('',*,*,#2992,.F.);
#4404=ORIENTED_EDGE('',*,*,#2981,.F.);
#4405=ORIENTED_EDGE('',*,*,#2994,.F.);
#4406=ORIENTED_EDGE('',*,*,#2997,.F.);
#4407=ORIENTED_EDGE('',*,*,#3098,.F.);
#4408=ORIENTED_EDGE('',*,*,#2989,.T.);
#4409=ORIENTED_EDGE('',*,*,#2986,.F.);
#4410=ORIENTED_EDGE('',*,*,#3248,.F.);
#4411=ORIENTED_EDGE('',*,*,#3230,.F.);
#4412=ORIENTED_EDGE('',*,*,#3071,.F.);
#4413=ORIENTED_EDGE('',*,*,#3249,.T.);
#4414=ORIENTED_EDGE('',*,*,#3250,.F.);
#4415=ORIENTED_EDGE('',*,*,#3249,.F.);
#4416=ORIENTED_EDGE('',*,*,#3070,.F.);
#4417=ORIENTED_EDGE('',*,*,#3251,.F.);
#4418=ORIENTED_EDGE('',*,*,#3252,.F.);
#4419=ORIENTED_EDGE('',*,*,#3251,.T.);
#4420=ORIENTED_EDGE('',*,*,#3069,.F.);
#4421=ORIENTED_EDGE('',*,*,#3232,.F.);
#4422=ORIENTED_EDGE('',*,*,#3046,.T.);
#4423=ORIENTED_EDGE('',*,*,#3253,.F.);
#4424=ORIENTED_EDGE('',*,*,#3254,.F.);
#4425=ORIENTED_EDGE('',*,*,#3255,.T.);
#4426=ORIENTED_EDGE('',*,*,#3256,.F.);
#4427=ORIENTED_EDGE('',*,*,#3107,.F.);
#4428=ORIENTED_EDGE('',*,*,#3052,.T.);
#4429=ORIENTED_EDGE('',*,*,#3061,.T.);
#4430=ORIENTED_EDGE('',*,*,#3257,.F.);
#4431=ORIENTED_EDGE('',*,*,#3255,.F.);
#4432=ORIENTED_EDGE('',*,*,#3258,.F.);
#4433=ORIENTED_EDGE('',*,*,#3122,.T.);
#4434=ORIENTED_EDGE('',*,*,#3259,.F.);
#4435=ORIENTED_EDGE('',*,*,#3260,.T.);
#4436=ORIENTED_EDGE('',*,*,#3261,.T.);
#4437=ORIENTED_EDGE('',*,*,#3262,.T.);
#4438=ORIENTED_EDGE('',*,*,#3263,.T.);
#4439=ORIENTED_EDGE('',*,*,#3253,.T.);
#4440=ORIENTED_EDGE('',*,*,#3049,.T.);
#4441=ORIENTED_EDGE('',*,*,#3048,.T.);
#4442=ORIENTED_EDGE('',*,*,#3043,.T.);
#4443=ORIENTED_EDGE('',*,*,#3040,.T.);
#4444=ORIENTED_EDGE('',*,*,#3123,.T.);
#4445=ORIENTED_EDGE('',*,*,#3258,.T.);
#4446=ORIENTED_EDGE('',*,*,#3254,.T.);
#4447=ORIENTED_EDGE('',*,*,#3263,.F.);
#4448=ORIENTED_EDGE('',*,*,#3264,.F.);
#4449=ORIENTED_EDGE('',*,*,#3265,.T.);
#4450=ORIENTED_EDGE('',*,*,#3266,.T.);
#4451=ORIENTED_EDGE('',*,*,#3145,.F.);
#4452=ORIENTED_EDGE('',*,*,#3262,.F.);
#4453=ORIENTED_EDGE('',*,*,#3267,.F.);
#4454=ORIENTED_EDGE('',*,*,#3268,.T.);
#4455=ORIENTED_EDGE('',*,*,#3264,.T.);
#4456=ORIENTED_EDGE('',*,*,#3146,.F.);
#4457=ORIENTED_EDGE('',*,*,#3266,.F.);
#4458=ORIENTED_EDGE('',*,*,#3269,.T.);
#4459=ORIENTED_EDGE('',*,*,#3270,.T.);
#4460=ORIENTED_EDGE('',*,*,#3147,.F.);
#4461=ORIENTED_EDGE('',*,*,#3270,.F.);
#4462=ORIENTED_EDGE('',*,*,#3271,.T.);
#4463=ORIENTED_EDGE('',*,*,#3272,.F.);
#4464=ORIENTED_EDGE('',*,*,#3261,.F.);
#4465=ORIENTED_EDGE('',*,*,#3273,.F.);
#4466=ORIENTED_EDGE('',*,*,#3274,.T.);
#4467=ORIENTED_EDGE('',*,*,#3267,.T.);
#4468=ORIENTED_EDGE('',*,*,#3260,.F.);
#4469=ORIENTED_EDGE('',*,*,#3275,.F.);
#4470=ORIENTED_EDGE('',*,*,#3276,.T.);
#4471=ORIENTED_EDGE('',*,*,#3273,.T.);
#4472=ORIENTED_EDGE('',*,*,#3277,.F.);
#4473=ORIENTED_EDGE('',*,*,#2876,.F.);
#4474=ORIENTED_EDGE('',*,*,#2880,.T.);
#4475=ORIENTED_EDGE('',*,*,#3278,.F.);
#4476=ORIENTED_EDGE('',*,*,#3279,.T.);
#4477=ORIENTED_EDGE('',*,*,#2885,.T.);
#4478=ORIENTED_EDGE('',*,*,#2881,.F.);
#4479=ORIENTED_EDGE('',*,*,#3280,.F.);
#4480=ORIENTED_EDGE('',*,*,#3281,.F.);
#4481=ORIENTED_EDGE('',*,*,#2886,.T.);
#4482=ORIENTED_EDGE('',*,*,#3279,.F.);
#4483=ORIENTED_EDGE('',*,*,#3282,.F.);
#4484=ORIENTED_EDGE('',*,*,#2883,.F.);
#4485=ORIENTED_EDGE('',*,*,#2889,.T.);
#4486=ORIENTED_EDGE('',*,*,#3283,.T.);
#4487=ORIENTED_EDGE('',*,*,#3284,.F.);
#4488=ORIENTED_EDGE('',*,*,#2878,.T.);
#4489=ORIENTED_EDGE('',*,*,#2874,.F.);
#4490=ORIENTED_EDGE('',*,*,#3285,.F.);
#4491=ORIENTED_EDGE('',*,*,#3283,.F.);
#4492=ORIENTED_EDGE('',*,*,#2888,.T.);
#4493=ORIENTED_EDGE('',*,*,#3286,.F.);
#4494=ORIENTED_EDGE('',*,*,#3013,.T.);
#4495=ORIENTED_EDGE('',*,*,#3287,.T.);
#4496=ORIENTED_EDGE('',*,*,#3288,.T.);
#4497=ORIENTED_EDGE('',*,*,#3278,.T.);
#4498=ORIENTED_EDGE('',*,*,#2879,.T.);
#4499=ORIENTED_EDGE('',*,*,#3284,.T.);
#4500=ORIENTED_EDGE('',*,*,#3289,.T.);
#4501=ORIENTED_EDGE('',*,*,#3290,.F.);
#4502=ORIENTED_EDGE('',*,*,#3133,.T.);
#4503=ORIENTED_EDGE('',*,*,#3125,.T.);
#4504=ORIENTED_EDGE('',*,*,#3131,.T.);
#4505=ORIENTED_EDGE('',*,*,#3144,.F.);
#4506=ORIENTED_EDGE('',*,*,#3285,.T.);
#4507=ORIENTED_EDGE('',*,*,#3291,.T.);
#4508=ORIENTED_EDGE('',*,*,#3292,.T.);
#4509=ORIENTED_EDGE('',*,*,#3293,.T.);
#4510=ORIENTED_EDGE('',*,*,#3294,.F.);
#4511=ORIENTED_EDGE('',*,*,#3295,.T.);
#4512=ORIENTED_EDGE('',*,*,#3296,.T.);
#4513=ORIENTED_EDGE('',*,*,#3095,.T.);
#4514=ORIENTED_EDGE('',*,*,#3297,.T.);
#4515=ORIENTED_EDGE('',*,*,#3298,.F.);
#4516=ORIENTED_EDGE('',*,*,#3116,.F.);
#4517=ORIENTED_EDGE('',*,*,#3299,.F.);
#4518=ORIENTED_EDGE('',*,*,#3289,.F.);
#4519=ORIENTED_EDGE('',*,*,#3280,.T.);
#4520=ORIENTED_EDGE('',*,*,#3288,.F.);
#4521=ORIENTED_EDGE('',*,*,#3300,.F.);
#4522=ORIENTED_EDGE('',*,*,#3271,.F.);
#4523=ORIENTED_EDGE('',*,*,#3269,.F.);
#4524=ORIENTED_EDGE('',*,*,#3265,.F.);
#4525=ORIENTED_EDGE('',*,*,#3268,.F.);
#4526=ORIENTED_EDGE('',*,*,#3274,.F.);
#4527=ORIENTED_EDGE('',*,*,#3276,.F.);
#4528=ORIENTED_EDGE('',*,*,#3301,.F.);
#4529=ORIENTED_EDGE('',*,*,#3302,.T.);
#4530=ORIENTED_EDGE('',*,*,#3303,.T.);
#4531=ORIENTED_EDGE('',*,*,#3304,.F.);
#4532=ORIENTED_EDGE('',*,*,#3305,.T.);
#4533=ORIENTED_EDGE('',*,*,#3306,.F.);
#4534=ORIENTED_EDGE('',*,*,#3307,.F.);
#4535=ORIENTED_EDGE('',*,*,#3308,.T.);
#4536=ORIENTED_EDGE('',*,*,#3309,.F.);
#4537=ORIENTED_EDGE('',*,*,#3295,.F.);
#4538=ORIENTED_EDGE('',*,*,#3310,.F.);
#4539=ORIENTED_EDGE('',*,*,#3303,.F.);
#4540=ORIENTED_EDGE('',*,*,#3311,.F.);
#4541=ORIENTED_EDGE('',*,*,#3312,.T.);
#4542=ORIENTED_EDGE('',*,*,#3313,.F.);
#4543=ORIENTED_EDGE('',*,*,#3314,.F.);
#4544=ORIENTED_EDGE('',*,*,#3312,.F.);
#4545=ORIENTED_EDGE('',*,*,#3315,.F.);
#4546=ORIENTED_EDGE('',*,*,#3308,.F.);
#4547=ORIENTED_EDGE('',*,*,#3309,.T.);
#4548=ORIENTED_EDGE('',*,*,#3315,.T.);
#4549=ORIENTED_EDGE('',*,*,#3311,.T.);
#4550=ORIENTED_EDGE('',*,*,#3302,.F.);
#4551=ORIENTED_EDGE('',*,*,#3316,.T.);
#4552=ORIENTED_EDGE('',*,*,#3317,.T.);
#4553=ORIENTED_EDGE('',*,*,#3096,.F.);
#4554=ORIENTED_EDGE('',*,*,#3296,.F.);
#4555=ORIENTED_EDGE('',*,*,#3313,.T.);
#4556=ORIENTED_EDGE('',*,*,#3318,.F.);
#4557=ORIENTED_EDGE('',*,*,#3319,.F.);
#4558=ORIENTED_EDGE('',*,*,#3320,.F.);
#4559=ORIENTED_EDGE('',*,*,#3307,.T.);
#4560=ORIENTED_EDGE('',*,*,#3321,.F.);
#4561=ORIENTED_EDGE('',*,*,#3322,.F.);
#4562=ORIENTED_EDGE('',*,*,#3323,.F.);
#4563=ORIENTED_EDGE('',*,*,#3310,.T.);
#4564=ORIENTED_EDGE('',*,*,#3320,.T.);
#4565=ORIENTED_EDGE('',*,*,#3324,.F.);
#4566=ORIENTED_EDGE('',*,*,#3304,.T.);
#4567=ORIENTED_EDGE('',*,*,#3306,.T.);
#4568=ORIENTED_EDGE('',*,*,#3294,.T.);
#4569=ORIENTED_EDGE('',*,*,#3325,.F.);
#4570=ORIENTED_EDGE('',*,*,#3321,.T.);
#4571=ORIENTED_EDGE('',*,*,#3281,.T.);
#4572=ORIENTED_EDGE('',*,*,#3305,.F.);
#4573=ORIENTED_EDGE('',*,*,#3324,.T.);
#4574=ORIENTED_EDGE('',*,*,#3319,.T.);
#4575=ORIENTED_EDGE('',*,*,#3326,.T.);
#4576=ORIENTED_EDGE('',*,*,#3327,.T.);
#4577=ORIENTED_EDGE('',*,*,#3328,.F.);
#4578=ORIENTED_EDGE('',*,*,#3291,.F.);
#4579=ORIENTED_EDGE('',*,*,#3286,.T.);
#4580=ORIENTED_EDGE('',*,*,#2887,.T.);
#4581=ORIENTED_EDGE('',*,*,#3106,.T.);
#4582=ORIENTED_EDGE('',*,*,#3329,.T.);
#4583=ORIENTED_EDGE('',*,*,#3297,.F.);
#4584=ORIENTED_EDGE('',*,*,#3094,.T.);
#4585=ORIENTED_EDGE('',*,*,#3317,.F.);
#4586=ORIENTED_EDGE('',*,*,#3330,.F.);
#4587=ORIENTED_EDGE('',*,*,#3067,.F.);
#4588=ORIENTED_EDGE('',*,*,#3097,.F.);
#4589=ORIENTED_EDGE('',*,*,#3331,.T.);
#4590=ORIENTED_EDGE('',*,*,#3332,.T.);
#4591=ORIENTED_EDGE('',*,*,#3333,.T.);
#4592=ORIENTED_EDGE('',*,*,#3334,.T.);
#4593=ORIENTED_EDGE('',*,*,#3335,.F.);
#4594=ORIENTED_EDGE('',*,*,#3327,.F.);
#4595=ORIENTED_EDGE('',*,*,#3336,.F.);
#4596=ORIENTED_EDGE('',*,*,#3337,.F.);
#4597=ORIENTED_EDGE('',*,*,#3338,.T.);
#4598=ORIENTED_EDGE('',*,*,#3339,.T.);
#4599=ORIENTED_EDGE('',*,*,#3340,.T.);
#4600=ORIENTED_EDGE('',*,*,#3341,.T.);
#4601=ORIENTED_EDGE('',*,*,#3342,.T.);
#4602=ORIENTED_EDGE('',*,*,#3343,.T.);
#4603=ORIENTED_EDGE('',*,*,#3344,.T.);
#4604=ORIENTED_EDGE('',*,*,#3345,.T.);
#4605=ORIENTED_EDGE('',*,*,#3346,.T.);
#4606=ORIENTED_EDGE('',*,*,#3347,.F.);
#4607=ORIENTED_EDGE('',*,*,#3334,.F.);
#4608=ORIENTED_EDGE('',*,*,#3348,.T.);
#4609=ORIENTED_EDGE('',*,*,#3349,.T.);
#4610=ORIENTED_EDGE('',*,*,#3350,.F.);
#4611=ORIENTED_EDGE('',*,*,#3331,.F.);
#4612=ORIENTED_EDGE('',*,*,#3347,.T.);
#4613=ORIENTED_EDGE('',*,*,#3351,.T.);
#4614=ORIENTED_EDGE('',*,*,#3352,.F.);
#4615=ORIENTED_EDGE('',*,*,#3341,.F.);
#4616=ORIENTED_EDGE('',*,*,#3353,.T.);
#4617=ORIENTED_EDGE('',*,*,#3354,.T.);
#4618=ORIENTED_EDGE('',*,*,#3355,.F.);
#4619=ORIENTED_EDGE('',*,*,#3338,.F.);
#4620=ORIENTED_EDGE('',*,*,#3352,.T.);
#4621=ORIENTED_EDGE('',*,*,#3356,.T.);
#4622=ORIENTED_EDGE('',*,*,#3357,.F.);
#4623=ORIENTED_EDGE('',*,*,#3345,.F.);
#4624=ORIENTED_EDGE('',*,*,#3358,.T.);
#4625=ORIENTED_EDGE('',*,*,#3359,.T.);
#4626=ORIENTED_EDGE('',*,*,#3360,.F.);
#4627=ORIENTED_EDGE('',*,*,#3342,.F.);
#4628=ORIENTED_EDGE('',*,*,#3357,.T.);
#4629=ORIENTED_EDGE('',*,*,#3361,.T.);
#4630=ORIENTED_EDGE('',*,*,#3362,.F.);
#4631=ORIENTED_EDGE('',*,*,#3332,.F.);
#4632=ORIENTED_EDGE('',*,*,#3350,.T.);
#4633=ORIENTED_EDGE('',*,*,#3363,.T.);
#4634=ORIENTED_EDGE('',*,*,#3348,.F.);
#4635=ORIENTED_EDGE('',*,*,#3333,.F.);
#4636=ORIENTED_EDGE('',*,*,#3362,.T.);
#4637=ORIENTED_EDGE('',*,*,#3364,.T.);
#4638=ORIENTED_EDGE('',*,*,#3365,.F.);
#4639=ORIENTED_EDGE('',*,*,#3339,.F.);
#4640=ORIENTED_EDGE('',*,*,#3355,.T.);
#4641=ORIENTED_EDGE('',*,*,#3366,.T.);
#4642=ORIENTED_EDGE('',*,*,#3353,.F.);
#4643=ORIENTED_EDGE('',*,*,#3340,.F.);
#4644=ORIENTED_EDGE('',*,*,#3365,.T.);
#4645=ORIENTED_EDGE('',*,*,#3367,.T.);
#4646=ORIENTED_EDGE('',*,*,#3368,.F.);
#4647=ORIENTED_EDGE('',*,*,#3343,.F.);
#4648=ORIENTED_EDGE('',*,*,#3360,.T.);
#4649=ORIENTED_EDGE('',*,*,#3369,.T.);
#4650=ORIENTED_EDGE('',*,*,#3358,.F.);
#4651=ORIENTED_EDGE('',*,*,#3344,.F.);
#4652=ORIENTED_EDGE('',*,*,#3368,.T.);
#4653=ORIENTED_EDGE('',*,*,#3370,.F.);
#4654=ORIENTED_EDGE('',*,*,#3371,.F.);
#4655=ORIENTED_EDGE('',*,*,#3372,.F.);
#4656=ORIENTED_EDGE('',*,*,#3373,.F.);
#4657=ORIENTED_EDGE('',*,*,#3374,.F.);
#4658=ORIENTED_EDGE('',*,*,#3375,.F.);
#4659=ORIENTED_EDGE('',*,*,#2977,.F.);
#4660=ORIENTED_EDGE('',*,*,#3376,.F.);
#4661=ORIENTED_EDGE('',*,*,#3361,.F.);
#4662=ORIENTED_EDGE('',*,*,#3349,.F.);
#4663=ORIENTED_EDGE('',*,*,#3346,.F.);
#4664=ORIENTED_EDGE('',*,*,#3363,.F.);
#4665=ORIENTED_EDGE('',*,*,#3364,.F.);
#4666=ORIENTED_EDGE('',*,*,#3354,.F.);
#4667=ORIENTED_EDGE('',*,*,#3351,.F.);
#4668=ORIENTED_EDGE('',*,*,#3366,.F.);
#4669=ORIENTED_EDGE('',*,*,#3367,.F.);
#4670=ORIENTED_EDGE('',*,*,#3359,.F.);
#4671=ORIENTED_EDGE('',*,*,#3356,.F.);
#4672=ORIENTED_EDGE('',*,*,#3369,.F.);
#4673=ORIENTED_EDGE('',*,*,#3335,.T.);
#4674=ORIENTED_EDGE('',*,*,#3377,.F.);
#4675=ORIENTED_EDGE('',*,*,#3292,.F.);
#4676=ORIENTED_EDGE('',*,*,#3328,.T.);
#4677=ORIENTED_EDGE('',*,*,#3325,.T.);
#4678=ORIENTED_EDGE('',*,*,#3293,.F.);
#4679=ORIENTED_EDGE('',*,*,#3377,.T.);
#4680=ORIENTED_EDGE('',*,*,#3337,.T.);
#4681=ORIENTED_EDGE('',*,*,#3378,.F.);
#4682=ORIENTED_EDGE('',*,*,#3322,.T.);
#4683=ORIENTED_EDGE('',*,*,#3379,.F.);
#4684=ORIENTED_EDGE('',*,*,#3380,.F.);
#4685=ORIENTED_EDGE('',*,*,#3381,.T.);
#4686=ORIENTED_EDGE('',*,*,#3371,.T.);
#4687=ORIENTED_EDGE('',*,*,#3318,.T.);
#4688=ORIENTED_EDGE('',*,*,#3314,.T.);
#4689=ORIENTED_EDGE('',*,*,#3323,.T.);
#4690=ORIENTED_EDGE('',*,*,#3378,.T.);
#4691=ORIENTED_EDGE('',*,*,#3336,.T.);
#4692=ORIENTED_EDGE('',*,*,#3326,.F.);
#4693=ORIENTED_EDGE('',*,*,#2939,.F.);
#4694=ORIENTED_EDGE('',*,*,#2978,.T.);
#4695=ORIENTED_EDGE('',*,*,#3375,.T.);
#4696=ORIENTED_EDGE('',*,*,#3382,.F.);
#4697=ORIENTED_EDGE('',*,*,#2983,.F.);
#4698=ORIENTED_EDGE('',*,*,#2929,.F.);
#4699=ORIENTED_EDGE('',*,*,#2965,.F.);
#4700=ORIENTED_EDGE('',*,*,#2935,.F.);
#4701=ORIENTED_EDGE('',*,*,#2940,.F.);
#4702=ORIENTED_EDGE('',*,*,#3275,.T.);
#4703=ORIENTED_EDGE('',*,*,#3259,.T.);
#4704=ORIENTED_EDGE('',*,*,#3039,.T.);
#4705=ORIENTED_EDGE('',*,*,#3068,.T.);
#4706=ORIENTED_EDGE('',*,*,#3330,.T.);
#4707=ORIENTED_EDGE('',*,*,#3316,.F.);
#4708=ORIENTED_EDGE('',*,*,#3301,.T.);
#4709=ORIENTED_EDGE('',*,*,#3272,.T.);
#4710=ORIENTED_EDGE('',*,*,#3300,.T.);
#4711=ORIENTED_EDGE('',*,*,#3287,.F.);
#4712=ORIENTED_EDGE('',*,*,#3063,.F.);
#4713=ORIENTED_EDGE('',*,*,#3148,.T.);
#4714=ORIENTED_EDGE('',*,*,#3299,.T.);
#4715=ORIENTED_EDGE('',*,*,#3115,.F.);
#4716=ORIENTED_EDGE('',*,*,#3134,.T.);
#4717=ORIENTED_EDGE('',*,*,#3290,.T.);
#4718=ORIENTED_EDGE('',*,*,#3383,.F.);
#4719=ORIENTED_EDGE('',*,*,#3136,.T.);
#4720=ORIENTED_EDGE('',*,*,#3140,.T.);
#4721=ORIENTED_EDGE('',*,*,#3142,.F.);
#4722=ORIENTED_EDGE('',*,*,#3111,.T.);
#4723=ORIENTED_EDGE('',*,*,#2984,.T.);
#4724=ORIENTED_EDGE('',*,*,#3382,.T.);
#4725=ORIENTED_EDGE('',*,*,#3374,.T.);
#4726=ORIENTED_EDGE('',*,*,#3384,.F.);
#4727=ORIENTED_EDGE('',*,*,#3137,.T.);
#4728=ORIENTED_EDGE('',*,*,#3383,.T.);
#4729=ORIENTED_EDGE('',*,*,#3373,.T.);
#4730=ORIENTED_EDGE('',*,*,#3385,.F.);
#4731=ORIENTED_EDGE('',*,*,#3129,.T.);
#4732=ORIENTED_EDGE('',*,*,#3143,.F.);
#4733=ORIENTED_EDGE('',*,*,#3141,.F.);
#4734=ORIENTED_EDGE('',*,*,#3138,.F.);
#4735=ORIENTED_EDGE('',*,*,#3384,.T.);
#4736=ORIENTED_EDGE('',*,*,#3372,.T.);
#4737=ORIENTED_EDGE('',*,*,#3381,.F.);
#4738=ORIENTED_EDGE('',*,*,#3277,.T.);
#4739=ORIENTED_EDGE('',*,*,#2884,.F.);
#4740=ORIENTED_EDGE('',*,*,#3282,.T.);
#4741=ORIENTED_EDGE('',*,*,#2877,.F.);
#4742=ORIENTED_EDGE('',*,*,#3329,.F.);
#4743=ORIENTED_EDGE('',*,*,#3105,.T.);
#4744=ORIENTED_EDGE('',*,*,#3006,.T.);
#4745=ORIENTED_EDGE('',*,*,#3117,.T.);
#4746=ORIENTED_EDGE('',*,*,#3298,.T.);
#4747=ORIENTED_EDGE('',*,*,#3121,.T.);
#4748=ORIENTED_EDGE('',*,*,#3130,.F.);
#4749=ORIENTED_EDGE('',*,*,#3385,.T.);
#4750=ORIENTED_EDGE('',*,*,#3380,.T.);
#4751=ORIENTED_EDGE('',*,*,#3386,.F.);
#4752=ORIENTED_EDGE('',*,*,#3108,.F.);
#4753=ORIENTED_EDGE('',*,*,#3256,.T.);
#4754=ORIENTED_EDGE('',*,*,#3257,.T.);
#4755=ORIENTED_EDGE('',*,*,#3387,.F.);
#4756=ORIENTED_EDGE('',*,*,#3109,.T.);
#4757=ORIENTED_EDGE('',*,*,#3386,.T.);
#4758=ORIENTED_EDGE('',*,*,#3379,.T.);
#4759=ORIENTED_EDGE('',*,*,#3370,.T.);
#4760=ORIENTED_EDGE('',*,*,#2976,.F.);
#4761=ORIENTED_EDGE('',*,*,#3110,.T.);
#4762=ORIENTED_EDGE('',*,*,#3387,.T.);
#4763=ORIENTED_EDGE('',*,*,#3376,.T.);
#4764=ORIENTED_EDGE('',*,*,#3242,.T.);
#4765=ORIENTED_EDGE('',*,*,#3213,.T.);
#4766=ORIENTED_EDGE('',*,*,#3238,.T.);
#4767=ORIENTED_EDGE('',*,*,#3240,.T.);
#4768=ORIENTED_EDGE('',*,*,#3247,.T.);
#4769=ORIENTED_EDGE('',*,*,#3222,.T.);
#4770=ORIENTED_EDGE('',*,*,#3243,.T.);
#4771=ORIENTED_EDGE('',*,*,#3245,.T.);
#4772=ORIENTED_EDGE('',*,*,#3252,.T.);
#4773=ORIENTED_EDGE('',*,*,#3231,.T.);
#4774=ORIENTED_EDGE('',*,*,#3248,.T.);
#4775=ORIENTED_EDGE('',*,*,#3250,.T.);
#4776=ORIENTED_EDGE('',*,*,#3388,.T.);
#4777=ORIENTED_EDGE('',*,*,#3389,.T.);
#4778=ORIENTED_EDGE('',*,*,#3390,.F.);
#4779=ORIENTED_EDGE('',*,*,#3391,.F.);
#4780=ORIENTED_EDGE('',*,*,#3392,.T.);
#4781=ORIENTED_EDGE('',*,*,#3391,.T.);
#4782=ORIENTED_EDGE('',*,*,#3393,.F.);
#4783=ORIENTED_EDGE('',*,*,#3394,.F.);
#4784=ORIENTED_EDGE('',*,*,#3395,.T.);
#4785=ORIENTED_EDGE('',*,*,#3394,.T.);
#4786=ORIENTED_EDGE('',*,*,#3396,.F.);
#4787=ORIENTED_EDGE('',*,*,#3397,.F.);
#4788=ORIENTED_EDGE('',*,*,#3398,.T.);
#4789=ORIENTED_EDGE('',*,*,#3397,.T.);
#4790=ORIENTED_EDGE('',*,*,#3399,.F.);
#4791=ORIENTED_EDGE('',*,*,#3400,.F.);
#4792=ORIENTED_EDGE('',*,*,#3401,.T.);
#4793=ORIENTED_EDGE('',*,*,#3400,.T.);
#4794=ORIENTED_EDGE('',*,*,#3402,.F.);
#4795=ORIENTED_EDGE('',*,*,#3403,.F.);
#4796=ORIENTED_EDGE('',*,*,#3404,.T.);
#4797=ORIENTED_EDGE('',*,*,#3403,.T.);
#4798=ORIENTED_EDGE('',*,*,#3405,.F.);
#4799=ORIENTED_EDGE('',*,*,#3406,.F.);
#4800=ORIENTED_EDGE('',*,*,#3407,.T.);
#4801=ORIENTED_EDGE('',*,*,#3406,.T.);
#4802=ORIENTED_EDGE('',*,*,#3408,.F.);
#4803=ORIENTED_EDGE('',*,*,#3409,.F.);
#4804=ORIENTED_EDGE('',*,*,#3410,.T.);
#4805=ORIENTED_EDGE('',*,*,#3409,.T.);
#4806=ORIENTED_EDGE('',*,*,#3411,.F.);
#4807=ORIENTED_EDGE('',*,*,#3412,.F.);
#4808=ORIENTED_EDGE('',*,*,#3413,.T.);
#4809=ORIENTED_EDGE('',*,*,#3412,.T.);
#4810=ORIENTED_EDGE('',*,*,#3414,.F.);
#4811=ORIENTED_EDGE('',*,*,#3415,.F.);
#4812=ORIENTED_EDGE('',*,*,#3416,.T.);
#4813=ORIENTED_EDGE('',*,*,#3415,.T.);
#4814=ORIENTED_EDGE('',*,*,#3417,.F.);
#4815=ORIENTED_EDGE('',*,*,#3418,.F.);
#4816=ORIENTED_EDGE('',*,*,#3419,.T.);
#4817=ORIENTED_EDGE('',*,*,#3418,.T.);
#4818=ORIENTED_EDGE('',*,*,#3420,.F.);
#4819=ORIENTED_EDGE('',*,*,#3421,.F.);
#4820=ORIENTED_EDGE('',*,*,#3422,.T.);
#4821=ORIENTED_EDGE('',*,*,#3421,.T.);
#4822=ORIENTED_EDGE('',*,*,#3423,.F.);
#4823=ORIENTED_EDGE('',*,*,#3424,.F.);
#4824=ORIENTED_EDGE('',*,*,#3425,.T.);
#4825=ORIENTED_EDGE('',*,*,#3424,.T.);
#4826=ORIENTED_EDGE('',*,*,#3426,.F.);
#4827=ORIENTED_EDGE('',*,*,#3389,.F.);
#4828=ORIENTED_EDGE('',*,*,#3425,.F.);
#4829=ORIENTED_EDGE('',*,*,#3388,.F.);
#4830=ORIENTED_EDGE('',*,*,#3392,.F.);
#4831=ORIENTED_EDGE('',*,*,#3395,.F.);
#4832=ORIENTED_EDGE('',*,*,#3398,.F.);
#4833=ORIENTED_EDGE('',*,*,#3401,.F.);
#4834=ORIENTED_EDGE('',*,*,#3404,.F.);
#4835=ORIENTED_EDGE('',*,*,#3407,.F.);
#4836=ORIENTED_EDGE('',*,*,#3410,.F.);
#4837=ORIENTED_EDGE('',*,*,#3413,.F.);
#4838=ORIENTED_EDGE('',*,*,#3416,.F.);
#4839=ORIENTED_EDGE('',*,*,#3419,.F.);
#4840=ORIENTED_EDGE('',*,*,#3422,.F.);
#4841=ORIENTED_EDGE('',*,*,#3426,.T.);
#4842=ORIENTED_EDGE('',*,*,#3423,.T.);
#4843=ORIENTED_EDGE('',*,*,#3420,.T.);
#4844=ORIENTED_EDGE('',*,*,#3417,.T.);
#4845=ORIENTED_EDGE('',*,*,#3414,.T.);
#4846=ORIENTED_EDGE('',*,*,#3411,.T.);
#4847=ORIENTED_EDGE('',*,*,#3408,.T.);
#4848=ORIENTED_EDGE('',*,*,#3405,.T.);
#4849=ORIENTED_EDGE('',*,*,#3402,.T.);
#4850=ORIENTED_EDGE('',*,*,#3399,.T.);
#4851=ORIENTED_EDGE('',*,*,#3396,.T.);
#4852=ORIENTED_EDGE('',*,*,#3393,.T.);
#4853=ORIENTED_EDGE('',*,*,#3390,.T.);
#4854=ORIENTED_EDGE('',*,*,#3427,.F.);
#4855=ORIENTED_EDGE('',*,*,#3428,.T.);
#4856=ORIENTED_EDGE('',*,*,#3429,.F.);
#4857=ORIENTED_EDGE('',*,*,#3430,.F.);
#4858=ORIENTED_EDGE('',*,*,#3431,.F.);
#4859=ORIENTED_EDGE('',*,*,#3430,.T.);
#4860=ORIENTED_EDGE('',*,*,#3432,.F.);
#4861=ORIENTED_EDGE('',*,*,#3433,.F.);
#4862=ORIENTED_EDGE('',*,*,#3434,.F.);
#4863=ORIENTED_EDGE('',*,*,#3433,.T.);
#4864=ORIENTED_EDGE('',*,*,#3435,.F.);
#4865=ORIENTED_EDGE('',*,*,#3436,.F.);
#4866=ORIENTED_EDGE('',*,*,#3437,.F.);
#4867=ORIENTED_EDGE('',*,*,#3436,.T.);
#4868=ORIENTED_EDGE('',*,*,#3438,.F.);
#4869=ORIENTED_EDGE('',*,*,#3439,.F.);
#4870=ORIENTED_EDGE('',*,*,#3440,.F.);
#4871=ORIENTED_EDGE('',*,*,#3439,.T.);
#4872=ORIENTED_EDGE('',*,*,#3441,.F.);
#4873=ORIENTED_EDGE('',*,*,#3442,.F.);
#4874=ORIENTED_EDGE('',*,*,#3443,.F.);
#4875=ORIENTED_EDGE('',*,*,#3442,.T.);
#4876=ORIENTED_EDGE('',*,*,#3444,.F.);
#4877=ORIENTED_EDGE('',*,*,#3445,.F.);
#4878=ORIENTED_EDGE('',*,*,#3446,.F.);
#4879=ORIENTED_EDGE('',*,*,#3445,.T.);
#4880=ORIENTED_EDGE('',*,*,#3447,.F.);
#4881=ORIENTED_EDGE('',*,*,#3448,.F.);
#4882=ORIENTED_EDGE('',*,*,#3449,.F.);
#4883=ORIENTED_EDGE('',*,*,#3448,.T.);
#4884=ORIENTED_EDGE('',*,*,#3450,.F.);
#4885=ORIENTED_EDGE('',*,*,#3428,.F.);
#4886=ORIENTED_EDGE('',*,*,#3451,.F.);
#4887=ORIENTED_EDGE('',*,*,#3452,.T.);
#4888=ORIENTED_EDGE('',*,*,#3453,.F.);
#4889=ORIENTED_EDGE('',*,*,#3454,.F.);
#4890=ORIENTED_EDGE('',*,*,#3455,.F.);
#4891=ORIENTED_EDGE('',*,*,#3454,.T.);
#4892=ORIENTED_EDGE('',*,*,#3456,.F.);
#4893=ORIENTED_EDGE('',*,*,#3457,.F.);
#4894=ORIENTED_EDGE('',*,*,#3458,.F.);
#4895=ORIENTED_EDGE('',*,*,#3457,.T.);
#4896=ORIENTED_EDGE('',*,*,#3459,.F.);
#4897=ORIENTED_EDGE('',*,*,#3460,.F.);
#4898=ORIENTED_EDGE('',*,*,#3461,.F.);
#4899=ORIENTED_EDGE('',*,*,#3460,.T.);
#4900=ORIENTED_EDGE('',*,*,#3462,.F.);
#4901=ORIENTED_EDGE('',*,*,#3463,.F.);
#4902=ORIENTED_EDGE('',*,*,#3464,.F.);
#4903=ORIENTED_EDGE('',*,*,#3463,.T.);
#4904=ORIENTED_EDGE('',*,*,#3465,.F.);
#4905=ORIENTED_EDGE('',*,*,#3466,.F.);
#4906=ORIENTED_EDGE('',*,*,#3467,.F.);
#4907=ORIENTED_EDGE('',*,*,#3466,.T.);
#4908=ORIENTED_EDGE('',*,*,#3468,.F.);
#4909=ORIENTED_EDGE('',*,*,#3469,.F.);
#4910=ORIENTED_EDGE('',*,*,#3470,.F.);
#4911=ORIENTED_EDGE('',*,*,#3469,.T.);
#4912=ORIENTED_EDGE('',*,*,#3471,.F.);
#4913=ORIENTED_EDGE('',*,*,#3472,.F.);
#4914=ORIENTED_EDGE('',*,*,#3473,.F.);
#4915=ORIENTED_EDGE('',*,*,#3472,.T.);
#4916=ORIENTED_EDGE('',*,*,#3474,.F.);
#4917=ORIENTED_EDGE('',*,*,#3452,.F.);
#4918=ORIENTED_EDGE('',*,*,#3475,.T.);
#4919=ORIENTED_EDGE('',*,*,#3476,.T.);
#4920=ORIENTED_EDGE('',*,*,#3477,.F.);
#4921=ORIENTED_EDGE('',*,*,#3478,.F.);
#4922=ORIENTED_EDGE('',*,*,#3479,.T.);
#4923=ORIENTED_EDGE('',*,*,#3478,.T.);
#4924=ORIENTED_EDGE('',*,*,#3480,.F.);
#4925=ORIENTED_EDGE('',*,*,#3481,.F.);
#4926=ORIENTED_EDGE('',*,*,#3482,.T.);
#4927=ORIENTED_EDGE('',*,*,#3481,.T.);
#4928=ORIENTED_EDGE('',*,*,#3483,.F.);
#4929=ORIENTED_EDGE('',*,*,#3484,.F.);
#4930=ORIENTED_EDGE('',*,*,#3485,.T.);
#4931=ORIENTED_EDGE('',*,*,#3484,.T.);
#4932=ORIENTED_EDGE('',*,*,#3486,.F.);
#4933=ORIENTED_EDGE('',*,*,#3487,.F.);
#4934=ORIENTED_EDGE('',*,*,#3488,.T.);
#4935=ORIENTED_EDGE('',*,*,#3487,.T.);
#4936=ORIENTED_EDGE('',*,*,#3489,.F.);
#4937=ORIENTED_EDGE('',*,*,#3490,.F.);
#4938=ORIENTED_EDGE('',*,*,#3491,.T.);
#4939=ORIENTED_EDGE('',*,*,#3490,.T.);
#4940=ORIENTED_EDGE('',*,*,#3492,.F.);
#4941=ORIENTED_EDGE('',*,*,#3493,.F.);
#4942=ORIENTED_EDGE('',*,*,#3494,.T.);
#4943=ORIENTED_EDGE('',*,*,#3493,.T.);
#4944=ORIENTED_EDGE('',*,*,#3495,.F.);
#4945=ORIENTED_EDGE('',*,*,#3496,.F.);
#4946=ORIENTED_EDGE('',*,*,#3497,.T.);
#4947=ORIENTED_EDGE('',*,*,#3496,.T.);
#4948=ORIENTED_EDGE('',*,*,#3498,.F.);
#4949=ORIENTED_EDGE('',*,*,#3499,.F.);
#4950=ORIENTED_EDGE('',*,*,#3500,.T.);
#4951=ORIENTED_EDGE('',*,*,#3499,.T.);
#4952=ORIENTED_EDGE('',*,*,#3501,.F.);
#4953=ORIENTED_EDGE('',*,*,#3502,.F.);
#4954=ORIENTED_EDGE('',*,*,#3503,.T.);
#4955=ORIENTED_EDGE('',*,*,#3502,.T.);
#4956=ORIENTED_EDGE('',*,*,#3504,.F.);
#4957=ORIENTED_EDGE('',*,*,#3505,.F.);
#4958=ORIENTED_EDGE('',*,*,#3506,.T.);
#4959=ORIENTED_EDGE('',*,*,#3505,.T.);
#4960=ORIENTED_EDGE('',*,*,#3507,.F.);
#4961=ORIENTED_EDGE('',*,*,#3508,.F.);
#4962=ORIENTED_EDGE('',*,*,#3509,.T.);
#4963=ORIENTED_EDGE('',*,*,#3508,.T.);
#4964=ORIENTED_EDGE('',*,*,#3510,.F.);
#4965=ORIENTED_EDGE('',*,*,#3511,.F.);
#4966=ORIENTED_EDGE('',*,*,#3512,.T.);
#4967=ORIENTED_EDGE('',*,*,#3511,.T.);
#4968=ORIENTED_EDGE('',*,*,#3513,.F.);
#4969=ORIENTED_EDGE('',*,*,#3514,.F.);
#4970=ORIENTED_EDGE('',*,*,#3515,.T.);
#4971=ORIENTED_EDGE('',*,*,#3514,.T.);
#4972=ORIENTED_EDGE('',*,*,#3516,.F.);
#4973=ORIENTED_EDGE('',*,*,#3476,.F.);
#4974=ORIENTED_EDGE('',*,*,#3515,.F.);
#4975=ORIENTED_EDGE('',*,*,#3475,.F.);
#4976=ORIENTED_EDGE('',*,*,#3479,.F.);
#4977=ORIENTED_EDGE('',*,*,#3482,.F.);
#4978=ORIENTED_EDGE('',*,*,#3485,.F.);
#4979=ORIENTED_EDGE('',*,*,#3488,.F.);
#4980=ORIENTED_EDGE('',*,*,#3491,.F.);
#4981=ORIENTED_EDGE('',*,*,#3494,.F.);
#4982=ORIENTED_EDGE('',*,*,#3497,.F.);
#4983=ORIENTED_EDGE('',*,*,#3500,.F.);
#4984=ORIENTED_EDGE('',*,*,#3503,.F.);
#4985=ORIENTED_EDGE('',*,*,#3506,.F.);
#4986=ORIENTED_EDGE('',*,*,#3509,.F.);
#4987=ORIENTED_EDGE('',*,*,#3512,.F.);
#4988=ORIENTED_EDGE('',*,*,#3473,.T.);
#4989=ORIENTED_EDGE('',*,*,#3451,.T.);
#4990=ORIENTED_EDGE('',*,*,#3455,.T.);
#4991=ORIENTED_EDGE('',*,*,#3458,.T.);
#4992=ORIENTED_EDGE('',*,*,#3461,.T.);
#4993=ORIENTED_EDGE('',*,*,#3464,.T.);
#4994=ORIENTED_EDGE('',*,*,#3467,.T.);
#4995=ORIENTED_EDGE('',*,*,#3470,.T.);
#4996=ORIENTED_EDGE('',*,*,#3449,.T.);
#4997=ORIENTED_EDGE('',*,*,#3427,.T.);
#4998=ORIENTED_EDGE('',*,*,#3431,.T.);
#4999=ORIENTED_EDGE('',*,*,#3434,.T.);
#5000=ORIENTED_EDGE('',*,*,#3437,.T.);
#5001=ORIENTED_EDGE('',*,*,#3440,.T.);
#5002=ORIENTED_EDGE('',*,*,#3443,.T.);
#5003=ORIENTED_EDGE('',*,*,#3446,.T.);
#5004=ORIENTED_EDGE('',*,*,#3516,.T.);
#5005=ORIENTED_EDGE('',*,*,#3513,.T.);
#5006=ORIENTED_EDGE('',*,*,#3510,.T.);
#5007=ORIENTED_EDGE('',*,*,#3507,.T.);
#5008=ORIENTED_EDGE('',*,*,#3504,.T.);
#5009=ORIENTED_EDGE('',*,*,#3501,.T.);
#5010=ORIENTED_EDGE('',*,*,#3498,.T.);
#5011=ORIENTED_EDGE('',*,*,#3495,.T.);
#5012=ORIENTED_EDGE('',*,*,#3492,.T.);
#5013=ORIENTED_EDGE('',*,*,#3489,.T.);
#5014=ORIENTED_EDGE('',*,*,#3486,.T.);
#5015=ORIENTED_EDGE('',*,*,#3483,.T.);
#5016=ORIENTED_EDGE('',*,*,#3480,.T.);
#5017=ORIENTED_EDGE('',*,*,#3477,.T.);
#5018=ORIENTED_EDGE('',*,*,#3474,.T.);
#5019=ORIENTED_EDGE('',*,*,#3471,.T.);
#5020=ORIENTED_EDGE('',*,*,#3468,.T.);
#5021=ORIENTED_EDGE('',*,*,#3465,.T.);
#5022=ORIENTED_EDGE('',*,*,#3462,.T.);
#5023=ORIENTED_EDGE('',*,*,#3459,.T.);
#5024=ORIENTED_EDGE('',*,*,#3456,.T.);
#5025=ORIENTED_EDGE('',*,*,#3453,.T.);
#5026=ORIENTED_EDGE('',*,*,#3450,.T.);
#5027=ORIENTED_EDGE('',*,*,#3447,.T.);
#5028=ORIENTED_EDGE('',*,*,#3444,.T.);
#5029=ORIENTED_EDGE('',*,*,#3441,.T.);
#5030=ORIENTED_EDGE('',*,*,#3438,.T.);
#5031=ORIENTED_EDGE('',*,*,#3435,.T.);
#5032=ORIENTED_EDGE('',*,*,#3432,.T.);
#5033=ORIENTED_EDGE('',*,*,#3429,.T.);
#5034=ORIENTED_EDGE('',*,*,#3517,.F.);
#5035=ORIENTED_EDGE('',*,*,#3518,.T.);
#5036=ORIENTED_EDGE('',*,*,#3519,.F.);
#5037=ORIENTED_EDGE('',*,*,#3520,.F.);
#5038=ORIENTED_EDGE('',*,*,#3521,.F.);
#5039=ORIENTED_EDGE('',*,*,#3520,.T.);
#5040=ORIENTED_EDGE('',*,*,#3522,.F.);
#5041=ORIENTED_EDGE('',*,*,#3523,.F.);
#5042=ORIENTED_EDGE('',*,*,#3524,.F.);
#5043=ORIENTED_EDGE('',*,*,#3523,.T.);
#5044=ORIENTED_EDGE('',*,*,#3525,.F.);
#5045=ORIENTED_EDGE('',*,*,#3526,.F.);
#5046=ORIENTED_EDGE('',*,*,#3527,.F.);
#5047=ORIENTED_EDGE('',*,*,#3526,.T.);
#5048=ORIENTED_EDGE('',*,*,#3528,.F.);
#5049=ORIENTED_EDGE('',*,*,#3529,.F.);
#5050=ORIENTED_EDGE('',*,*,#3530,.F.);
#5051=ORIENTED_EDGE('',*,*,#3529,.T.);
#5052=ORIENTED_EDGE('',*,*,#3531,.F.);
#5053=ORIENTED_EDGE('',*,*,#3532,.F.);
#5054=ORIENTED_EDGE('',*,*,#3533,.F.);
#5055=ORIENTED_EDGE('',*,*,#3532,.T.);
#5056=ORIENTED_EDGE('',*,*,#3534,.F.);
#5057=ORIENTED_EDGE('',*,*,#3535,.F.);
#5058=ORIENTED_EDGE('',*,*,#3536,.F.);
#5059=ORIENTED_EDGE('',*,*,#3535,.T.);
#5060=ORIENTED_EDGE('',*,*,#3537,.F.);
#5061=ORIENTED_EDGE('',*,*,#3538,.F.);
#5062=ORIENTED_EDGE('',*,*,#3539,.F.);
#5063=ORIENTED_EDGE('',*,*,#3538,.T.);
#5064=ORIENTED_EDGE('',*,*,#3540,.F.);
#5065=ORIENTED_EDGE('',*,*,#3541,.F.);
#5066=ORIENTED_EDGE('',*,*,#3542,.F.);
#5067=ORIENTED_EDGE('',*,*,#3541,.T.);
#5068=ORIENTED_EDGE('',*,*,#3543,.F.);
#5069=ORIENTED_EDGE('',*,*,#3544,.F.);
#5070=ORIENTED_EDGE('',*,*,#3545,.F.);
#5071=ORIENTED_EDGE('',*,*,#3544,.T.);
#5072=ORIENTED_EDGE('',*,*,#3546,.F.);
#5073=ORIENTED_EDGE('',*,*,#3547,.F.);
#5074=ORIENTED_EDGE('',*,*,#3548,.F.);
#5075=ORIENTED_EDGE('',*,*,#3547,.T.);
#5076=ORIENTED_EDGE('',*,*,#3549,.F.);
#5077=ORIENTED_EDGE('',*,*,#3550,.F.);
#5078=ORIENTED_EDGE('',*,*,#3551,.F.);
#5079=ORIENTED_EDGE('',*,*,#3550,.T.);
#5080=ORIENTED_EDGE('',*,*,#3552,.F.);
#5081=ORIENTED_EDGE('',*,*,#3518,.F.);
#5082=ORIENTED_EDGE('',*,*,#3553,.T.);
#5083=ORIENTED_EDGE('',*,*,#3554,.T.);
#5084=ORIENTED_EDGE('',*,*,#3555,.F.);
#5085=ORIENTED_EDGE('',*,*,#3556,.F.);
#5086=ORIENTED_EDGE('',*,*,#3557,.T.);
#5087=ORIENTED_EDGE('',*,*,#3556,.T.);
#5088=ORIENTED_EDGE('',*,*,#3558,.F.);
#5089=ORIENTED_EDGE('',*,*,#3559,.F.);
#5090=ORIENTED_EDGE('',*,*,#3560,.T.);
#5091=ORIENTED_EDGE('',*,*,#3559,.T.);
#5092=ORIENTED_EDGE('',*,*,#3561,.F.);
#5093=ORIENTED_EDGE('',*,*,#3562,.F.);
#5094=ORIENTED_EDGE('',*,*,#3563,.T.);
#5095=ORIENTED_EDGE('',*,*,#3562,.T.);
#5096=ORIENTED_EDGE('',*,*,#3564,.F.);
#5097=ORIENTED_EDGE('',*,*,#3565,.F.);
#5098=ORIENTED_EDGE('',*,*,#3566,.T.);
#5099=ORIENTED_EDGE('',*,*,#3565,.T.);
#5100=ORIENTED_EDGE('',*,*,#3567,.F.);
#5101=ORIENTED_EDGE('',*,*,#3568,.F.);
#5102=ORIENTED_EDGE('',*,*,#3569,.T.);
#5103=ORIENTED_EDGE('',*,*,#3568,.T.);
#5104=ORIENTED_EDGE('',*,*,#3570,.F.);
#5105=ORIENTED_EDGE('',*,*,#3571,.F.);
#5106=ORIENTED_EDGE('',*,*,#3572,.T.);
#5107=ORIENTED_EDGE('',*,*,#3571,.T.);
#5108=ORIENTED_EDGE('',*,*,#3573,.F.);
#5109=ORIENTED_EDGE('',*,*,#3574,.F.);
#5110=ORIENTED_EDGE('',*,*,#3575,.T.);
#5111=ORIENTED_EDGE('',*,*,#3574,.T.);
#5112=ORIENTED_EDGE('',*,*,#3576,.F.);
#5113=ORIENTED_EDGE('',*,*,#3577,.F.);
#5114=ORIENTED_EDGE('',*,*,#3578,.T.);
#5115=ORIENTED_EDGE('',*,*,#3577,.T.);
#5116=ORIENTED_EDGE('',*,*,#3579,.F.);
#5117=ORIENTED_EDGE('',*,*,#3580,.F.);
#5118=ORIENTED_EDGE('',*,*,#3581,.T.);
#5119=ORIENTED_EDGE('',*,*,#3580,.T.);
#5120=ORIENTED_EDGE('',*,*,#3582,.F.);
#5121=ORIENTED_EDGE('',*,*,#3583,.F.);
#5122=ORIENTED_EDGE('',*,*,#3584,.T.);
#5123=ORIENTED_EDGE('',*,*,#3583,.T.);
#5124=ORIENTED_EDGE('',*,*,#3585,.F.);
#5125=ORIENTED_EDGE('',*,*,#3586,.F.);
#5126=ORIENTED_EDGE('',*,*,#3587,.T.);
#5127=ORIENTED_EDGE('',*,*,#3586,.T.);
#5128=ORIENTED_EDGE('',*,*,#3588,.F.);
#5129=ORIENTED_EDGE('',*,*,#3554,.F.);
#5130=ORIENTED_EDGE('',*,*,#3587,.F.);
#5131=ORIENTED_EDGE('',*,*,#3553,.F.);
#5132=ORIENTED_EDGE('',*,*,#3557,.F.);
#5133=ORIENTED_EDGE('',*,*,#3560,.F.);
#5134=ORIENTED_EDGE('',*,*,#3563,.F.);
#5135=ORIENTED_EDGE('',*,*,#3566,.F.);
#5136=ORIENTED_EDGE('',*,*,#3569,.F.);
#5137=ORIENTED_EDGE('',*,*,#3572,.F.);
#5138=ORIENTED_EDGE('',*,*,#3575,.F.);
#5139=ORIENTED_EDGE('',*,*,#3578,.F.);
#5140=ORIENTED_EDGE('',*,*,#3581,.F.);
#5141=ORIENTED_EDGE('',*,*,#3584,.F.);
#5142=ORIENTED_EDGE('',*,*,#3551,.T.);
#5143=ORIENTED_EDGE('',*,*,#3517,.T.);
#5144=ORIENTED_EDGE('',*,*,#3521,.T.);
#5145=ORIENTED_EDGE('',*,*,#3524,.T.);
#5146=ORIENTED_EDGE('',*,*,#3527,.T.);
#5147=ORIENTED_EDGE('',*,*,#3530,.T.);
#5148=ORIENTED_EDGE('',*,*,#3533,.T.);
#5149=ORIENTED_EDGE('',*,*,#3536,.T.);
#5150=ORIENTED_EDGE('',*,*,#3539,.T.);
#5151=ORIENTED_EDGE('',*,*,#3542,.T.);
#5152=ORIENTED_EDGE('',*,*,#3545,.T.);
#5153=ORIENTED_EDGE('',*,*,#3548,.T.);
#5154=ORIENTED_EDGE('',*,*,#3588,.T.);
#5155=ORIENTED_EDGE('',*,*,#3585,.T.);
#5156=ORIENTED_EDGE('',*,*,#3582,.T.);
#5157=ORIENTED_EDGE('',*,*,#3579,.T.);
#5158=ORIENTED_EDGE('',*,*,#3576,.T.);
#5159=ORIENTED_EDGE('',*,*,#3573,.T.);
#5160=ORIENTED_EDGE('',*,*,#3570,.T.);
#5161=ORIENTED_EDGE('',*,*,#3567,.T.);
#5162=ORIENTED_EDGE('',*,*,#3564,.T.);
#5163=ORIENTED_EDGE('',*,*,#3561,.T.);
#5164=ORIENTED_EDGE('',*,*,#3558,.T.);
#5165=ORIENTED_EDGE('',*,*,#3555,.T.);
#5166=ORIENTED_EDGE('',*,*,#3552,.T.);
#5167=ORIENTED_EDGE('',*,*,#3549,.T.);
#5168=ORIENTED_EDGE('',*,*,#3546,.T.);
#5169=ORIENTED_EDGE('',*,*,#3543,.T.);
#5170=ORIENTED_EDGE('',*,*,#3540,.T.);
#5171=ORIENTED_EDGE('',*,*,#3537,.T.);
#5172=ORIENTED_EDGE('',*,*,#3534,.T.);
#5173=ORIENTED_EDGE('',*,*,#3531,.T.);
#5174=ORIENTED_EDGE('',*,*,#3528,.T.);
#5175=ORIENTED_EDGE('',*,*,#3525,.T.);
#5176=ORIENTED_EDGE('',*,*,#3522,.T.);
#5177=ORIENTED_EDGE('',*,*,#3519,.T.);
#5178=ORIENTED_EDGE('',*,*,#3589,.T.);
#5179=ORIENTED_EDGE('',*,*,#3590,.T.);
#5180=ORIENTED_EDGE('',*,*,#3591,.F.);
#5181=ORIENTED_EDGE('',*,*,#3592,.F.);
#5182=ORIENTED_EDGE('',*,*,#3593,.T.);
#5183=ORIENTED_EDGE('',*,*,#3592,.T.);
#5184=ORIENTED_EDGE('',*,*,#3594,.F.);
#5185=ORIENTED_EDGE('',*,*,#3595,.F.);
#5186=ORIENTED_EDGE('',*,*,#3596,.T.);
#5187=ORIENTED_EDGE('',*,*,#3595,.T.);
#5188=ORIENTED_EDGE('',*,*,#3597,.F.);
#5189=ORIENTED_EDGE('',*,*,#3598,.F.);
#5190=ORIENTED_EDGE('',*,*,#3599,.T.);
#5191=ORIENTED_EDGE('',*,*,#3598,.T.);
#5192=ORIENTED_EDGE('',*,*,#3600,.F.);
#5193=ORIENTED_EDGE('',*,*,#3601,.F.);
#5194=ORIENTED_EDGE('',*,*,#3602,.T.);
#5195=ORIENTED_EDGE('',*,*,#3601,.T.);
#5196=ORIENTED_EDGE('',*,*,#3603,.F.);
#5197=ORIENTED_EDGE('',*,*,#3604,.F.);
#5198=ORIENTED_EDGE('',*,*,#3605,.T.);
#5199=ORIENTED_EDGE('',*,*,#3604,.T.);
#5200=ORIENTED_EDGE('',*,*,#3606,.F.);
#5201=ORIENTED_EDGE('',*,*,#3607,.F.);
#5202=ORIENTED_EDGE('',*,*,#3608,.T.);
#5203=ORIENTED_EDGE('',*,*,#3607,.T.);
#5204=ORIENTED_EDGE('',*,*,#3609,.F.);
#5205=ORIENTED_EDGE('',*,*,#3610,.F.);
#5206=ORIENTED_EDGE('',*,*,#3611,.T.);
#5207=ORIENTED_EDGE('',*,*,#3610,.T.);
#5208=ORIENTED_EDGE('',*,*,#3612,.F.);
#5209=ORIENTED_EDGE('',*,*,#3590,.F.);
#5210=ORIENTED_EDGE('',*,*,#3611,.F.);
#5211=ORIENTED_EDGE('',*,*,#3589,.F.);
#5212=ORIENTED_EDGE('',*,*,#3593,.F.);
#5213=ORIENTED_EDGE('',*,*,#3596,.F.);
#5214=ORIENTED_EDGE('',*,*,#3599,.F.);
#5215=ORIENTED_EDGE('',*,*,#3602,.F.);
#5216=ORIENTED_EDGE('',*,*,#3605,.F.);
#5217=ORIENTED_EDGE('',*,*,#3608,.F.);
#5218=ORIENTED_EDGE('',*,*,#3612,.T.);
#5219=ORIENTED_EDGE('',*,*,#3609,.T.);
#5220=ORIENTED_EDGE('',*,*,#3606,.T.);
#5221=ORIENTED_EDGE('',*,*,#3603,.T.);
#5222=ORIENTED_EDGE('',*,*,#3600,.T.);
#5223=ORIENTED_EDGE('',*,*,#3597,.T.);
#5224=ORIENTED_EDGE('',*,*,#3594,.T.);
#5225=ORIENTED_EDGE('',*,*,#3591,.T.);
#5226=ORIENTED_EDGE('',*,*,#3613,.T.);
#5227=ORIENTED_EDGE('',*,*,#3614,.T.);
#5228=ORIENTED_EDGE('',*,*,#3615,.F.);
#5229=ORIENTED_EDGE('',*,*,#3616,.F.);
#5230=ORIENTED_EDGE('',*,*,#3617,.T.);
#5231=ORIENTED_EDGE('',*,*,#3616,.T.);
#5232=ORIENTED_EDGE('',*,*,#3618,.F.);
#5233=ORIENTED_EDGE('',*,*,#3619,.F.);
#5234=ORIENTED_EDGE('',*,*,#3620,.T.);
#5235=ORIENTED_EDGE('',*,*,#3619,.T.);
#5236=ORIENTED_EDGE('',*,*,#3621,.F.);
#5237=ORIENTED_EDGE('',*,*,#3622,.F.);
#5238=ORIENTED_EDGE('',*,*,#3623,.T.);
#5239=ORIENTED_EDGE('',*,*,#3622,.T.);
#5240=ORIENTED_EDGE('',*,*,#3624,.F.);
#5241=ORIENTED_EDGE('',*,*,#3625,.F.);
#5242=ORIENTED_EDGE('',*,*,#3626,.T.);
#5243=ORIENTED_EDGE('',*,*,#3625,.T.);
#5244=ORIENTED_EDGE('',*,*,#3627,.F.);
#5245=ORIENTED_EDGE('',*,*,#3628,.F.);
#5246=ORIENTED_EDGE('',*,*,#3629,.T.);
#5247=ORIENTED_EDGE('',*,*,#3628,.T.);
#5248=ORIENTED_EDGE('',*,*,#3630,.F.);
#5249=ORIENTED_EDGE('',*,*,#3631,.F.);
#5250=ORIENTED_EDGE('',*,*,#3632,.T.);
#5251=ORIENTED_EDGE('',*,*,#3631,.T.);
#5252=ORIENTED_EDGE('',*,*,#3633,.F.);
#5253=ORIENTED_EDGE('',*,*,#3634,.F.);
#5254=ORIENTED_EDGE('',*,*,#3635,.T.);
#5255=ORIENTED_EDGE('',*,*,#3634,.T.);
#5256=ORIENTED_EDGE('',*,*,#3636,.F.);
#5257=ORIENTED_EDGE('',*,*,#3637,.F.);
#5258=ORIENTED_EDGE('',*,*,#3638,.T.);
#5259=ORIENTED_EDGE('',*,*,#3637,.T.);
#5260=ORIENTED_EDGE('',*,*,#3639,.F.);
#5261=ORIENTED_EDGE('',*,*,#3640,.F.);
#5262=ORIENTED_EDGE('',*,*,#3641,.T.);
#5263=ORIENTED_EDGE('',*,*,#3640,.T.);
#5264=ORIENTED_EDGE('',*,*,#3642,.F.);
#5265=ORIENTED_EDGE('',*,*,#3643,.F.);
#5266=ORIENTED_EDGE('',*,*,#3644,.T.);
#5267=ORIENTED_EDGE('',*,*,#3643,.T.);
#5268=ORIENTED_EDGE('',*,*,#3645,.F.);
#5269=ORIENTED_EDGE('',*,*,#3614,.F.);
#5270=ORIENTED_EDGE('',*,*,#3644,.F.);
#5271=ORIENTED_EDGE('',*,*,#3613,.F.);
#5272=ORIENTED_EDGE('',*,*,#3617,.F.);
#5273=ORIENTED_EDGE('',*,*,#3620,.F.);
#5274=ORIENTED_EDGE('',*,*,#3623,.F.);
#5275=ORIENTED_EDGE('',*,*,#3626,.F.);
#5276=ORIENTED_EDGE('',*,*,#3629,.F.);
#5277=ORIENTED_EDGE('',*,*,#3632,.F.);
#5278=ORIENTED_EDGE('',*,*,#3635,.F.);
#5279=ORIENTED_EDGE('',*,*,#3638,.F.);
#5280=ORIENTED_EDGE('',*,*,#3641,.F.);
#5281=ORIENTED_EDGE('',*,*,#3645,.T.);
#5282=ORIENTED_EDGE('',*,*,#3642,.T.);
#5283=ORIENTED_EDGE('',*,*,#3639,.T.);
#5284=ORIENTED_EDGE('',*,*,#3636,.T.);
#5285=ORIENTED_EDGE('',*,*,#3633,.T.);
#5286=ORIENTED_EDGE('',*,*,#3630,.T.);
#5287=ORIENTED_EDGE('',*,*,#3627,.T.);
#5288=ORIENTED_EDGE('',*,*,#3624,.T.);
#5289=ORIENTED_EDGE('',*,*,#3621,.T.);
#5290=ORIENTED_EDGE('',*,*,#3618,.T.);
#5291=ORIENTED_EDGE('',*,*,#3615,.T.);
#5292=ORIENTED_EDGE('',*,*,#3646,.T.);
#5293=ORIENTED_EDGE('',*,*,#3647,.T.);
#5294=ORIENTED_EDGE('',*,*,#3648,.F.);
#5295=ORIENTED_EDGE('',*,*,#3649,.F.);
#5296=ORIENTED_EDGE('',*,*,#3650,.T.);
#5297=ORIENTED_EDGE('',*,*,#3649,.T.);
#5298=ORIENTED_EDGE('',*,*,#3651,.F.);
#5299=ORIENTED_EDGE('',*,*,#3652,.F.);
#5300=ORIENTED_EDGE('',*,*,#3653,.T.);
#5301=ORIENTED_EDGE('',*,*,#3652,.T.);
#5302=ORIENTED_EDGE('',*,*,#3654,.F.);
#5303=ORIENTED_EDGE('',*,*,#3655,.F.);
#5304=ORIENTED_EDGE('',*,*,#3656,.T.);
#5305=ORIENTED_EDGE('',*,*,#3655,.T.);
#5306=ORIENTED_EDGE('',*,*,#3657,.F.);
#5307=ORIENTED_EDGE('',*,*,#3658,.F.);
#5308=ORIENTED_EDGE('',*,*,#3659,.T.);
#5309=ORIENTED_EDGE('',*,*,#3658,.T.);
#5310=ORIENTED_EDGE('',*,*,#3660,.F.);
#5311=ORIENTED_EDGE('',*,*,#3661,.F.);
#5312=ORIENTED_EDGE('',*,*,#3662,.T.);
#5313=ORIENTED_EDGE('',*,*,#3661,.T.);
#5314=ORIENTED_EDGE('',*,*,#3663,.F.);
#5315=ORIENTED_EDGE('',*,*,#3664,.F.);
#5316=ORIENTED_EDGE('',*,*,#3665,.T.);
#5317=ORIENTED_EDGE('',*,*,#3664,.T.);
#5318=ORIENTED_EDGE('',*,*,#3666,.F.);
#5319=ORIENTED_EDGE('',*,*,#3667,.F.);
#5320=ORIENTED_EDGE('',*,*,#3668,.T.);
#5321=ORIENTED_EDGE('',*,*,#3667,.T.);
#5322=ORIENTED_EDGE('',*,*,#3669,.F.);
#5323=ORIENTED_EDGE('',*,*,#3670,.F.);
#5324=ORIENTED_EDGE('',*,*,#3671,.T.);
#5325=ORIENTED_EDGE('',*,*,#3670,.T.);
#5326=ORIENTED_EDGE('',*,*,#3672,.F.);
#5327=ORIENTED_EDGE('',*,*,#3673,.F.);
#5328=ORIENTED_EDGE('',*,*,#3674,.T.);
#5329=ORIENTED_EDGE('',*,*,#3673,.T.);
#5330=ORIENTED_EDGE('',*,*,#3675,.F.);
#5331=ORIENTED_EDGE('',*,*,#3676,.F.);
#5332=ORIENTED_EDGE('',*,*,#3677,.T.);
#5333=ORIENTED_EDGE('',*,*,#3676,.T.);
#5334=ORIENTED_EDGE('',*,*,#3678,.F.);
#5335=ORIENTED_EDGE('',*,*,#3679,.F.);
#5336=ORIENTED_EDGE('',*,*,#3680,.T.);
#5337=ORIENTED_EDGE('',*,*,#3679,.T.);
#5338=ORIENTED_EDGE('',*,*,#3681,.F.);
#5339=ORIENTED_EDGE('',*,*,#3682,.F.);
#5340=ORIENTED_EDGE('',*,*,#3683,.T.);
#5341=ORIENTED_EDGE('',*,*,#3682,.T.);
#5342=ORIENTED_EDGE('',*,*,#3684,.F.);
#5343=ORIENTED_EDGE('',*,*,#3685,.F.);
#5344=ORIENTED_EDGE('',*,*,#3686,.T.);
#5345=ORIENTED_EDGE('',*,*,#3685,.T.);
#5346=ORIENTED_EDGE('',*,*,#3687,.F.);
#5347=ORIENTED_EDGE('',*,*,#3688,.F.);
#5348=ORIENTED_EDGE('',*,*,#3689,.T.);
#5349=ORIENTED_EDGE('',*,*,#3688,.T.);
#5350=ORIENTED_EDGE('',*,*,#3690,.F.);
#5351=ORIENTED_EDGE('',*,*,#3691,.F.);
#5352=ORIENTED_EDGE('',*,*,#3692,.T.);
#5353=ORIENTED_EDGE('',*,*,#3691,.T.);
#5354=ORIENTED_EDGE('',*,*,#3693,.F.);
#5355=ORIENTED_EDGE('',*,*,#3694,.F.);
#5356=ORIENTED_EDGE('',*,*,#3695,.T.);
#5357=ORIENTED_EDGE('',*,*,#3694,.T.);
#5358=ORIENTED_EDGE('',*,*,#3696,.F.);
#5359=ORIENTED_EDGE('',*,*,#3697,.F.);
#5360=ORIENTED_EDGE('',*,*,#3698,.T.);
#5361=ORIENTED_EDGE('',*,*,#3697,.T.);
#5362=ORIENTED_EDGE('',*,*,#3699,.F.);
#5363=ORIENTED_EDGE('',*,*,#3700,.F.);
#5364=ORIENTED_EDGE('',*,*,#3701,.T.);
#5365=ORIENTED_EDGE('',*,*,#3700,.T.);
#5366=ORIENTED_EDGE('',*,*,#3702,.F.);
#5367=ORIENTED_EDGE('',*,*,#3703,.F.);
#5368=ORIENTED_EDGE('',*,*,#3704,.T.);
#5369=ORIENTED_EDGE('',*,*,#3703,.T.);
#5370=ORIENTED_EDGE('',*,*,#3705,.F.);
#5371=ORIENTED_EDGE('',*,*,#3706,.F.);
#5372=ORIENTED_EDGE('',*,*,#3707,.T.);
#5373=ORIENTED_EDGE('',*,*,#3706,.T.);
#5374=ORIENTED_EDGE('',*,*,#3708,.F.);
#5375=ORIENTED_EDGE('',*,*,#3709,.F.);
#5376=ORIENTED_EDGE('',*,*,#3710,.T.);
#5377=ORIENTED_EDGE('',*,*,#3709,.T.);
#5378=ORIENTED_EDGE('',*,*,#3711,.F.);
#5379=ORIENTED_EDGE('',*,*,#3712,.F.);
#5380=ORIENTED_EDGE('',*,*,#3713,.T.);
#5381=ORIENTED_EDGE('',*,*,#3712,.T.);
#5382=ORIENTED_EDGE('',*,*,#3714,.F.);
#5383=ORIENTED_EDGE('',*,*,#3715,.F.);
#5384=ORIENTED_EDGE('',*,*,#3716,.T.);
#5385=ORIENTED_EDGE('',*,*,#3715,.T.);
#5386=ORIENTED_EDGE('',*,*,#3717,.F.);
#5387=ORIENTED_EDGE('',*,*,#3718,.F.);
#5388=ORIENTED_EDGE('',*,*,#3719,.T.);
#5389=ORIENTED_EDGE('',*,*,#3718,.T.);
#5390=ORIENTED_EDGE('',*,*,#3720,.F.);
#5391=ORIENTED_EDGE('',*,*,#3721,.F.);
#5392=ORIENTED_EDGE('',*,*,#3722,.T.);
#5393=ORIENTED_EDGE('',*,*,#3721,.T.);
#5394=ORIENTED_EDGE('',*,*,#3723,.F.);
#5395=ORIENTED_EDGE('',*,*,#3724,.F.);
#5396=ORIENTED_EDGE('',*,*,#3725,.T.);
#5397=ORIENTED_EDGE('',*,*,#3724,.T.);
#5398=ORIENTED_EDGE('',*,*,#3726,.F.);
#5399=ORIENTED_EDGE('',*,*,#3727,.F.);
#5400=ORIENTED_EDGE('',*,*,#3728,.T.);
#5401=ORIENTED_EDGE('',*,*,#3727,.T.);
#5402=ORIENTED_EDGE('',*,*,#3729,.F.);
#5403=ORIENTED_EDGE('',*,*,#3730,.F.);
#5404=ORIENTED_EDGE('',*,*,#3731,.T.);
#5405=ORIENTED_EDGE('',*,*,#3730,.T.);
#5406=ORIENTED_EDGE('',*,*,#3732,.F.);
#5407=ORIENTED_EDGE('',*,*,#3733,.F.);
#5408=ORIENTED_EDGE('',*,*,#3734,.T.);
#5409=ORIENTED_EDGE('',*,*,#3733,.T.);
#5410=ORIENTED_EDGE('',*,*,#3735,.F.);
#5411=ORIENTED_EDGE('',*,*,#3736,.F.);
#5412=ORIENTED_EDGE('',*,*,#3737,.T.);
#5413=ORIENTED_EDGE('',*,*,#3736,.T.);
#5414=ORIENTED_EDGE('',*,*,#3738,.F.);
#5415=ORIENTED_EDGE('',*,*,#3739,.F.);
#5416=ORIENTED_EDGE('',*,*,#3740,.T.);
#5417=ORIENTED_EDGE('',*,*,#3739,.T.);
#5418=ORIENTED_EDGE('',*,*,#3741,.F.);
#5419=ORIENTED_EDGE('',*,*,#3742,.F.);
#5420=ORIENTED_EDGE('',*,*,#3743,.T.);
#5421=ORIENTED_EDGE('',*,*,#3742,.T.);
#5422=ORIENTED_EDGE('',*,*,#3744,.F.);
#5423=ORIENTED_EDGE('',*,*,#3745,.F.);
#5424=ORIENTED_EDGE('',*,*,#3746,.T.);
#5425=ORIENTED_EDGE('',*,*,#3745,.T.);
#5426=ORIENTED_EDGE('',*,*,#3747,.F.);
#5427=ORIENTED_EDGE('',*,*,#3647,.F.);
#5428=ORIENTED_EDGE('',*,*,#3746,.F.);
#5429=ORIENTED_EDGE('',*,*,#3646,.F.);
#5430=ORIENTED_EDGE('',*,*,#3650,.F.);
#5431=ORIENTED_EDGE('',*,*,#3653,.F.);
#5432=ORIENTED_EDGE('',*,*,#3656,.F.);
#5433=ORIENTED_EDGE('',*,*,#3659,.F.);
#5434=ORIENTED_EDGE('',*,*,#3662,.F.);
#5435=ORIENTED_EDGE('',*,*,#3665,.F.);
#5436=ORIENTED_EDGE('',*,*,#3668,.F.);
#5437=ORIENTED_EDGE('',*,*,#3671,.F.);
#5438=ORIENTED_EDGE('',*,*,#3674,.F.);
#5439=ORIENTED_EDGE('',*,*,#3677,.F.);
#5440=ORIENTED_EDGE('',*,*,#3680,.F.);
#5441=ORIENTED_EDGE('',*,*,#3683,.F.);
#5442=ORIENTED_EDGE('',*,*,#3686,.F.);
#5443=ORIENTED_EDGE('',*,*,#3689,.F.);
#5444=ORIENTED_EDGE('',*,*,#3692,.F.);
#5445=ORIENTED_EDGE('',*,*,#3695,.F.);
#5446=ORIENTED_EDGE('',*,*,#3698,.F.);
#5447=ORIENTED_EDGE('',*,*,#3701,.F.);
#5448=ORIENTED_EDGE('',*,*,#3704,.F.);
#5449=ORIENTED_EDGE('',*,*,#3707,.F.);
#5450=ORIENTED_EDGE('',*,*,#3710,.F.);
#5451=ORIENTED_EDGE('',*,*,#3713,.F.);
#5452=ORIENTED_EDGE('',*,*,#3716,.F.);
#5453=ORIENTED_EDGE('',*,*,#3719,.F.);
#5454=ORIENTED_EDGE('',*,*,#3722,.F.);
#5455=ORIENTED_EDGE('',*,*,#3725,.F.);
#5456=ORIENTED_EDGE('',*,*,#3728,.F.);
#5457=ORIENTED_EDGE('',*,*,#3731,.F.);
#5458=ORIENTED_EDGE('',*,*,#3734,.F.);
#5459=ORIENTED_EDGE('',*,*,#3737,.F.);
#5460=ORIENTED_EDGE('',*,*,#3740,.F.);
#5461=ORIENTED_EDGE('',*,*,#3743,.F.);
#5462=ORIENTED_EDGE('',*,*,#3747,.T.);
#5463=ORIENTED_EDGE('',*,*,#3744,.T.);
#5464=ORIENTED_EDGE('',*,*,#3741,.T.);
#5465=ORIENTED_EDGE('',*,*,#3738,.T.);
#5466=ORIENTED_EDGE('',*,*,#3735,.T.);
#5467=ORIENTED_EDGE('',*,*,#3732,.T.);
#5468=ORIENTED_EDGE('',*,*,#3729,.T.);
#5469=ORIENTED_EDGE('',*,*,#3726,.T.);
#5470=ORIENTED_EDGE('',*,*,#3723,.T.);
#5471=ORIENTED_EDGE('',*,*,#3720,.T.);
#5472=ORIENTED_EDGE('',*,*,#3717,.T.);
#5473=ORIENTED_EDGE('',*,*,#3714,.T.);
#5474=ORIENTED_EDGE('',*,*,#3711,.T.);
#5475=ORIENTED_EDGE('',*,*,#3708,.T.);
#5476=ORIENTED_EDGE('',*,*,#3705,.T.);
#5477=ORIENTED_EDGE('',*,*,#3702,.T.);
#5478=ORIENTED_EDGE('',*,*,#3699,.T.);
#5479=ORIENTED_EDGE('',*,*,#3696,.T.);
#5480=ORIENTED_EDGE('',*,*,#3693,.T.);
#5481=ORIENTED_EDGE('',*,*,#3690,.T.);
#5482=ORIENTED_EDGE('',*,*,#3687,.T.);
#5483=ORIENTED_EDGE('',*,*,#3684,.T.);
#5484=ORIENTED_EDGE('',*,*,#3681,.T.);
#5485=ORIENTED_EDGE('',*,*,#3678,.T.);
#5486=ORIENTED_EDGE('',*,*,#3675,.T.);
#5487=ORIENTED_EDGE('',*,*,#3672,.T.);
#5488=ORIENTED_EDGE('',*,*,#3669,.T.);
#5489=ORIENTED_EDGE('',*,*,#3666,.T.);
#5490=ORIENTED_EDGE('',*,*,#3663,.T.);
#5491=ORIENTED_EDGE('',*,*,#3660,.T.);
#5492=ORIENTED_EDGE('',*,*,#3657,.T.);
#5493=ORIENTED_EDGE('',*,*,#3654,.T.);
#5494=ORIENTED_EDGE('',*,*,#3651,.T.);
#5495=ORIENTED_EDGE('',*,*,#3648,.T.);
#5496=PLANE('',#6004);
#5497=PLANE('',#6005);
#5498=PLANE('',#6006);
#5499=PLANE('',#6007);
#5500=PLANE('',#6008);
#5501=PLANE('',#6009);
#5502=PLANE('',#6010);
#5503=PLANE('',#6013);
#5504=PLANE('',#6014);
#5505=PLANE('',#6022);
#5506=PLANE('',#6029);
#5507=PLANE('',#6032);
#5508=PLANE('',#6033);
#5509=PLANE('',#6034);
#5510=PLANE('',#6035);
#5511=PLANE('',#6036);
#5512=PLANE('',#6037);
#5513=PLANE('',#6039);
#5514=PLANE('',#6040);
#5515=PLANE('',#6041);
#5516=PLANE('',#6042);
#5517=PLANE('',#6043);
#5518=PLANE('',#6044);
#5519=PLANE('',#6045);
#5520=PLANE('',#6046);
#5521=PLANE('',#6047);
#5522=PLANE('',#6048);
#5523=PLANE('',#6051);
#5524=PLANE('',#6052);
#5525=PLANE('',#6053);
#5526=PLANE('',#6054);
#5527=PLANE('',#6055);
#5528=PLANE('',#6057);
#5529=PLANE('',#6058);
#5530=PLANE('',#6059);
#5531=PLANE('',#6060);
#5532=PLANE('',#6066);
#5533=PLANE('',#6067);
#5534=PLANE('',#6068);
#5535=PLANE('',#6069);
#5536=PLANE('',#6070);
#5537=PLANE('',#6071);
#5538=PLANE('',#6072);
#5539=PLANE('',#6073);
#5540=PLANE('',#6074);
#5541=PLANE('',#6076);
#5542=PLANE('',#6077);
#5543=PLANE('',#6078);
#5544=PLANE('',#6079);
#5545=PLANE('',#6080);
#5546=PLANE('',#6081);
#5547=PLANE('',#6082);
#5548=PLANE('',#6084);
#5549=PLANE('',#6085);
#5550=PLANE('',#6086);
#5551=PLANE('',#6087);
#5552=PLANE('',#6088);
#5553=PLANE('',#6089);
#5554=PLANE('',#6090);
#5555=PLANE('',#6092);
#5556=PLANE('',#6093);
#5557=PLANE('',#6096);
#5558=PLANE('',#6097);
#5559=PLANE('',#6098);
#5560=PLANE('',#6099);
#5561=PLANE('',#6102);
#5562=PLANE('',#6103);
#5563=PLANE('',#6104);
#5564=PLANE('',#6105);
#5565=PLANE('',#6108);
#5566=PLANE('',#6109);
#5567=PLANE('',#6110);
#5568=PLANE('',#6111);
#5569=PLANE('',#6112);
#5570=PLANE('',#6113);
#5571=PLANE('',#6114);
#5572=PLANE('',#6115);
#5573=PLANE('',#6116);
#5574=PLANE('',#6117);
#5575=PLANE('',#6118);
#5576=PLANE('',#6119);
#5577=PLANE('',#6120);
#5578=PLANE('',#6121);
#5579=PLANE('',#6122);
#5580=PLANE('',#6123);
#5581=PLANE('',#6124);
#5582=PLANE('',#6125);
#5583=PLANE('',#6126);
#5584=PLANE('',#6127);
#5585=PLANE('',#6128);
#5586=PLANE('',#6129);
#5587=PLANE('',#6130);
#5588=PLANE('',#6133);
#5589=PLANE('',#6134);
#5590=PLANE('',#6135);
#5591=PLANE('',#6136);
#5592=PLANE('',#6137);
#5593=PLANE('',#6138);
#5594=PLANE('',#6139);
#5595=PLANE('',#6140);
#5596=PLANE('',#6141);
#5597=PLANE('',#6142);
#5598=PLANE('',#6143);
#5599=PLANE('',#6144);
#5600=PLANE('',#6145);
#5601=PLANE('',#6146);
#5602=PLANE('',#6147);
#5603=PLANE('',#6148);
#5604=PLANE('',#6149);
#5605=PLANE('',#6150);
#5606=PLANE('',#6151);
#5607=PLANE('',#6152);
#5608=PLANE('',#6153);
#5609=PLANE('',#6154);
#5610=PLANE('',#6155);
#5611=PLANE('',#6156);
#5612=PLANE('',#6157);
#5613=PLANE('',#6158);
#5614=PLANE('',#6159);
#5615=PLANE('',#6160);
#5616=PLANE('',#6161);
#5617=PLANE('',#6162);
#5618=PLANE('',#6163);
#5619=PLANE('',#6164);
#5620=PLANE('',#6165);
#5621=PLANE('',#6166);
#5622=PLANE('',#6167);
#5623=PLANE('',#6168);
#5624=PLANE('',#6169);
#5625=PLANE('',#6170);
#5626=PLANE('',#6171);
#5627=PLANE('',#6172);
#5628=PLANE('',#6173);
#5629=PLANE('',#6174);
#5630=PLANE('',#6175);
#5631=PLANE('',#6176);
#5632=PLANE('',#6177);
#5633=PLANE('',#6178);
#5634=PLANE('',#6179);
#5635=PLANE('',#6180);
#5636=PLANE('',#6181);
#5637=PLANE('',#6182);
#5638=PLANE('',#6183);
#5639=PLANE('',#6184);
#5640=PLANE('',#6185);
#5641=PLANE('',#6186);
#5642=PLANE('',#6187);
#5643=PLANE('',#6188);
#5644=PLANE('',#6189);
#5645=PLANE('',#6190);
#5646=PLANE('',#6191);
#5647=PLANE('',#6192);
#5648=PLANE('',#6193);
#5649=PLANE('',#6194);
#5650=PLANE('',#6195);
#5651=PLANE('',#6196);
#5652=PLANE('',#6197);
#5653=PLANE('',#6198);
#5654=PLANE('',#6199);
#5655=PLANE('',#6200);
#5656=PLANE('',#6201);
#5657=PLANE('',#6202);
#5658=PLANE('',#6203);
#5659=PLANE('',#6204);
#5660=PLANE('',#6205);
#5661=PLANE('',#6206);
#5662=PLANE('',#6207);
#5663=PLANE('',#6208);
#5664=PLANE('',#6209);
#5665=PLANE('',#6210);
#5666=PLANE('',#6211);
#5667=PLANE('',#6212);
#5668=PLANE('',#6213);
#5669=PLANE('',#6214);
#5670=PLANE('',#6215);
#5671=PLANE('',#6216);
#5672=PLANE('',#6217);
#5673=PLANE('',#6218);
#5674=ADVANCED_FACE('',(#456),#5496,.T.);
#5675=ADVANCED_FACE('',(#457),#5497,.F.);
#5676=ADVANCED_FACE('',(#458),#5498,.T.);
#5677=ADVANCED_FACE('',(#459),#5499,.F.);
#5678=ADVANCED_FACE('',(#460),#5500,.T.);
#5679=ADVANCED_FACE('',(#461),#5501,.T.);
#5680=ADVANCED_FACE('',(#462),#5502,.T.);
#5681=ADVANCED_FACE('',(#463),#5503,.T.);
#5682=ADVANCED_FACE('',(#464),#5504,.T.);
#5683=ADVANCED_FACE('',(#465),#420,.F.);
#5684=ADVANCED_FACE('',(#466),#421,.F.);
#5685=ADVANCED_FACE('',(#467),#422,.F.);
#5686=ADVANCED_FACE('',(#468),#5505,.F.);
#5687=ADVANCED_FACE('',(#469),#423,.F.);
#5688=ADVANCED_FACE('',(#470),#303,.T.);
#5689=ADVANCED_FACE('',(#471),#304,.T.);
#5690=ADVANCED_FACE('',(#472),#305,.T.);
#5691=ADVANCED_FACE('',(#473),#306,.T.);
#5692=ADVANCED_FACE('',(#474),#55,.F.);
#5693=ADVANCED_FACE('',(#475),#307,.T.);
#5694=ADVANCED_FACE('',(#476),#308,.T.);
#5695=ADVANCED_FACE('',(#477),#309,.T.);
#5696=ADVANCED_FACE('',(#478),#310,.T.);
#5697=ADVANCED_FACE('',(#479),#311,.T.);
#5698=ADVANCED_FACE('',(#480),#312,.T.);
#5699=ADVANCED_FACE('',(#481),#313,.T.);
#5700=ADVANCED_FACE('',(#482),#314,.T.);
#5701=ADVANCED_FACE('',(#483),#5506,.F.);
#5702=ADVANCED_FACE('',(#484),#424,.F.);
#5703=ADVANCED_FACE('',(#485,#32),#5507,.T.);
#5704=ADVANCED_FACE('',(#486),#30,.T.);
#5705=ADVANCED_FACE('',(#487),#5508,.T.);
#5706=ADVANCED_FACE('',(#488),#5509,.F.);
#5707=ADVANCED_FACE('',(#489),#5510,.T.);
#5708=ADVANCED_FACE('',(#490),#5511,.T.);
#5709=ADVANCED_FACE('',(#491),#5512,.F.);
#5710=ADVANCED_FACE('',(#492),#5513,.F.);
#5711=ADVANCED_FACE('',(#493),#315,.F.);
#5712=ADVANCED_FACE('',(#494),#5514,.F.);
#5713=ADVANCED_FACE('',(#495),#316,.F.);
#5714=ADVANCED_FACE('',(#496),#5515,.F.);
#5715=ADVANCED_FACE('',(#497),#5516,.F.);
#5716=ADVANCED_FACE('',(#498),#317,.F.);
#5717=ADVANCED_FACE('',(#499),#5517,.F.);
#5718=ADVANCED_FACE('',(#500),#318,.F.);
#5719=ADVANCED_FACE('',(#501),#5518,.F.);
#5720=ADVANCED_FACE('',(#502),#5519,.F.);
#5721=ADVANCED_FACE('',(#503),#319,.F.);
#5722=ADVANCED_FACE('',(#504),#5520,.F.);
#5723=ADVANCED_FACE('',(#505),#320,.F.);
#5724=ADVANCED_FACE('',(#506),#5521,.F.);
#5725=ADVANCED_FACE('',(#507),#5522,.F.);
#5726=ADVANCED_FACE('',(#508),#425,.F.);
#5727=ADVANCED_FACE('',(#509,#33,#34,#35),#5523,.T.);
#5728=ADVANCED_FACE('',(#510,#36,#37),#5524,.T.);
#5729=ADVANCED_FACE('',(#511),#5525,.F.);
#5730=ADVANCED_FACE('',(#512),#5526,.F.);
#5731=ADVANCED_FACE('',(#513),#5527,.T.);
#5732=ADVANCED_FACE('',(#514),#5528,.F.);
#5733=ADVANCED_FACE('',(#515),#5529,.T.);
#5734=ADVANCED_FACE('',(#516),#5530,.F.);
#5735=ADVANCED_FACE('',(#517),#5531,.T.);
#5736=ADVANCED_FACE('',(#518),#426,.F.);
#5737=ADVANCED_FACE('',(#519),#427,.T.);
#5738=ADVANCED_FACE('',(#520),#5532,.T.);
#5739=ADVANCED_FACE('',(#521),#5533,.T.);
#5740=ADVANCED_FACE('',(#522),#5534,.F.);
#5741=ADVANCED_FACE('',(#523),#5535,.T.);
#5742=ADVANCED_FACE('',(#524),#5536,.T.);
#5743=ADVANCED_FACE('',(#525),#5537,.T.);
#5744=ADVANCED_FACE('',(#526),#5538,.T.);
#5745=ADVANCED_FACE('',(#527),#5539,.T.);
#5746=ADVANCED_FACE('',(#528),#5540,.F.);
#5747=ADVANCED_FACE('',(#529),#5541,.T.);
#5748=ADVANCED_FACE('',(#530),#5542,.T.);
#5749=ADVANCED_FACE('',(#531),#5543,.T.);
#5750=ADVANCED_FACE('',(#532),#5544,.T.);
#5751=ADVANCED_FACE('',(#533),#5545,.T.);
#5752=ADVANCED_FACE('',(#534),#5546,.T.);
#5753=ADVANCED_FACE('',(#535),#5547,.F.);
#5754=ADVANCED_FACE('',(#536),#5548,.T.);
#5755=ADVANCED_FACE('',(#537),#5549,.T.);
#5756=ADVANCED_FACE('',(#538),#5550,.T.);
#5757=ADVANCED_FACE('',(#539),#5551,.T.);
#5758=ADVANCED_FACE('',(#540),#5552,.T.);
#5759=ADVANCED_FACE('',(#541),#5553,.T.);
#5760=ADVANCED_FACE('',(#542),#5554,.F.);
#5761=ADVANCED_FACE('',(#543),#5555,.T.);
#5762=ADVANCED_FACE('',(#544),#5556,.T.);
#5763=ADVANCED_FACE('',(#545),#428,.F.);
#5764=ADVANCED_FACE('',(#546),#5557,.T.);
#5765=ADVANCED_FACE('',(#547),#5558,.T.);
#5766=ADVANCED_FACE('',(#548),#5559,.T.);
#5767=ADVANCED_FACE('',(#549),#5560,.T.);
#5768=ADVANCED_FACE('',(#550),#429,.F.);
#5769=ADVANCED_FACE('',(#551),#5561,.T.);
#5770=ADVANCED_FACE('',(#552),#5562,.T.);
#5771=ADVANCED_FACE('',(#553),#5563,.T.);
#5772=ADVANCED_FACE('',(#554),#5564,.T.);
#5773=ADVANCED_FACE('',(#555),#430,.F.);
#5774=ADVANCED_FACE('',(#556),#5565,.T.);
#5775=ADVANCED_FACE('',(#557),#5566,.T.);
#5776=ADVANCED_FACE('',(#558),#5567,.T.);
#5777=ADVANCED_FACE('',(#559),#5568,.T.);
#5778=ADVANCED_FACE('',(#560),#5569,.T.);
#5779=ADVANCED_FACE('',(#561),#5570,.T.);
#5780=ADVANCED_FACE('',(#562),#5571,.T.);
#5781=ADVANCED_FACE('',(#563),#5572,.T.);
#5782=ADVANCED_FACE('',(#564),#5573,.T.);
#5783=ADVANCED_FACE('',(#565),#5574,.F.);
#5784=ADVANCED_FACE('',(#566,#38),#5575,.T.);
#5785=ADVANCED_FACE('',(#567),#5576,.F.);
#5786=ADVANCED_FACE('',(#568),#5577,.F.);
#5787=ADVANCED_FACE('',(#569),#5578,.F.);
#5788=ADVANCED_FACE('',(#570),#5579,.F.);
#5789=ADVANCED_FACE('',(#571),#5580,.F.);
#5790=ADVANCED_FACE('',(#572),#5581,.F.);
#5791=ADVANCED_FACE('',(#573),#5582,.F.);
#5792=ADVANCED_FACE('',(#574),#5583,.F.);
#5793=ADVANCED_FACE('',(#575),#5584,.F.);
#5794=ADVANCED_FACE('',(#576),#5585,.F.);
#5795=ADVANCED_FACE('',(#577),#5586,.F.);
#5796=ADVANCED_FACE('',(#578),#5587,.F.);
#5797=ADVANCED_FACE('',(#579),#431,.F.);
#5798=ADVANCED_FACE('',(#580),#5588,.F.);
#5799=ADVANCED_FACE('',(#581),#5589,.F.);
#5800=ADVANCED_FACE('',(#582),#5590,.F.);
#5801=ADVANCED_FACE('',(#583),#5591,.F.);
#5802=ADVANCED_FACE('',(#584),#5592,.F.);
#5803=ADVANCED_FACE('',(#585),#5593,.F.);
#5804=ADVANCED_FACE('',(#586),#5594,.F.);
#5805=ADVANCED_FACE('',(#587),#5595,.F.);
#5806=ADVANCED_FACE('',(#588),#5596,.F.);
#5807=ADVANCED_FACE('',(#589),#5597,.F.);
#5808=ADVANCED_FACE('',(#590),#5598,.F.);
#5809=ADVANCED_FACE('',(#591),#5599,.T.);
#5810=ADVANCED_FACE('',(#592),#5600,.F.);
#5811=ADVANCED_FACE('',(#593),#5601,.F.);
#5812=ADVANCED_FACE('',(#594),#5602,.F.);
#5813=ADVANCED_FACE('',(#595),#5603,.F.);
#5814=ADVANCED_FACE('',(#596),#5604,.F.);
#5815=ADVANCED_FACE('',(#597),#5605,.T.);
#5816=ADVANCED_FACE('',(#598),#5606,.F.);
#5817=ADVANCED_FACE('',(#599),#5607,.F.);
#5818=ADVANCED_FACE('',(#600),#5608,.T.);
#5819=ADVANCED_FACE('',(#601),#5609,.T.);
#5820=ADVANCED_FACE('',(#602),#5610,.T.);
#5821=ADVANCED_FACE('',(#603),#5611,.T.);
#5822=ADVANCED_FACE('',(#604,#39),#5612,.F.);
#5823=ADVANCED_FACE('',(#605,#40,#41),#5613,.F.);
#5824=ADVANCED_FACE('',(#606),#5614,.T.);
#5825=ADVANCED_FACE('',(#607),#5615,.T.);
#5826=ADVANCED_FACE('',(#608),#5616,.T.);
#5827=ADVANCED_FACE('',(#609),#5617,.T.);
#5828=ADVANCED_FACE('',(#610),#5618,.T.);
#5829=ADVANCED_FACE('',(#611),#5619,.T.);
#5830=ADVANCED_FACE('',(#612),#5620,.T.);
#5831=ADVANCED_FACE('',(#613),#5621,.T.);
#5832=ADVANCED_FACE('',(#614),#5622,.T.);
#5833=ADVANCED_FACE('',(#615),#5623,.T.);
#5834=ADVANCED_FACE('',(#616),#5624,.T.);
#5835=ADVANCED_FACE('',(#617),#5625,.T.);
#5836=ADVANCED_FACE('',(#618,#42,#43,#44),#5626,.T.);
#5837=ADVANCED_FACE('',(#619),#5627,.T.);
#5838=ADVANCED_FACE('',(#620),#5628,.T.);
#5839=ADVANCED_FACE('',(#621),#321,.T.);
#5840=ADVANCED_FACE('',(#622),#5629,.T.);
#5841=ADVANCED_FACE('',(#623),#322,.T.);
#5842=ADVANCED_FACE('',(#624),#5630,.T.);
#5843=ADVANCED_FACE('',(#625),#5631,.T.);
#5844=ADVANCED_FACE('',(#626),#5632,.T.);
#5845=ADVANCED_FACE('',(#627),#5633,.T.);
#5846=ADVANCED_FACE('',(#628),#5634,.T.);
#5847=ADVANCED_FACE('',(#629,#45),#5635,.T.);
#5848=ADVANCED_FACE('',(#630),#5636,.T.);
#5849=ADVANCED_FACE('',(#631),#31,.T.);
#5850=ADVANCED_FACE('',(#632),#5637,.T.);
#5851=ADVANCED_FACE('',(#633,#46,#47,#48),#5638,.T.);
#5852=ADVANCED_FACE('',(#634),#5639,.T.);
#5853=ADVANCED_FACE('',(#635),#323,.T.);
#5854=ADVANCED_FACE('',(#636),#324,.T.);
#5855=ADVANCED_FACE('',(#637),#325,.T.);
#5856=ADVANCED_FACE('',(#638),#326,.T.);
#5857=ADVANCED_FACE('',(#639),#5640,.T.);
#5858=ADVANCED_FACE('',(#640),#5641,.T.);
#5859=ADVANCED_FACE('',(#641),#5642,.T.);
#5860=ADVANCED_FACE('',(#642),#327,.T.);
#5861=ADVANCED_FACE('',(#643),#328,.T.);
#5862=ADVANCED_FACE('',(#644),#329,.T.);
#5863=ADVANCED_FACE('',(#645),#330,.T.);
#5864=ADVANCED_FACE('',(#646),#331,.T.);
#5865=ADVANCED_FACE('',(#647),#5643,.T.);
#5866=ADVANCED_FACE('',(#648),#5644,.F.);
#5867=ADVANCED_FACE('',(#649),#332,.T.);
#5868=ADVANCED_FACE('',(#650),#333,.T.);
#5869=ADVANCED_FACE('',(#651),#334,.T.);
#5870=ADVANCED_FACE('',(#652),#335,.T.);
#5871=ADVANCED_FACE('',(#653),#336,.T.);
#5872=ADVANCED_FACE('',(#654),#337,.T.);
#5873=ADVANCED_FACE('',(#655),#5645,.T.);
#5874=ADVANCED_FACE('',(#656),#5646,.T.);
#5875=ADVANCED_FACE('',(#657),#338,.T.);
#5876=ADVANCED_FACE('',(#658),#339,.T.);
#5877=ADVANCED_FACE('',(#659),#340,.T.);
#5878=ADVANCED_FACE('',(#660),#341,.T.);
#5879=ADVANCED_FACE('',(#661),#342,.T.);
#5880=ADVANCED_FACE('',(#662),#343,.T.);
#5881=ADVANCED_FACE('',(#663),#5647,.T.);
#5882=ADVANCED_FACE('',(#664),#5648,.T.);
#5883=ADVANCED_FACE('',(#665),#344,.T.);
#5884=ADVANCED_FACE('',(#666),#5649,.T.);
#5885=ADVANCED_FACE('',(#667),#345,.T.);
#5886=ADVANCED_FACE('',(#668),#346,.T.);
#5887=ADVANCED_FACE('',(#669),#347,.T.);
#5888=ADVANCED_FACE('',(#670),#348,.T.);
#5889=ADVANCED_FACE('',(#671),#349,.T.);
#5890=ADVANCED_FACE('',(#672),#350,.T.);
#5891=ADVANCED_FACE('',(#673),#5650,.T.);
#5892=ADVANCED_FACE('',(#674),#351,.T.);
#5893=ADVANCED_FACE('',(#675),#352,.T.);
#5894=ADVANCED_FACE('',(#676),#353,.T.);
#5895=ADVANCED_FACE('',(#677),#354,.T.);
#5896=ADVANCED_FACE('',(#678),#355,.T.);
#5897=ADVANCED_FACE('',(#679,#49,#50),#5651,.T.);
#5898=ADVANCED_FACE('',(#680,#51,#52),#5652,.F.);
#5899=ADVANCED_FACE('',(#681),#356,.T.);
#5900=ADVANCED_FACE('',(#682),#357,.T.);
#5901=ADVANCED_FACE('',(#683),#358,.T.);
#5902=ADVANCED_FACE('',(#684),#359,.T.);
#5903=ADVANCED_FACE('',(#685),#360,.T.);
#5904=ADVANCED_FACE('',(#686),#361,.T.);
#5905=ADVANCED_FACE('',(#687),#362,.T.);
#5906=ADVANCED_FACE('',(#688),#363,.T.);
#5907=ADVANCED_FACE('',(#689),#364,.T.);
#5908=ADVANCED_FACE('',(#690),#365,.T.);
#5909=ADVANCED_FACE('',(#691),#366,.T.);
#5910=ADVANCED_FACE('',(#692),#367,.T.);
#5911=ADVANCED_FACE('',(#693),#368,.T.);
#5912=ADVANCED_FACE('',(#694),#369,.T.);
#5913=ADVANCED_FACE('',(#695),#370,.T.);
#5914=ADVANCED_FACE('',(#696),#371,.T.);
#5915=ADVANCED_FACE('',(#697),#372,.T.);
#5916=ADVANCED_FACE('',(#698),#373,.T.);
#5917=ADVANCED_FACE('',(#699),#374,.T.);
#5918=ADVANCED_FACE('',(#700),#375,.T.);
#5919=ADVANCED_FACE('',(#701),#376,.T.);
#5920=ADVANCED_FACE('',(#702),#377,.T.);
#5921=ADVANCED_FACE('',(#703),#378,.T.);
#5922=ADVANCED_FACE('',(#704),#379,.T.);
#5923=ADVANCED_FACE('',(#705,#53),#5653,.T.);
#5924=ADVANCED_FACE('',(#706,#54),#5654,.F.);
#5925=ADVANCED_FACE('',(#707),#380,.T.);
#5926=ADVANCED_FACE('',(#708),#381,.T.);
#5927=ADVANCED_FACE('',(#709),#382,.T.);
#5928=ADVANCED_FACE('',(#710),#383,.T.);
#5929=ADVANCED_FACE('',(#711),#384,.T.);
#5930=ADVANCED_FACE('',(#712),#385,.T.);
#5931=ADVANCED_FACE('',(#713),#386,.T.);
#5932=ADVANCED_FACE('',(#714),#387,.T.);
#5933=ADVANCED_FACE('',(#715),#5655,.T.);
#5934=ADVANCED_FACE('',(#716),#5656,.F.);
#5935=ADVANCED_FACE('',(#717),#5657,.T.);
#5936=ADVANCED_FACE('',(#718),#5658,.T.);
#5937=ADVANCED_FACE('',(#719),#5659,.T.);
#5938=ADVANCED_FACE('',(#720),#5660,.T.);
#5939=ADVANCED_FACE('',(#721),#5661,.T.);
#5940=ADVANCED_FACE('',(#722),#5662,.T.);
#5941=ADVANCED_FACE('',(#723),#5663,.T.);
#5942=ADVANCED_FACE('',(#724),#5664,.T.);
#5943=ADVANCED_FACE('',(#725),#5665,.T.);
#5944=ADVANCED_FACE('',(#726),#5666,.T.);
#5945=ADVANCED_FACE('',(#727),#5667,.T.);
#5946=ADVANCED_FACE('',(#728),#5668,.T.);
#5947=ADVANCED_FACE('',(#729),#5669,.T.);
#5948=ADVANCED_FACE('',(#730),#388,.T.);
#5949=ADVANCED_FACE('',(#731),#389,.T.);
#5950=ADVANCED_FACE('',(#732),#390,.T.);
#5951=ADVANCED_FACE('',(#733),#391,.T.);
#5952=ADVANCED_FACE('',(#734),#392,.T.);
#5953=ADVANCED_FACE('',(#735),#393,.T.);
#5954=ADVANCED_FACE('',(#736),#394,.T.);
#5955=ADVANCED_FACE('',(#737),#395,.T.);
#5956=ADVANCED_FACE('',(#738),#396,.T.);
#5957=ADVANCED_FACE('',(#739),#397,.T.);
#5958=ADVANCED_FACE('',(#740),#398,.T.);
#5959=ADVANCED_FACE('',(#741),#5670,.T.);
#5960=ADVANCED_FACE('',(#742),#399,.T.);
#5961=ADVANCED_FACE('',(#743),#400,.T.);
#5962=ADVANCED_FACE('',(#744),#401,.T.);
#5963=ADVANCED_FACE('',(#745),#402,.T.);
#5964=ADVANCED_FACE('',(#746),#403,.T.);
#5965=ADVANCED_FACE('',(#747),#404,.T.);
#5966=ADVANCED_FACE('',(#748),#405,.T.);
#5967=ADVANCED_FACE('',(#749),#406,.T.);
#5968=ADVANCED_FACE('',(#750),#407,.T.);
#5969=ADVANCED_FACE('',(#751),#408,.T.);
#5970=ADVANCED_FACE('',(#752),#409,.T.);
#5971=ADVANCED_FACE('',(#753),#410,.T.);
#5972=ADVANCED_FACE('',(#754),#411,.T.);
#5973=ADVANCED_FACE('',(#755),#412,.T.);
#5974=ADVANCED_FACE('',(#756),#413,.T.);
#5975=ADVANCED_FACE('',(#757),#414,.T.);
#5976=ADVANCED_FACE('',(#758),#5671,.T.);
#5977=ADVANCED_FACE('',(#759),#415,.T.);
#5978=ADVANCED_FACE('',(#760),#416,.T.);
#5979=ADVANCED_FACE('',(#761),#417,.T.);
#5980=ADVANCED_FACE('',(#762),#418,.T.);
#5981=ADVANCED_FACE('',(#763),#419,.T.);
#5982=ADVANCED_FACE('',(#764),#5672,.T.);
#5983=ADVANCED_FACE('',(#765),#5673,.F.);
#5984=CLOSED_SHELL('',(#5674,#5675,#5676,#5677,#5678,#5679,#5680,#5681,
#5682,#5683,#5684,#5685,#5686,#5687,#5688,#5689,#5690,#5691,#5692,#5693,
#5694,#5695,#5696,#5697,#5698,#5699,#5700,#5701,#5702,#5703,#5704,#5705,
#5706,#5707,#5708,#5709,#5710,#5711,#5712,#5713,#5714,#5715,#5716,#5717,
#5718,#5719,#5720,#5721,#5722,#5723,#5724,#5725,#5726,#5727,#5728,#5729,
#5730,#5731,#5732,#5733,#5734,#5735,#5736,#5737,#5738,#5739,#5740,#5741,
#5742,#5743,#5744,#5745,#5746,#5747,#5748,#5749,#5750,#5751,#5752,#5753,
#5754,#5755,#5756,#5757,#5758,#5759,#5760,#5761,#5762,#5763,#5764,#5765,
#5766,#5767,#5768,#5769,#5770,#5771,#5772,#5773,#5774,#5775,#5776,#5777,
#5778,#5779,#5780,#5781,#5782,#5783,#5784,#5785,#5786,#5787,#5788,#5789,
#5790,#5791,#5792,#5793,#5794,#5795,#5796,#5797,#5798,#5799,#5800,#5801,
#5802,#5803,#5804,#5805,#5806,#5807,#5808,#5809,#5810,#5811,#5812,#5813,
#5814,#5815,#5816,#5817,#5818,#5819,#5820,#5821,#5822,#5823,#5824,#5825,
#5826,#5827,#5828,#5829,#5830,#5831,#5832,#5833,#5834,#5835,#5836,#5837,
#5838,#5839,#5840,#5841,#5842,#5843,#5844,#5845,#5846,#5847,#5848,#5849,
#5850,#5851));
#5985=CLOSED_SHELL('',(#5852,#5853,#5854,#5855,#5856,#5857,#5858,#5859,
#5860,#5861,#5862,#5863,#5864,#5865,#5866));
#5986=CLOSED_SHELL('',(#5867,#5868,#5869,#5870,#5871,#5872,#5873,#5874,
#5875,#5876,#5877,#5878,#5879,#5880,#5881,#5882,#5883,#5884,#5885,#5886,
#5887,#5888,#5889,#5890,#5891,#5892,#5893,#5894,#5895,#5896,#5897,#5898));
#5987=CLOSED_SHELL('',(#5899,#5900,#5901,#5902,#5903,#5904,#5905,#5906,
#5907,#5908,#5909,#5910,#5911,#5912,#5913,#5914,#5915,#5916,#5917,#5918,
#5919,#5920,#5921,#5922,#5923,#5924));
#5988=CLOSED_SHELL('',(#5925,#5926,#5927,#5928,#5929,#5930,#5931,#5932,
#5933,#5934));
#5989=CLOSED_SHELL('',(#5935,#5936,#5937,#5938,#5939,#5940,#5941,#5942,
#5943,#5944,#5945,#5946,#5947));
#5990=CLOSED_SHELL('',(#5948,#5949,#5950,#5951,#5952,#5953,#5954,#5955,
#5956,#5957,#5958,#5959,#5960,#5961,#5962,#5963,#5964,#5965,#5966,#5967,
#5968,#5969,#5970,#5971,#5972,#5973,#5974,#5975,#5976,#5977,#5978,#5979,
#5980,#5981,#5982,#5983));
#5991=DERIVED_UNIT_ELEMENT(#5993,1.);
#5992=DERIVED_UNIT_ELEMENT(#10585,-3.);
#5993=(
MASS_UNIT()
NAMED_UNIT(*)
SI_UNIT(.KILO.,.GRAM.)
);
#5994=DERIVED_UNIT((#5991,#5992));
#5995=MEASURE_REPRESENTATION_ITEM('density measure',
POSITIVE_RATIO_MEASURE(7850.),#5994);
#5996=PROPERTY_DEFINITION_REPRESENTATION(#6001,#5998);
#5997=PROPERTY_DEFINITION_REPRESENTATION(#6002,#5999);
#5998=REPRESENTATION('material name',(#6000),#10582);
#5999=REPRESENTATION('density',(#5995),#10582);
#6000=DESCRIPTIVE_REPRESENTATION_ITEM('Steel','Steel');
#6001=PROPERTY_DEFINITION('material property','material name',#10592);
#6002=PROPERTY_DEFINITION('material property','density of part',#10592);
#6003=AXIS2_PLACEMENT_3D('',#7251,#6219,#6220);
#6004=AXIS2_PLACEMENT_3D('',#7252,#6221,#6222);
#6005=AXIS2_PLACEMENT_3D('',#7261,#6227,#6228);
#6006=AXIS2_PLACEMENT_3D('',#7267,#6232,#6233);
#6007=AXIS2_PLACEMENT_3D('',#7276,#6238,#6239);
#6008=AXIS2_PLACEMENT_3D('',#7286,#6245,#6246);
#6009=AXIS2_PLACEMENT_3D('',#7295,#6251,#6252);
#6010=AXIS2_PLACEMENT_3D('',#7307,#6259,#6260);
#6011=AXIS2_PLACEMENT_3D('',#7319,#6266,#6267);
#6012=AXIS2_PLACEMENT_3D('',#7322,#6269,#6270);
#6013=AXIS2_PLACEMENT_3D('',#7323,#6271,#6272);
#6014=AXIS2_PLACEMENT_3D('',#7329,#6276,#6277);
#6015=AXIS2_PLACEMENT_3D('',#7339,#6283,#6284);
#6016=AXIS2_PLACEMENT_3D('',#7341,#6285,#6286);
#6017=AXIS2_PLACEMENT_3D('',#7343,#6288,#6289);
#6018=AXIS2_PLACEMENT_3D('',#7345,#6290,#6291);
#6019=AXIS2_PLACEMENT_3D('',#7347,#6293,#6294);
#6020=AXIS2_PLACEMENT_3D('',#7349,#6295,#6296);
#6021=AXIS2_PLACEMENT_3D('',#7352,#6298,#6299);
#6022=AXIS2_PLACEMENT_3D('',#7353,#6300,#6301);
#6023=AXIS2_PLACEMENT_3D('',#7359,#6305,#6306);
#6024=AXIS2_PLACEMENT_3D('',#7360,#6307,#6308);
#6025=AXIS2_PLACEMENT_3D('',#7361,#6309,#6310);
#6026=AXIS2_PLACEMENT_3D('',#7494,#6317,#6318);
#6027=AXIS2_PLACEMENT_3D('',#7499,#6320,#6321);
#6028=AXIS2_PLACEMENT_3D('',#7502,#6323,#6324);
#6029=AXIS2_PLACEMENT_3D('',#7758,#6330,#6331);
#6030=AXIS2_PLACEMENT_3D('',#7764,#6335,#6336);
#6031=AXIS2_PLACEMENT_3D('',#7795,#6339,#6340);
#6032=AXIS2_PLACEMENT_3D('',#7796,#6341,#6342);
#6033=AXIS2_PLACEMENT_3D('',#7833,#6353,#6354);
#6034=AXIS2_PLACEMENT_3D('',#7839,#6358,#6359);
#6035=AXIS2_PLACEMENT_3D('',#7845,#6363,#6364);
#6036=AXIS2_PLACEMENT_3D('',#7851,#6368,#6369);
#6037=AXIS2_PLACEMENT_3D('',#7857,#6373,#6374);
#6038=AXIS2_PLACEMENT_3D('',#7860,#6375,#6376);
#6039=AXIS2_PLACEMENT_3D('',#7868,#6381,#6382);
#6040=AXIS2_PLACEMENT_3D('',#7922,#6388,#6389);
#6041=AXIS2_PLACEMENT_3D('',#7976,#6396,#6397);
#6042=AXIS2_PLACEMENT_3D('',#7985,#6402,#6403);
#6043=AXIS2_PLACEMENT_3D('',#8064,#6407,#6408);
#6044=AXIS2_PLACEMENT_3D('',#8123,#6413,#6414);
#6045=AXIS2_PLACEMENT_3D('',#8132,#6419,#6420);
#6046=AXIS2_PLACEMENT_3D('',#8179,#6424,#6425);
#6047=AXIS2_PLACEMENT_3D('',#8219,#6428,#6429);
#6048=AXIS2_PLACEMENT_3D('',#8230,#6437,#6438);
#6049=AXIS2_PLACEMENT_3D('',#8234,#6441,#6442);
#6050=AXIS2_PLACEMENT_3D('',#8235,#6443,#6444);
#6051=AXIS2_PLACEMENT_3D('',#8237,#6446,#6447);
#6052=AXIS2_PLACEMENT_3D('',#8291,#6475,#6476);
#6053=AXIS2_PLACEMENT_3D('',#8312,#6489,#6490);
#6054=AXIS2_PLACEMENT_3D('',#8316,#6493,#6494);
#6055=AXIS2_PLACEMENT_3D('',#8330,#6500,#6501);
#6056=AXIS2_PLACEMENT_3D('',#8335,#6503,#6504);
#6057=AXIS2_PLACEMENT_3D('',#8344,#6510,#6511);
#6058=AXIS2_PLACEMENT_3D('',#8357,#6516,#6517);
#6059=AXIS2_PLACEMENT_3D('',#8363,#6521,#6522);
#6060=AXIS2_PLACEMENT_3D('',#8372,#6525,#6526);
#6061=AXIS2_PLACEMENT_3D('',#8376,#6529,#6530);
#6062=AXIS2_PLACEMENT_3D('',#8378,#6531,#6532);
#6063=AXIS2_PLACEMENT_3D('',#8380,#6534,#6535);
#6064=AXIS2_PLACEMENT_3D('',#8385,#6537,#6538);
#6065=AXIS2_PLACEMENT_3D('',#8388,#6540,#6541);
#6066=AXIS2_PLACEMENT_3D('',#8389,#6542,#6543);
#6067=AXIS2_PLACEMENT_3D('',#8395,#6547,#6548);
#6068=AXIS2_PLACEMENT_3D('',#8399,#6552,#6553);
#6069=AXIS2_PLACEMENT_3D('',#8407,#6558,#6559);
#6070=AXIS2_PLACEMENT_3D('',#8416,#6564,#6565);
#6071=AXIS2_PLACEMENT_3D('',#8422,#6569,#6570);
#6072=AXIS2_PLACEMENT_3D('',#8428,#6574,#6575);
#6073=AXIS2_PLACEMENT_3D('',#8431,#6578,#6579);
#6074=AXIS2_PLACEMENT_3D('',#8437,#6583,#6584);
#6075=AXIS2_PLACEMENT_3D('',#8441,#6586,#6587);
#6076=AXIS2_PLACEMENT_3D('',#8444,#6590,#6591);
#6077=AXIS2_PLACEMENT_3D('',#8445,#6592,#6593);
#6078=AXIS2_PLACEMENT_3D('',#8454,#6598,#6599);
#6079=AXIS2_PLACEMENT_3D('',#8460,#6603,#6604);
#6080=AXIS2_PLACEMENT_3D('',#8466,#6608,#6609);
#6081=AXIS2_PLACEMENT_3D('',#8469,#6612,#6613);
#6082=AXIS2_PLACEMENT_3D('',#8475,#6617,#6618);
#6083=AXIS2_PLACEMENT_3D('',#8479,#6620,#6621);
#6084=AXIS2_PLACEMENT_3D('',#8482,#6624,#6625);
#6085=AXIS2_PLACEMENT_3D('',#8483,#6626,#6627);
#6086=AXIS2_PLACEMENT_3D('',#8492,#6632,#6633);
#6087=AXIS2_PLACEMENT_3D('',#8498,#6637,#6638);
#6088=AXIS2_PLACEMENT_3D('',#8504,#6642,#6643);
#6089=AXIS2_PLACEMENT_3D('',#8507,#6646,#6647);
#6090=AXIS2_PLACEMENT_3D('',#8513,#6651,#6652);
#6091=AXIS2_PLACEMENT_3D('',#8517,#6654,#6655);
#6092=AXIS2_PLACEMENT_3D('',#8520,#6658,#6659);
#6093=AXIS2_PLACEMENT_3D('',#8521,#6660,#6661);
#6094=AXIS2_PLACEMENT_3D('',#8525,#6664,#6665);
#6095=AXIS2_PLACEMENT_3D('',#8527,#6666,#6667);
#6096=AXIS2_PLACEMENT_3D('',#8529,#6669,#6670);
#6097=AXIS2_PLACEMENT_3D('',#8531,#6672,#6673);
#6098=AXIS2_PLACEMENT_3D('',#8533,#6675,#6676);
#6099=AXIS2_PLACEMENT_3D('',#8539,#6680,#6681);
#6100=AXIS2_PLACEMENT_3D('',#8543,#6684,#6685);
#6101=AXIS2_PLACEMENT_3D('',#8545,#6686,#6687);
#6102=AXIS2_PLACEMENT_3D('',#8547,#6689,#6690);
#6103=AXIS2_PLACEMENT_3D('',#8549,#6692,#6693);
#6104=AXIS2_PLACEMENT_3D('',#8551,#6695,#6696);
#6105=AXIS2_PLACEMENT_3D('',#8557,#6700,#6701);
#6106=AXIS2_PLACEMENT_3D('',#8561,#6704,#6705);
#6107=AXIS2_PLACEMENT_3D('',#8563,#6706,#6707);
#6108=AXIS2_PLACEMENT_3D('',#8565,#6709,#6710);
#6109=AXIS2_PLACEMENT_3D('',#8567,#6712,#6713);
#6110=AXIS2_PLACEMENT_3D('',#8569,#6715,#6716);
#6111=AXIS2_PLACEMENT_3D('',#8575,#6720,#6721);
#6112=AXIS2_PLACEMENT_3D('',#8577,#6723,#6724);
#6113=AXIS2_PLACEMENT_3D('',#8579,#6726,#6727);
#6114=AXIS2_PLACEMENT_3D('',#8581,#6729,#6730);
#6115=AXIS2_PLACEMENT_3D('',#8583,#6732,#6733);
#6116=AXIS2_PLACEMENT_3D('',#8585,#6735,#6736);
#6117=AXIS2_PLACEMENT_3D('',#8586,#6737,#6738);
#6118=AXIS2_PLACEMENT_3D('',#8587,#6739,#6740);
#6119=AXIS2_PLACEMENT_3D('',#8588,#6741,#6742);
#6120=AXIS2_PLACEMENT_3D('',#8592,#6745,#6746);
#6121=AXIS2_PLACEMENT_3D('',#8596,#6749,#6750);
#6122=AXIS2_PLACEMENT_3D('',#8598,#6752,#6753);
#6123=AXIS2_PLACEMENT_3D('',#8602,#6756,#6757);
#6124=AXIS2_PLACEMENT_3D('',#8606,#6760,#6761);
#6125=AXIS2_PLACEMENT_3D('',#8608,#6763,#6764);
#6126=AXIS2_PLACEMENT_3D('',#8609,#6765,#6766);
#6127=AXIS2_PLACEMENT_3D('',#8610,#6767,#6768);
#6128=AXIS2_PLACEMENT_3D('',#8614,#6771,#6772);
#6129=AXIS2_PLACEMENT_3D('',#8618,#6775,#6776);
#6130=AXIS2_PLACEMENT_3D('',#8620,#6778,#6779);
#6131=AXIS2_PLACEMENT_3D('',#8631,#6783,#6784);
#6132=AXIS2_PLACEMENT_3D('',#8660,#6785,#6786);
#6133=AXIS2_PLACEMENT_3D('',#8661,#6787,#6788);
#6134=AXIS2_PLACEMENT_3D('',#8671,#6794,#6795);
#6135=AXIS2_PLACEMENT_3D('',#8677,#6799,#6800);
#6136=AXIS2_PLACEMENT_3D('',#8681,#6803,#6804);
#6137=AXIS2_PLACEMENT_3D('',#8685,#6807,#6808);
#6138=AXIS2_PLACEMENT_3D('',#8689,#6811,#6812);
#6139=AXIS2_PLACEMENT_3D('',#8693,#6815,#6816);
#6140=AXIS2_PLACEMENT_3D('',#8697,#6819,#6820);
#6141=AXIS2_PLACEMENT_3D('',#8702,#6824,#6825);
#6142=AXIS2_PLACEMENT_3D('',#8706,#6828,#6829);
#6143=AXIS2_PLACEMENT_3D('',#8711,#6833,#6834);
#6144=AXIS2_PLACEMENT_3D('',#8715,#6837,#6838);
#6145=AXIS2_PLACEMENT_3D('',#8722,#6843,#6844);
#6146=AXIS2_PLACEMENT_3D('',#8738,#6854,#6855);
#6147=AXIS2_PLACEMENT_3D('',#8749,#6862,#6863);
#6148=AXIS2_PLACEMENT_3D('',#8757,#6868,#6869);
#6149=AXIS2_PLACEMENT_3D('',#8765,#6874,#6875);
#6150=AXIS2_PLACEMENT_3D('',#8768,#6878,#6879);
#6151=AXIS2_PLACEMENT_3D('',#8772,#6882,#6883);
#6152=AXIS2_PLACEMENT_3D('',#8778,#6887,#6888);
#6153=AXIS2_PLACEMENT_3D('',#8784,#6892,#6893);
#6154=AXIS2_PLACEMENT_3D('',#8786,#6895,#6896);
#6155=AXIS2_PLACEMENT_3D('',#8788,#6898,#6899);
#6156=AXIS2_PLACEMENT_3D('',#8794,#6903,#6904);
#6157=AXIS2_PLACEMENT_3D('',#8796,#6906,#6907);
#6158=AXIS2_PLACEMENT_3D('',#8806,#6913,#6914);
#6159=AXIS2_PLACEMENT_3D('',#8828,#6926,#6927);
#6160=AXIS2_PLACEMENT_3D('',#8834,#6931,#6932);
#6161=AXIS2_PLACEMENT_3D('',#8838,#6935,#6936);
#6162=AXIS2_PLACEMENT_3D('',#8844,#6940,#6941);
#6163=AXIS2_PLACEMENT_3D('',#8848,#6944,#6945);
#6164=AXIS2_PLACEMENT_3D('',#8854,#6949,#6950);
#6165=AXIS2_PLACEMENT_3D('',#8858,#6953,#6954);
#6166=AXIS2_PLACEMENT_3D('',#8862,#6957,#6958);
#6167=AXIS2_PLACEMENT_3D('',#8864,#6960,#6961);
#6168=AXIS2_PLACEMENT_3D('',#8868,#6964,#6965);
#6169=AXIS2_PLACEMENT_3D('',#8870,#6967,#6968);
#6170=AXIS2_PLACEMENT_3D('',#8874,#6971,#6972);
#6171=AXIS2_PLACEMENT_3D('',#8876,#6974,#6975);
#6172=AXIS2_PLACEMENT_3D('',#8905,#6981,#6982);
#6173=AXIS2_PLACEMENT_3D('',#8907,#6984,#6985);
#6174=AXIS2_PLACEMENT_3D('',#8939,#6989,#6990);
#6175=AXIS2_PLACEMENT_3D('',#8953,#6992,#6993);
#6176=AXIS2_PLACEMENT_3D('',#8954,#6994,#6995);
#6177=AXIS2_PLACEMENT_3D('',#8955,#6996,#6997);
#6178=AXIS2_PLACEMENT_3D('',#8956,#6998,#6999);
#6179=AXIS2_PLACEMENT_3D('',#8958,#7001,#7002);
#6180=AXIS2_PLACEMENT_3D('',#8960,#7004,#7005);
#6181=AXIS2_PLACEMENT_3D('',#8962,#7007,#7008);
#6182=AXIS2_PLACEMENT_3D('',#8972,#7010,#7011);
#6183=AXIS2_PLACEMENT_3D('',#8974,#7013,#7014);
#6184=AXIS2_PLACEMENT_3D('',#8975,#7015,#7016);
#6185=AXIS2_PLACEMENT_3D('',#9044,#7025,#7026);
#6186=AXIS2_PLACEMENT_3D('',#9050,#7030,#7031);
#6187=AXIS2_PLACEMENT_3D('',#9056,#7035,#7036);
#6188=AXIS2_PLACEMENT_3D('',#9134,#7044,#7045);
#6189=AXIS2_PLACEMENT_3D('',#9135,#7046,#7047);
#6190=AXIS2_PLACEMENT_3D('',#9229,#7055,#7056);
#6191=AXIS2_PLACEMENT_3D('',#9235,#7060,#7061);
#6192=AXIS2_PLACEMENT_3D('',#9331,#7071,#7072);
#6193=AXIS2_PLACEMENT_3D('',#9337,#7076,#7077);
#6194=AXIS2_PLACEMENT_3D('',#9358,#7082,#7083);
#6195=AXIS2_PLACEMENT_3D('',#9454,#7093,#7094);
#6196=AXIS2_PLACEMENT_3D('',#9532,#7102,#7103);
#6197=AXIS2_PLACEMENT_3D('',#9533,#7104,#7105);
#6198=AXIS2_PLACEMENT_3D('',#9894,#7130,#7131);
#6199=AXIS2_PLACEMENT_3D('',#9895,#7132,#7133);
#6200=AXIS2_PLACEMENT_3D('',#10016,#7142,#7143);
#6201=AXIS2_PLACEMENT_3D('',#10017,#7144,#7145);
#6202=AXIS2_PLACEMENT_3D('',#10018,#7146,#7147);
#6203=AXIS2_PLACEMENT_3D('',#10027,#7152,#7153);
#6204=AXIS2_PLACEMENT_3D('',#10033,#7157,#7158);
#6205=AXIS2_PLACEMENT_3D('',#10039,#7162,#7163);
#6206=AXIS2_PLACEMENT_3D('',#10045,#7167,#7168);
#6207=AXIS2_PLACEMENT_3D('',#10051,#7172,#7173);
#6208=AXIS2_PLACEMENT_3D('',#10057,#7177,#7178);
#6209=AXIS2_PLACEMENT_3D('',#10063,#7182,#7183);
#6210=AXIS2_PLACEMENT_3D('',#10069,#7187,#7188);
#6211=AXIS2_PLACEMENT_3D('',#10075,#7192,#7193);
#6212=AXIS2_PLACEMENT_3D('',#10081,#7197,#7198);
#6213=AXIS2_PLACEMENT_3D('',#10084,#7201,#7202);
#6214=AXIS2_PLACEMENT_3D('',#10085,#7203,#7204);
#6215=AXIS2_PLACEMENT_3D('',#10254,#7217,#7218);
#6216=AXIS2_PLACEMENT_3D('',#10500,#7238,#7239);
#6217=AXIS2_PLACEMENT_3D('',#10578,#7247,#7248);
#6218=AXIS2_PLACEMENT_3D('',#10579,#7249,#7250);
#6219=DIRECTION('axis',(0.,0.,1.));
#6220=DIRECTION('refdir',(1.,0.,0.));
#6221=DIRECTION('center_axis',(-0.707106781186548,0.,0.707106781186548));
#6222=DIRECTION('ref_axis',(0.707106781186548,0.,0.707106781186548));
#6223=DIRECTION('',(-0.57734624321793,-0.577358321048796,-0.57734624321793));
#6224=DIRECTION('',(0.,1.,0.));
#6225=DIRECTION('',(0.577352748046201,-0.577345311444546,0.577352748046201));
#6226=DIRECTION('',(0.,-1.,0.));
#6227=DIRECTION('center_axis',(0.,0.,-1.));
#6228=DIRECTION('ref_axis',(-1.,0.,0.));
#6229=DIRECTION('',(-0.707099385042949,-0.707114177252785,0.));
#6230=DIRECTION('',(0.,-1.,0.));
#6231=DIRECTION('',(0.707111335151529,-0.707102227192238,0.));
#6232=DIRECTION('center_axis',(-0.707106781186548,0.,-0.707106781186547));
#6233=DIRECTION('ref_axis',(-0.707106781186547,0.,0.707106781186548));
#6234=DIRECTION('',(-0.577352748046201,0.577345311444545,0.577352748046201));
#6235=DIRECTION('',(0.,-1.,0.));
#6236=DIRECTION('',(0.57734624321793,0.577358321048796,-0.577346243217931));
#6237=DIRECTION('',(0.,1.,0.));
#6238=DIRECTION('center_axis',(0.,0.,1.));
#6239=DIRECTION('ref_axis',(1.,0.,0.));
#6240=DIRECTION('',(-0.707111335151529,0.707102227192238,0.));
#6241=DIRECTION('',(-1.,0.,0.));
#6242=DIRECTION('',(-2.07790197384458E-17,1.,0.));
#6243=DIRECTION('',(0.999975447749722,-0.00700741733760738,0.));
#6244=DIRECTION('',(0.707099385042949,0.707114177252785,0.));
#6245=DIRECTION('center_axis',(-0.707106781186547,7.84381293709668E-15,
0.707106781186548));
#6246=DIRECTION('ref_axis',(0.707106781186548,0.,0.707106781186547));
#6247=DIRECTION('',(-0.707106781186548,0.,-0.707106781186547));
#6248=DIRECTION('',(0.,-1.,1.10928266363597E-14));
#6249=DIRECTION('',(0.707106781186548,0.,0.707106781186547));
#6250=DIRECTION('',(0.,1.,-1.10928266363597E-14));
#6251=DIRECTION('center_axis',(0.,-1.,0.));
#6252=DIRECTION('ref_axis',(0.,0.,1.));
#6253=DIRECTION('',(0.,0.,1.));
#6254=DIRECTION('',(-1.,0.,0.));
#6255=DIRECTION('',(0.,0.,-1.));
#6256=DIRECTION('',(1.,0.,0.));
#6257=DIRECTION('',(0.,0.,1.));
#6258=DIRECTION('',(-1.,0.,0.));
#6259=DIRECTION('center_axis',(-1.,0.,0.));
#6260=DIRECTION('ref_axis',(0.,0.,1.));
#6261=DIRECTION('',(0.,0.,-1.));
#6262=DIRECTION('',(0.,-1.,0.));
#6263=DIRECTION('',(0.,0.,1.));
#6264=DIRECTION('',(0.,-1.,-1.10928266363599E-14));
#6265=DIRECTION('',(0.,0.,-1.));
#6266=DIRECTION('center_axis',(-1.,0.,0.));
#6267=DIRECTION('ref_axis',(0.,-0.707106781186555,-0.70710678118654));
#6268=DIRECTION('',(0.,1.,0.));
#6269=DIRECTION('center_axis',(-1.,0.,0.));
#6270=DIRECTION('ref_axis',(0.,0.707106781186555,-0.70710678118654));
#6271=DIRECTION('center_axis',(-0.707106781186547,-7.84381293709688E-15,
0.707106781186548));
#6272=DIRECTION('ref_axis',(0.707106781186548,0.,0.707106781186547));
#6273=DIRECTION('',(0.707106781186548,0.,0.707106781186547));
#6274=DIRECTION('',(0.,1.,1.10928266363599E-14));
#6275=DIRECTION('',(-0.707106781186548,0.,-0.707106781186547));
#6276=DIRECTION('center_axis',(0.,1.,0.));
#6277=DIRECTION('ref_axis',(0.,0.,-1.));
#6278=DIRECTION('',(-1.,0.,0.));
#6279=DIRECTION('',(0.,0.,-1.));
#6280=DIRECTION('',(-1.,0.,0.));
#6281=DIRECTION('',(0.,0.,1.));
#6282=DIRECTION('',(1.,0.,0.));
#6283=DIRECTION('center_axis',(1.,0.,0.));
#6284=DIRECTION('ref_axis',(0.,-0.707106781186555,-0.70710678118654));
#6285=DIRECTION('center_axis',(1.,0.,0.));
#6286=DIRECTION('ref_axis',(0.,-0.707106781186555,-0.70710678118654));
#6287=DIRECTION('',(-1.,0.,0.));
#6288=DIRECTION('center_axis',(-1.,0.,0.));
#6289=DIRECTION('ref_axis',(0.,0.707106781186555,-0.70710678118654));
#6290=DIRECTION('center_axis',(1.,0.,0.));
#6291=DIRECTION('ref_axis',(0.,0.707106781186555,-0.70710678118654));
#6292=DIRECTION('',(1.,0.,0.));
#6293=DIRECTION('center_axis',(1.,0.,0.));
#6294=DIRECTION('ref_axis',(0.,-0.707106781186554,0.707106781186541));
#6295=DIRECTION('center_axis',(-1.,0.,0.));
#6296=DIRECTION('ref_axis',(0.,-0.707106781186554,0.707106781186541));
#6297=DIRECTION('',(1.,0.,0.));
#6298=DIRECTION('center_axis',(1.,0.,0.));
#6299=DIRECTION('ref_axis',(0.,-0.707106781186554,0.707106781186541));
#6300=DIRECTION('center_axis',(0.,0.,1.));
#6301=DIRECTION('ref_axis',(0.,1.,0.));
#6302=DIRECTION('',(0.,-1.,0.));
#6303=DIRECTION('',(-1.,0.,0.));
#6304=DIRECTION('',(0.,1.,0.));
#6305=DIRECTION('center_axis',(1.,0.,0.));
#6306=DIRECTION('ref_axis',(0.,0.707106781186554,0.707106781186541));
#6307=DIRECTION('center_axis',(-1.,0.,0.));
#6308=DIRECTION('ref_axis',(0.,0.707106781186554,0.707106781186541));
#6309=DIRECTION('center_axis',(1.,0.,0.));
#6310=DIRECTION('ref_axis',(0.,0.707106781186554,0.707106781186541));
#6311=DIRECTION('',(0.706649905499696,0.0241900380877576,0.707149738820982));
#6312=DIRECTION('',(-0.725306607002063,0.635425446429492,-0.264886443347023));
#6313=DIRECTION('',(-0.706696176491068,-0.0240938608966752,-0.707106781186545));
#6314=DIRECTION('',(0.707076663720409,0.00652622571049723,0.707106781186542));
#6315=DIRECTION('',(-0.707067533372194,-0.00785647803932155,-0.707102382264251));
#6316=DIRECTION('',(0.706963278968724,0.377536809557877,0.598054244712508));
#6317=DIRECTION('center_axis',(1.,0.,0.));
#6318=DIRECTION('ref_axis',(0.,9.66724810557977E-15,-1.));
#6319=DIRECTION('',(0.707106781186547,0.454898547454541,-0.541356916944588));
#6320=DIRECTION('center_axis',(1.,0.,0.));
#6321=DIRECTION('ref_axis',(0.,9.66724810557977E-15,-1.));
#6322=DIRECTION('',(-0.707106781186547,-0.454898547454542,-0.541356916944588));
#6323=DIRECTION('center_axis',(-1.,0.,0.));
#6324=DIRECTION('ref_axis',(0.,9.66724810557977E-15,-1.));
#6325=DIRECTION('',(-0.70696327942777,-0.377536809688785,0.598054244087229));
#6326=DIRECTION('',(0.707067533372168,0.00785647803854807,-0.707102382264286));
#6327=DIRECTION('',(0.706696176491068,0.0240938608967081,-0.707106781186545));
#6328=DIRECTION('',(-0.707076663720409,-0.00652622571053016,0.707106781186541));
#6329=DIRECTION('',(-0.706649905499688,-0.0241900380877414,0.707149738820991));
#6330=DIRECTION('center_axis',(0.,-1.22435810192309E-14,1.));
#6331=DIRECTION('ref_axis',(0.,1.,1.22435810192309E-14));
#6332=DIRECTION('',(1.,0.,0.));
#6333=DIRECTION('',(0.,1.,1.22435810192309E-14));
#6334=DIRECTION('',(1.,0.,0.));
#6335=DIRECTION('center_axis',(-1.,0.,0.));
#6336=DIRECTION('ref_axis',(0.,-1.93344962111592E-14,1.));
#6337=DIRECTION('',(1.,0.,0.));
#6338=DIRECTION('',(-1.,0.,0.));
#6339=DIRECTION('center_axis',(-1.,0.,0.));
#6340=DIRECTION('ref_axis',(0.,-1.93344962111592E-14,1.));
#6341=DIRECTION('center_axis',(1.,0.,0.));
#6342=DIRECTION('ref_axis',(0.,1.,0.));
#6343=DIRECTION('',(0.,0.,1.));
#6344=DIRECTION('',(0.,-1.,0.));
#6345=DIRECTION('',(0.,0.,1.));
#6346=DIRECTION('',(0.,-1.,0.));
#6347=DIRECTION('',(0.,0.,1.));
#6348=DIRECTION('',(0.,0.,1.));
#6349=DIRECTION('',(0.,-1.,0.));
#6350=DIRECTION('',(0.,0.,-1.));
#6351=DIRECTION('',(0.,1.,0.));
#6352=DIRECTION('',(0.,0.,1.));
#6353=DIRECTION('center_axis',(0.70710678118655,0.,0.707106781186545));
#6354=DIRECTION('ref_axis',(0.707106781186545,0.,-0.70710678118655));
#6355=DIRECTION('',(0.577350269189626,0.577350269189621,-0.57735026918963));
#6356=DIRECTION('',(0.,-1.,0.));
#6357=DIRECTION('',(-0.577350269189613,0.577350269189646,0.577350269189618));
#6358=DIRECTION('center_axis',(0.,0.,-1.));
#6359=DIRECTION('ref_axis',(-1.,0.,0.));
#6360=DIRECTION('',(0.70710678118655,0.707106781186545,0.));
#6361=DIRECTION('',(0.,1.,0.));
#6362=DIRECTION('',(-0.707106781186527,0.707106781186568,0.));
#6363=DIRECTION('center_axis',(0.707106781186551,0.,-0.707106781186544));
#6364=DIRECTION('ref_axis',(-0.707106781186544,0.,-0.707106781186551));
#6365=DIRECTION('',(0.577350269189613,-0.577350269189646,0.577350269189618));
#6366=DIRECTION('',(0.,1.,0.));
#6367=DIRECTION('',(-0.577350269189626,-0.577350269189621,-0.57735026918963));
#6368=DIRECTION('center_axis',(0.,0.,-1.));
#6369=DIRECTION('ref_axis',(1.,0.,0.));
#6370=DIRECTION('',(0.707106781186527,-0.707106781186568,0.));
#6371=DIRECTION('',(0.,-1.,0.));
#6372=DIRECTION('',(0.70710678118655,0.707106781186545,0.));
#6373=DIRECTION('center_axis',(1.,0.,0.));
#6374=DIRECTION('ref_axis',(0.,1.,0.));
#6375=DIRECTION('center_axis',(-1.,0.,0.));
#6376=DIRECTION('ref_axis',(0.,9.66724810557977E-15,-1.));
#6377=DIRECTION('',(0.,1.,0.));
#6378=DIRECTION('',(0.,0.,1.));
#6379=DIRECTION('',(0.,1.,0.));
#6380=DIRECTION('',(0.,0.,1.));
#6381=DIRECTION('center_axis',(-1.,0.,0.));
#6382=DIRECTION('ref_axis',(0.,1.,0.));
#6383=DIRECTION('',(0.,-1.,0.));
#6384=DIRECTION('',(0.,0.,1.));
#6385=DIRECTION('',(0.,-1.,0.));
#6386=DIRECTION('',(0.,0.,1.));
#6387=DIRECTION('',(0.,0.,1.));
#6388=DIRECTION('center_axis',(0.,0.,1.));
#6389=DIRECTION('ref_axis',(-1.,0.,0.));
#6390=DIRECTION('',(-1.,0.,0.));
#6391=DIRECTION('',(0.,1.,0.));
#6392=DIRECTION('',(0.,1.,0.));
#6393=DIRECTION('',(1.,0.,0.));
#6394=DIRECTION('',(0.,-1.,0.));
#6395=DIRECTION('',(0.,0.,1.));
#6396=DIRECTION('center_axis',(-1.,-1.07484278301753E-15,0.));
#6397=DIRECTION('ref_axis',(1.07484278301753E-15,-1.,0.));
#6398=DIRECTION('',(1.07484278301753E-15,-1.,0.));
#6399=DIRECTION('',(0.,0.,1.));
#6400=DIRECTION('',(1.07484278301753E-15,-1.,0.));
#6401=DIRECTION('',(0.,0.,1.));
#6402=DIRECTION('center_axis',(0.,1.,0.));
#6403=DIRECTION('ref_axis',(-1.,0.,0.));
#6404=DIRECTION('',(-1.,0.,0.));
#6405=DIRECTION('',(-1.,0.,0.));
#6406=DIRECTION('',(0.,0.,1.));
#6407=DIRECTION('center_axis',(1.,0.,0.));
#6408=DIRECTION('ref_axis',(0.,1.,0.));
#6409=DIRECTION('',(0.,1.,0.));
#6410=DIRECTION('',(0.,0.,1.));
#6411=DIRECTION('',(0.,1.,0.));
#6412=DIRECTION('',(0.,0.,1.));
#6413=DIRECTION('center_axis',(0.,-1.,0.));
#6414=DIRECTION('ref_axis',(1.,0.,0.));
#6415=DIRECTION('',(0.,0.,1.));
#6416=DIRECTION('',(1.,0.,0.));
#6417=DIRECTION('',(0.,0.,1.));
#6418=DIRECTION('',(1.,0.,0.));
#6419=DIRECTION('center_axis',(1.,0.,0.));
#6420=DIRECTION('ref_axis',(0.,1.,0.));
#6421=DIRECTION('',(0.,1.,0.));
#6422=DIRECTION('',(0.,0.,1.));
#6423=DIRECTION('',(0.,1.,0.));
#6424=DIRECTION('center_axis',(-1.,0.,0.));
#6425=DIRECTION('ref_axis',(0.,-1.,0.));
#6426=DIRECTION('',(0.,-1.,0.));
#6427=DIRECTION('',(0.,0.,1.));
#6428=DIRECTION('center_axis',(0.,0.,1.));
#6429=DIRECTION('ref_axis',(-1.,0.,0.));
#6430=DIRECTION('',(1.,0.,0.));
#6431=DIRECTION('',(0.,1.,0.));
#6432=DIRECTION('',(1.,0.,0.));
#6433=DIRECTION('',(0.,-1.,0.));
#6434=DIRECTION('',(0.,-1.,0.));
#6435=DIRECTION('',(1.,0.,0.));
#6436=DIRECTION('',(1.,0.,0.));
#6437=DIRECTION('center_axis',(1.,0.,0.));
#6438=DIRECTION('ref_axis',(0.,-1.,0.));
#6439=DIRECTION('',(0.,1.,0.));
#6440=DIRECTION('',(0.,0.,1.));
#6441=DIRECTION('center_axis',(-1.,0.,0.));
#6442=DIRECTION('ref_axis',(0.,9.66724810557977E-15,-1.));
#6443=DIRECTION('center_axis',(-1.,0.,0.));
#6444=DIRECTION('ref_axis',(0.,9.66724810557977E-15,-1.));
#6445=DIRECTION('',(-1.,0.,0.));
#6446=DIRECTION('center_axis',(0.,-1.,0.));
#6447=DIRECTION('ref_axis',(1.,0.,0.));
#6448=DIRECTION('',(0.,0.,1.));
#6449=DIRECTION('',(-1.,0.,0.));
#6450=DIRECTION('',(0.,0.,1.));
#6451=DIRECTION('',(0.,0.,-1.));
#6452=DIRECTION('',(-1.,0.,0.));
#6453=DIRECTION('',(0.,0.,1.));
#6454=DIRECTION('',(1.,0.,0.));
#6455=DIRECTION('',(0.,0.,1.));
#6456=DIRECTION('',(-1.,0.,0.));
#6457=DIRECTION('',(0.,0.,1.));
#6458=DIRECTION('',(1.,0.,0.));
#6459=DIRECTION('',(0.,0.,-1.));
#6460=DIRECTION('',(-1.,0.,0.));
#6461=DIRECTION('',(0.,0.,1.));
#6462=DIRECTION('',(1.,0.,0.));
#6463=DIRECTION('',(0.,0.,1.));
#6464=DIRECTION('',(-1.,0.,0.));
#6465=DIRECTION('',(0.,0.,1.));
#6466=DIRECTION('',(1.,0.,0.));
#6467=DIRECTION('',(0.,0.,-1.));
#6468=DIRECTION('',(-1.,0.,0.));
#6469=DIRECTION('',(0.,0.,1.));
#6470=DIRECTION('',(1.,0.,0.));
#6471=DIRECTION('',(0.,0.,1.));
#6472=DIRECTION('',(-1.,0.,0.));
#6473=DIRECTION('',(0.,0.,1.));
#6474=DIRECTION('',(1.,0.,0.));
#6475=DIRECTION('center_axis',(-1.,0.,0.));
#6476=DIRECTION('ref_axis',(0.,-1.,0.));
#6477=DIRECTION('',(0.,-1.,0.));
#6478=DIRECTION('',(0.,0.,-1.));
#6479=DIRECTION('',(0.,1.,0.));
#6480=DIRECTION('',(0.,0.,1.));
#6481=DIRECTION('',(0.,1.,0.));
#6482=DIRECTION('',(0.,0.,1.));
#6483=DIRECTION('',(0.,0.,-1.));
#6484=DIRECTION('',(0.,-1.,-1.10928266363599E-14));
#6485=DIRECTION('',(0.,0.,-1.));
#6486=DIRECTION('',(0.,1.,0.));
#6487=DIRECTION('',(0.,0.,1.));
#6488=DIRECTION('',(0.,-1.,1.10928266363597E-14));
#6489=DIRECTION('center_axis',(0.,0.,1.));
#6490=DIRECTION('ref_axis',(1.,0.,0.));
#6491=DIRECTION('',(1.,0.,0.));
#6492=DIRECTION('',(0.328135055225808,-0.944630819702573,0.));
#6493=DIRECTION('center_axis',(0.,0.,1.));
#6494=DIRECTION('ref_axis',(1.,0.,0.));
#6495=DIRECTION('',(-1.,0.,0.));
#6496=DIRECTION('',(8.32992656225228E-16,-1.,0.));
#6497=DIRECTION('',(-1.,0.,0.));
#6498=DIRECTION('',(0.,1.,0.));
#6499=DIRECTION('',(-1.,0.,0.));
#6500=DIRECTION('center_axis',(-1.,0.,0.));
#6501=DIRECTION('ref_axis',(0.,-1.,0.));
#6502=DIRECTION('',(0.,0.,1.));
#6503=DIRECTION('center_axis',(-1.,0.,0.));
#6504=DIRECTION('ref_axis',(0.,-0.991195366146275,-0.132407500279072));
#6505=DIRECTION('',(0.,0.,1.));
#6506=DIRECTION('',(0.,1.,0.));
#6507=DIRECTION('',(0.,0.,1.));
#6508=DIRECTION('',(0.,0.,1.));
#6509=DIRECTION('',(0.,-1.,0.));
#6510=DIRECTION('center_axis',(0.,-1.,0.));
#6511=DIRECTION('ref_axis',(0.,0.,1.));
#6512=DIRECTION('',(1.,0.,0.));
#6513=DIRECTION('',(-1.,0.,0.));
#6514=DIRECTION('',(0.,0.,1.));
#6515=DIRECTION('',(1.,0.,0.));
#6516=DIRECTION('center_axis',(0.,1.,0.));
#6517=DIRECTION('ref_axis',(0.,0.,-1.));
#6518=DIRECTION('',(0.,0.,-1.));
#6519=DIRECTION('',(-1.,0.,0.));
#6520=DIRECTION('',(-1.,0.,0.));
#6521=DIRECTION('center_axis',(0.,0.,1.));
#6522=DIRECTION('ref_axis',(1.,0.,0.));
#6523=DIRECTION('',(-1.,0.,0.));
#6524=DIRECTION('',(0.,-1.,0.));
#6525=DIRECTION('center_axis',(0.,0.,1.));
#6526=DIRECTION('ref_axis',(0.,1.,0.));
#6527=DIRECTION('',(0.,1.,0.));
#6528=DIRECTION('',(-1.,0.,0.));
#6529=DIRECTION('center_axis',(-1.,0.,0.));
#6530=DIRECTION('ref_axis',(0.,-0.991195366146275,-0.132407500279072));
#6531=DIRECTION('center_axis',(1.,0.,0.));
#6532=DIRECTION('ref_axis',(0.,-0.991195366146275,-0.132407500279072));
#6533=DIRECTION('',(-1.,2.04272865616404E-17,0.));
#6534=DIRECTION('center_axis',(-1.,0.,0.));
#6535=DIRECTION('ref_axis',(0.,-1.,0.));
#6536=DIRECTION('',(-1.,0.,0.));
#6537=DIRECTION('center_axis',(1.,0.,0.));
#6538=DIRECTION('ref_axis',(0.,-1.,0.));
#6539=DIRECTION('',(1.,0.,0.));
#6540=DIRECTION('center_axis',(1.,0.,0.));
#6541=DIRECTION('ref_axis',(0.,-1.,0.));
#6542=DIRECTION('center_axis',(0.,0.,-1.));
#6543=DIRECTION('ref_axis',(0.,-1.,0.));
#6544=DIRECTION('',(-1.,0.,0.));
#6545=DIRECTION('',(0.,1.,0.));
#6546=DIRECTION('',(0.,1.,0.));
#6547=DIRECTION('center_axis',(0.,1.,0.));
#6548=DIRECTION('ref_axis',(0.,0.,-1.));
#6549=DIRECTION('',(0.,0.,-1.));
#6550=DIRECTION('',(0.,0.,1.));
#6551=DIRECTION('',(0.,0.,-1.));
#6552=DIRECTION('center_axis',(0.,0.,1.));
#6553=DIRECTION('ref_axis',(1.,0.,0.));
#6554=DIRECTION('',(-5.55111512312579E-16,-1.,0.));
#6555=DIRECTION('',(1.,0.,0.));
#6556=DIRECTION('',(0.,-1.,0.));
#6557=DIRECTION('',(1.,0.,0.));
#6558=DIRECTION('center_axis',(0.707106781186542,0.707106781186553,0.));
#6559=DIRECTION('ref_axis',(0.,0.,-1.));
#6560=DIRECTION('',(0.,0.,1.));
#6561=DIRECTION('',(0.577350269189628,-0.57735026918962,0.577350269189629));
#6562=DIRECTION('',(0.,0.,-1.));
#6563=DIRECTION('',(-0.577350269189628,0.577350269189619,0.57735026918963));
#6564=DIRECTION('center_axis',(0.,0.707106781186543,0.707106781186552));
#6565=DIRECTION('ref_axis',(1.,0.,0.));
#6566=DIRECTION('',(1.,0.,0.));
#6567=DIRECTION('',(-1.,0.,0.));
#6568=DIRECTION('',(-0.577350269189623,-0.577350269189631,0.577350269189624));
#6569=DIRECTION('center_axis',(-0.707106781186553,0.707106781186542,0.));
#6570=DIRECTION('ref_axis',(0.,0.,1.));
#6571=DIRECTION('',(0.,0.,1.));
#6572=DIRECTION('',(0.,0.,-1.));
#6573=DIRECTION('',(0.577350269189628,0.577350269189619,0.57735026918963));
#6574=DIRECTION('center_axis',(0.,0.707106781186554,-0.707106781186541));
#6575=DIRECTION('ref_axis',(-1.,0.,0.));
#6576=DIRECTION('',(1.,0.,0.));
#6577=DIRECTION('',(-1.,0.,0.));
#6578=DIRECTION('center_axis',(0.,0.,-1.));
#6579=DIRECTION('ref_axis',(0.,-1.,0.));
#6580=DIRECTION('',(0.,-1.,0.));
#6581=DIRECTION('',(-1.,0.,0.));
#6582=DIRECTION('',(0.,-1.,0.));
#6583=DIRECTION('center_axis',(-1.,0.,0.));
#6584=DIRECTION('ref_axis',(0.,-1.,0.));
#6585=DIRECTION('',(0.,-1.,0.));
#6586=DIRECTION('center_axis',(-1.,0.,0.));
#6587=DIRECTION('ref_axis',(0.,-0.238777899965818,-0.971074206478534));
#6588=DIRECTION('',(0.,1.,0.));
#6589=DIRECTION('',(0.,-0.99982506671343,-0.0187039025736813));
#6590=DIRECTION('center_axis',(0.,1.,0.));
#6591=DIRECTION('ref_axis',(0.,0.,-1.));
#6592=DIRECTION('center_axis',(0.707106781186542,0.707106781186553,0.));
#6593=DIRECTION('ref_axis',(0.,0.,-1.));
#6594=DIRECTION('',(0.,0.,1.));
#6595=DIRECTION('',(0.577350269189628,-0.57735026918962,0.577350269189629));
#6596=DIRECTION('',(0.,0.,-1.));
#6597=DIRECTION('',(-0.577350269189628,0.577350269189619,0.57735026918963));
#6598=DIRECTION('center_axis',(0.,0.707106781186543,0.707106781186552));
#6599=DIRECTION('ref_axis',(1.,0.,0.));
#6600=DIRECTION('',(1.,0.,0.));
#6601=DIRECTION('',(-1.,0.,0.));
#6602=DIRECTION('',(-0.577350269189623,-0.577350269189631,0.577350269189624));
#6603=DIRECTION('center_axis',(-0.707106781186553,0.707106781186542,0.));
#6604=DIRECTION('ref_axis',(0.,0.,1.));
#6605=DIRECTION('',(0.,0.,1.));
#6606=DIRECTION('',(0.,0.,-1.));
#6607=DIRECTION('',(0.577350269189628,0.577350269189619,0.57735026918963));
#6608=DIRECTION('center_axis',(0.,0.707106781186554,-0.707106781186541));
#6609=DIRECTION('ref_axis',(-1.,0.,0.));
#6610=DIRECTION('',(1.,0.,0.));
#6611=DIRECTION('',(-1.,0.,0.));
#6612=DIRECTION('center_axis',(0.,0.,-1.));
#6613=DIRECTION('ref_axis',(0.,-1.,0.));
#6614=DIRECTION('',(0.,-1.,0.));
#6615=DIRECTION('',(-1.,0.,0.));
#6616=DIRECTION('',(0.,-1.,0.));
#6617=DIRECTION('center_axis',(-1.,0.,0.));
#6618=DIRECTION('ref_axis',(0.,-1.,0.));
#6619=DIRECTION('',(0.,-1.,0.));
#6620=DIRECTION('center_axis',(-1.,0.,0.));
#6621=DIRECTION('ref_axis',(0.,-0.238777899965818,-0.971074206478534));
#6622=DIRECTION('',(0.,1.,0.));
#6623=DIRECTION('',(0.,-0.99982506671343,-0.0187039025736813));
#6624=DIRECTION('center_axis',(0.,1.,0.));
#6625=DIRECTION('ref_axis',(0.,0.,-1.));
#6626=DIRECTION('center_axis',(0.707106781186542,0.707106781186553,0.));
#6627=DIRECTION('ref_axis',(0.,0.,-1.));
#6628=DIRECTION('',(0.,0.,1.));
#6629=DIRECTION('',(0.577350269189628,-0.57735026918962,0.577350269189629));
#6630=DIRECTION('',(0.,0.,-1.));
#6631=DIRECTION('',(-0.577350269189628,0.577350269189619,0.57735026918963));
#6632=DIRECTION('center_axis',(0.,0.707106781186543,0.707106781186552));
#6633=DIRECTION('ref_axis',(1.,0.,0.));
#6634=DIRECTION('',(1.,0.,0.));
#6635=DIRECTION('',(-1.,0.,0.));
#6636=DIRECTION('',(-0.577350269189623,-0.577350269189631,0.577350269189624));
#6637=DIRECTION('center_axis',(-0.707106781186553,0.707106781186542,0.));
#6638=DIRECTION('ref_axis',(0.,0.,1.));
#6639=DIRECTION('',(0.,0.,1.));
#6640=DIRECTION('',(0.,0.,-1.));
#6641=DIRECTION('',(0.577350269189628,0.577350269189619,0.57735026918963));
#6642=DIRECTION('center_axis',(0.,0.707106781186554,-0.707106781186541));
#6643=DIRECTION('ref_axis',(-1.,0.,0.));
#6644=DIRECTION('',(1.,0.,0.));
#6645=DIRECTION('',(-1.,0.,0.));
#6646=DIRECTION('center_axis',(0.,0.,-1.));
#6647=DIRECTION('ref_axis',(0.,-1.,0.));
#6648=DIRECTION('',(0.,-1.,0.));
#6649=DIRECTION('',(-1.,0.,0.));
#6650=DIRECTION('',(0.,-1.,0.));
#6651=DIRECTION('center_axis',(-1.,0.,0.));
#6652=DIRECTION('ref_axis',(0.,-1.,0.));
#6653=DIRECTION('',(0.,-1.,0.));
#6654=DIRECTION('center_axis',(-1.,0.,0.));
#6655=DIRECTION('ref_axis',(0.,-0.238777899965818,-0.971074206478534));
#6656=DIRECTION('',(0.,1.,0.));
#6657=DIRECTION('',(0.,-0.99982506671343,-0.0187039025736813));
#6658=DIRECTION('center_axis',(0.,1.,0.));
#6659=DIRECTION('ref_axis',(0.,0.,-1.));
#6660=DIRECTION('center_axis',(0.,0.,1.));
#6661=DIRECTION('ref_axis',(0.,1.,0.));
#6662=DIRECTION('',(0.,1.,0.));
#6663=DIRECTION('',(-1.,0.,0.));
#6664=DIRECTION('center_axis',(-1.,0.,0.));
#6665=DIRECTION('ref_axis',(0.,-0.238777899965818,-0.971074206478534));
#6666=DIRECTION('center_axis',(1.,0.,0.));
#6667=DIRECTION('ref_axis',(0.,-0.238777899965818,-0.971074206478534));
#6668=DIRECTION('',(-1.,0.,0.));
#6669=DIRECTION('center_axis',(0.,0.0187039025736813,-0.99982506671343));
#6670=DIRECTION('ref_axis',(0.,-0.99982506671343,-0.0187039025736813));
#6671=DIRECTION('',(0.,-0.99982506671343,-0.0187039025736813));
#6672=DIRECTION('center_axis',(-1.,0.,0.));
#6673=DIRECTION('ref_axis',(0.,-1.,0.));
#6674=DIRECTION('',(0.,-1.,0.));
#6675=DIRECTION('center_axis',(0.,0.,-1.));
#6676=DIRECTION('ref_axis',(1.,0.,0.));
#6677=DIRECTION('',(0.,-1.,0.));
#6678=DIRECTION('',(-1.,0.,0.));
#6679=DIRECTION('',(0.,1.,0.));
#6680=DIRECTION('center_axis',(0.,0.,1.));
#6681=DIRECTION('ref_axis',(0.,1.,0.));
#6682=DIRECTION('',(0.,1.,0.));
#6683=DIRECTION('',(-1.,0.,0.));
#6684=DIRECTION('center_axis',(-1.,0.,0.));
#6685=DIRECTION('ref_axis',(0.,-0.238777899965818,-0.971074206478534));
#6686=DIRECTION('center_axis',(1.,0.,0.));
#6687=DIRECTION('ref_axis',(0.,-0.238777899965818,-0.971074206478534));
#6688=DIRECTION('',(-1.,0.,0.));
#6689=DIRECTION('center_axis',(0.,0.0187039025736813,-0.99982506671343));
#6690=DIRECTION('ref_axis',(0.,-0.99982506671343,-0.0187039025736813));
#6691=DIRECTION('',(0.,-0.99982506671343,-0.0187039025736813));
#6692=DIRECTION('center_axis',(-1.,0.,0.));
#6693=DIRECTION('ref_axis',(0.,-1.,0.));
#6694=DIRECTION('',(0.,-1.,0.));
#6695=DIRECTION('center_axis',(0.,0.,-1.));
#6696=DIRECTION('ref_axis',(1.,0.,0.));
#6697=DIRECTION('',(0.,-1.,0.));
#6698=DIRECTION('',(-1.,0.,0.));
#6699=DIRECTION('',(0.,1.,0.));
#6700=DIRECTION('center_axis',(0.,0.,1.));
#6701=DIRECTION('ref_axis',(0.,1.,0.));
#6702=DIRECTION('',(0.,1.,0.));
#6703=DIRECTION('',(-1.,0.,0.));
#6704=DIRECTION('center_axis',(-1.,0.,0.));
#6705=DIRECTION('ref_axis',(0.,-0.238777899965818,-0.971074206478534));
#6706=DIRECTION('center_axis',(1.,0.,0.));
#6707=DIRECTION('ref_axis',(0.,-0.238777899965818,-0.971074206478534));
#6708=DIRECTION('',(-1.,0.,0.));
#6709=DIRECTION('center_axis',(0.,0.0187039025736813,-0.99982506671343));
#6710=DIRECTION('ref_axis',(0.,-0.99982506671343,-0.0187039025736813));
#6711=DIRECTION('',(0.,-0.99982506671343,-0.0187039025736813));
#6712=DIRECTION('center_axis',(-1.,0.,0.));
#6713=DIRECTION('ref_axis',(0.,-1.,0.));
#6714=DIRECTION('',(0.,-1.,0.));
#6715=DIRECTION('center_axis',(0.,0.,-1.));
#6716=DIRECTION('ref_axis',(1.,0.,0.));
#6717=DIRECTION('',(0.,-1.,0.));
#6718=DIRECTION('',(-1.,0.,0.));
#6719=DIRECTION('',(0.,1.,0.));
#6720=DIRECTION('center_axis',(0.,1.10928266363597E-14,1.));
#6721=DIRECTION('ref_axis',(0.,1.,-1.10928266363597E-14));
#6722=DIRECTION('',(-1.,0.,0.));
#6723=DIRECTION('center_axis',(0.,1.,0.));
#6724=DIRECTION('ref_axis',(0.,0.,-1.));
#6725=DIRECTION('',(-1.,0.,0.));
#6726=DIRECTION('center_axis',(0.,0.,-1.));
#6727=DIRECTION('ref_axis',(0.,-1.,0.));
#6728=DIRECTION('',(-1.,0.,0.));
#6729=DIRECTION('center_axis',(0.,0.,1.));
#6730=DIRECTION('ref_axis',(0.,1.,0.));
#6731=DIRECTION('',(0.,-1.,0.));
#6732=DIRECTION('center_axis',(0.,-1.10928266363599E-14,1.));
#6733=DIRECTION('ref_axis',(0.,1.,1.10928266363599E-14));
#6734=DIRECTION('',(-1.,0.,0.));
#6735=DIRECTION('center_axis',(0.,-1.,0.));
#6736=DIRECTION('ref_axis',(0.,0.,1.));
#6737=DIRECTION('center_axis',(0.,1.2243581019231E-14,-1.));
#6738=DIRECTION('ref_axis',(0.,-1.,-1.2243581019231E-14));
#6739=DIRECTION('center_axis',(1.,0.,0.));
#6740=DIRECTION('ref_axis',(0.,1.,0.));
#6741=DIRECTION('center_axis',(-1.,0.,0.));
#6742=DIRECTION('ref_axis',(0.,1.,0.));
#6743=DIRECTION('',(0.,0.,-1.));
#6744=DIRECTION('',(0.,-1.,0.));
#6745=DIRECTION('center_axis',(0.,0.,-1.));
#6746=DIRECTION('ref_axis',(-1.,0.,0.));
#6747=DIRECTION('',(1.,0.,0.));
#6748=DIRECTION('',(0.,1.,0.));
#6749=DIRECTION('center_axis',(1.,0.,0.));
#6750=DIRECTION('ref_axis',(0.,-1.,0.));
#6751=DIRECTION('',(0.,0.,1.));
#6752=DIRECTION('center_axis',(-1.,0.,0.));
#6753=DIRECTION('ref_axis',(0.,1.,0.));
#6754=DIRECTION('',(0.,0.,-1.));
#6755=DIRECTION('',(0.,-1.,0.));
#6756=DIRECTION('center_axis',(0.,0.,-1.));
#6757=DIRECTION('ref_axis',(-1.,0.,0.));
#6758=DIRECTION('',(1.,0.,0.));
#6759=DIRECTION('',(0.,1.,0.));
#6760=DIRECTION('center_axis',(1.,0.,0.));
#6761=DIRECTION('ref_axis',(0.,-1.,0.));
#6762=DIRECTION('',(0.,0.,1.));
#6763=DIRECTION('center_axis',(-0.707106781186568,-0.707106781186527,0.));
#6764=DIRECTION('ref_axis',(-0.707106781186527,0.707106781186568,0.));
#6765=DIRECTION('center_axis',(-0.707106781186545,0.70710678118655,0.));
#6766=DIRECTION('ref_axis',(0.70710678118655,0.707106781186545,0.));
#6767=DIRECTION('center_axis',(-1.,0.,0.));
#6768=DIRECTION('ref_axis',(0.,1.,0.));
#6769=DIRECTION('',(0.,0.,-1.));
#6770=DIRECTION('',(0.,-1.,0.));
#6771=DIRECTION('center_axis',(0.,0.,-1.));
#6772=DIRECTION('ref_axis',(-1.,0.,0.));
#6773=DIRECTION('',(1.,0.,0.));
#6774=DIRECTION('',(0.,1.,0.));
#6775=DIRECTION('center_axis',(1.,0.,0.));
#6776=DIRECTION('ref_axis',(0.,-1.,0.));
#6777=DIRECTION('',(0.,0.,1.));
#6778=DIRECTION('center_axis',(0.,1.,0.));
#6779=DIRECTION('ref_axis',(0.,0.,-1.));
#6780=DIRECTION('',(-1.,0.,0.));
#6781=DIRECTION('',(0.,0.,-1.));
#6782=DIRECTION('',(-1.,0.,0.));
#6783=DIRECTION('center_axis',(-1.,0.,0.));
#6784=DIRECTION('ref_axis',(0.,1.,0.));
#6785=DIRECTION('center_axis',(-1.,5.55111512312579E-16,0.));
#6786=DIRECTION('ref_axis',(0.,1.,0.));
#6787=DIRECTION('center_axis',(0.,0.,1.));
#6788=DIRECTION('ref_axis',(1.,0.,0.));
#6789=DIRECTION('',(0.,1.,0.));
#6790=DIRECTION('',(-1.,0.,0.));
#6791=DIRECTION('',(0.,1.,0.));
#6792=DIRECTION('',(-1.,0.,0.));
#6793=DIRECTION('',(-5.55111512312579E-16,-1.,0.));
#6794=DIRECTION('center_axis',(-1.,5.55111512312579E-16,0.));
#6795=DIRECTION('ref_axis',(5.55111512312579E-16,1.,0.));
#6796=DIRECTION('',(0.,0.,-1.));
#6797=DIRECTION('',(-5.55111512312579E-16,-1.,0.));
#6798=DIRECTION('',(0.,0.,-1.));
#6799=DIRECTION('center_axis',(0.,1.,0.));
#6800=DIRECTION('ref_axis',(1.,0.,0.));
#6801=DIRECTION('',(0.,0.,-1.));
#6802=DIRECTION('',(-1.,0.,0.));
#6803=DIRECTION('center_axis',(0.,-1.,0.));
#6804=DIRECTION('ref_axis',(-1.,0.,0.));
#6805=DIRECTION('',(1.,0.,0.));
#6806=DIRECTION('',(0.,0.,-1.));
#6807=DIRECTION('center_axis',(-1.,0.,0.));
#6808=DIRECTION('ref_axis',(0.,1.,0.));
#6809=DIRECTION('',(0.,-1.,0.));
#6810=DIRECTION('',(0.,0.,1.));
#6811=DIRECTION('center_axis',(1.,0.,0.));
#6812=DIRECTION('ref_axis',(0.,-1.,0.));
#6813=DIRECTION('',(0.,0.,-1.));
#6814=DIRECTION('',(0.,1.,0.));
#6815=DIRECTION('center_axis',(0.,1.,0.));
#6816=DIRECTION('ref_axis',(1.,0.,0.));
#6817=DIRECTION('',(0.,0.,-1.));
#6818=DIRECTION('',(-1.,0.,0.));
#6819=DIRECTION('center_axis',(0.707102227192238,0.707111335151529,0.));
#6820=DIRECTION('ref_axis',(0.707111335151529,-0.707102227192238,0.));
#6821=DIRECTION('',(0.,0.,1.));
#6822=DIRECTION('',(0.,0.,-1.));
#6823=DIRECTION('',(0.,0.,1.));
#6824=DIRECTION('center_axis',(0.,1.,0.));
#6825=DIRECTION('ref_axis',(1.,0.,0.));
#6826=DIRECTION('',(-1.,0.,0.));
#6827=DIRECTION('',(0.,0.,-1.));
#6828=DIRECTION('center_axis',(0.707114177252785,-0.707099385042949,0.));
#6829=DIRECTION('ref_axis',(-0.707099385042949,-0.707114177252785,0.));
#6830=DIRECTION('',(0.,0.,-1.));
#6831=DIRECTION('',(0.,0.,-1.));
#6832=DIRECTION('',(0.,0.,1.));
#6833=DIRECTION('center_axis',(-0.00700741733760738,-0.999975447749722,
0.));
#6834=DIRECTION('ref_axis',(-0.999975447749722,0.00700741733760738,0.));
#6835=DIRECTION('',(0.999975447749722,-0.00700741733760738,0.));
#6836=DIRECTION('',(0.,0.,1.));
#6837=DIRECTION('center_axis',(1.,0.,0.));
#6838=DIRECTION('ref_axis',(0.,1.,0.));
#6839=DIRECTION('',(0.,0.,1.));
#6840=DIRECTION('',(0.,-1.,0.));
#6841=DIRECTION('',(0.,-1.,0.));
#6842=DIRECTION('',(0.,0.,1.));
#6843=DIRECTION('center_axis',(0.,0.,1.));
#6844=DIRECTION('ref_axis',(1.,0.,0.));
#6845=DIRECTION('',(2.07790197384458E-17,-1.,0.));
#6846=DIRECTION('',(1.,1.70967934494731E-16,0.));
#6847=DIRECTION('',(0.,1.,0.));
#6848=DIRECTION('',(1.,0.,-4.00913870003529E-15));
#6849=DIRECTION('',(0.,1.,0.));
#6850=DIRECTION('',(1.,0.,0.));
#6851=DIRECTION('',(0.328135055225808,-0.944630819702573,0.));
#6852=DIRECTION('',(-1.,0.,0.));
#6853=DIRECTION('',(1.,-2.04272865616404E-17,0.));
#6854=DIRECTION('center_axis',(0.,0.,1.));
#6855=DIRECTION('ref_axis',(1.,0.,0.));
#6856=DIRECTION('',(-1.,0.,0.));
#6857=DIRECTION('',(0.,1.,0.));
#6858=DIRECTION('',(1.,0.,0.));
#6859=DIRECTION('',(-7.89497386287643E-16,-1.,0.));
#6860=DIRECTION('',(1.,0.,-4.00913870003529E-15));
#6861=DIRECTION('',(2.07790197384458E-17,-1.,0.));
#6862=DIRECTION('center_axis',(1.,0.,0.));
#6863=DIRECTION('ref_axis',(0.,1.,0.));
#6864=DIRECTION('',(0.,0.,-1.));
#6865=DIRECTION('',(0.,-1.,0.));
#6866=DIRECTION('',(0.,1.,0.));
#6867=DIRECTION('',(0.,0.,1.));
#6868=DIRECTION('center_axis',(-1.,7.89497386287643E-16,0.));
#6869=DIRECTION('ref_axis',(-7.89497386287643E-16,-1.,0.));
#6870=DIRECTION('',(0.,0.,1.));
#6871=DIRECTION('',(0.,0.,-1.));
#6872=DIRECTION('',(-7.89497386287643E-16,-1.,0.));
#6873=DIRECTION('',(7.89497386287643E-16,1.,-3.1652045249425E-30));
#6874=DIRECTION('center_axis',(0.,0.,1.));
#6875=DIRECTION('ref_axis',(1.,0.,0.));
#6876=DIRECTION('',(1.,8.54839672473653E-17,-4.00913870003529E-15));
#6877=DIRECTION('',(-1.,0.,0.));
#6878=DIRECTION('center_axis',(0.,1.,0.));
#6879=DIRECTION('ref_axis',(-1.,0.,0.));
#6880=DIRECTION('',(0.,0.,1.));
#6881=DIRECTION('',(1.,0.,0.));
#6882=DIRECTION('center_axis',(-4.00913870003529E-15,0.,-1.));
#6883=DIRECTION('ref_axis',(0.,-1.,0.));
#6884=DIRECTION('',(1.,8.54839672473653E-17,-4.00913870003529E-15));
#6885=DIRECTION('',(-2.07790197384458E-17,1.,8.33059721822E-32));
#6886=DIRECTION('',(-1.,0.,4.00913870003529E-15));
#6887=DIRECTION('center_axis',(-4.00913870003529E-15,0.,-1.));
#6888=DIRECTION('ref_axis',(0.,-1.,0.));
#6889=DIRECTION('',(-1.,0.,4.00913870003529E-15));
#6890=DIRECTION('',(0.,-1.,0.));
#6891=DIRECTION('',(1.,8.54839672473653E-17,-4.00913870003529E-15));
#6892=DIRECTION('center_axis',(0.,-1.,0.));
#6893=DIRECTION('ref_axis',(4.00913870003529E-15,0.,1.));
#6894=DIRECTION('',(0.,0.,1.));
#6895=DIRECTION('center_axis',(0.,-1.,0.));
#6896=DIRECTION('ref_axis',(4.00913870003529E-15,0.,1.));
#6897=DIRECTION('',(0.,0.,-1.));
#6898=DIRECTION('center_axis',(1.,2.07790197384458E-17,0.));
#6899=DIRECTION('ref_axis',(-2.07790197384458E-17,1.,0.));
#6900=DIRECTION('',(0.,0.,1.));
#6901=DIRECTION('',(2.07790197384458E-17,-1.,0.));
#6902=DIRECTION('',(0.,0.,1.));
#6903=DIRECTION('center_axis',(-0.944630819702574,-0.328135055225808,0.));
#6904=DIRECTION('ref_axis',(0.,0.,1.));
#6905=DIRECTION('',(0.,0.,1.));
#6906=DIRECTION('center_axis',(0.,0.,1.));
#6907=DIRECTION('ref_axis',(1.,0.,0.));
#6908=DIRECTION('',(0.,-1.,0.));
#6909=DIRECTION('',(0.,1.,0.));
#6910=DIRECTION('',(-1.,0.,0.));
#6911=DIRECTION('',(0.,-1.,0.));
#6912=DIRECTION('',(1.,0.,0.));
#6913=DIRECTION('center_axis',(0.,0.,1.));
#6914=DIRECTION('ref_axis',(1.,0.,0.));
#6915=DIRECTION('',(1.,1.70967934494731E-16,0.));
#6916=DIRECTION('',(-1.,-8.54839672473653E-17,0.));
#6917=DIRECTION('',(0.,1.,0.));
#6918=DIRECTION('',(-1.,0.,0.));
#6919=DIRECTION('',(1.62670040238118E-16,-1.,0.));
#6920=DIRECTION('',(1.,0.,0.));
#6921=DIRECTION('',(0.,1.,0.));
#6922=DIRECTION('',(-1.,9.007894723125E-17,0.));
#6923=DIRECTION('',(9.71445146547011E-16,-1.,0.));
#6924=DIRECTION('',(1.,9.007894723125E-17,0.));
#6925=DIRECTION('',(0.,1.,0.));
#6926=DIRECTION('center_axis',(0.,1.,0.));
#6927=DIRECTION('ref_axis',(-1.,0.,0.));
#6928=DIRECTION('',(1.,0.,0.));
#6929=DIRECTION('',(0.,0.,1.));
#6930=DIRECTION('',(0.,0.,1.));
#6931=DIRECTION('center_axis',(-1.,0.,0.));
#6932=DIRECTION('ref_axis',(0.,-1.,0.));
#6933=DIRECTION('',(0.,1.,0.));
#6934=DIRECTION('',(0.,0.,1.));
#6935=DIRECTION('center_axis',(-1.,0.,0.));
#6936=DIRECTION('ref_axis',(0.,-1.,0.));
#6937=DIRECTION('',(0.,1.,0.));
#6938=DIRECTION('',(0.,0.,1.));
#6939=DIRECTION('',(0.,0.,1.));
#6940=DIRECTION('center_axis',(0.,-1.,0.));
#6941=DIRECTION('ref_axis',(1.,0.,0.));
#6942=DIRECTION('',(-1.,0.,0.));
#6943=DIRECTION('',(0.,0.,1.));
#6944=DIRECTION('center_axis',(-1.,0.,0.));
#6945=DIRECTION('ref_axis',(0.,-1.,0.));
#6946=DIRECTION('',(0.,1.,0.));
#6947=DIRECTION('',(0.,0.,1.));
#6948=DIRECTION('',(0.,0.,1.));
#6949=DIRECTION('center_axis',(-9.007894723125E-17,-1.,0.));
#6950=DIRECTION('ref_axis',(1.,-9.007894723125E-17,0.));
#6951=DIRECTION('',(-1.,9.007894723125E-17,0.));
#6952=DIRECTION('',(0.,0.,1.));
#6953=DIRECTION('center_axis',(0.,-1.,0.));
#6954=DIRECTION('ref_axis',(1.,0.,0.));
#6955=DIRECTION('',(-1.,0.,0.));
#6956=DIRECTION('',(0.,0.,1.));
#6957=DIRECTION('center_axis',(1.,0.,0.));
#6958=DIRECTION('ref_axis',(0.,1.,0.));
#6959=DIRECTION('',(0.,-1.,0.));
#6960=DIRECTION('center_axis',(1.,1.62670040238118E-16,0.));
#6961=DIRECTION('ref_axis',(-1.62670040238118E-16,1.,0.));
#6962=DIRECTION('',(1.62670040238118E-16,-1.,0.));
#6963=DIRECTION('',(0.,0.,1.));
#6964=DIRECTION('center_axis',(0.,1.,0.));
#6965=DIRECTION('ref_axis',(-1.,0.,0.));
#6966=DIRECTION('',(1.,0.,0.));
#6967=DIRECTION('center_axis',(1.,9.71445146547011E-16,0.));
#6968=DIRECTION('ref_axis',(-9.71445146547011E-16,1.,0.));
#6969=DIRECTION('',(9.71445146547011E-16,-1.,0.));
#6970=DIRECTION('',(0.,0.,1.));
#6971=DIRECTION('center_axis',(-9.007894723125E-17,1.,0.));
#6972=DIRECTION('ref_axis',(-1.,-9.007894723125E-17,0.));
#6973=DIRECTION('',(1.,9.007894723125E-17,0.));
#6974=DIRECTION('center_axis',(0.,0.,1.));
#6975=DIRECTION('ref_axis',(1.,0.,0.));
#6976=DIRECTION('',(-8.32992656225228E-16,1.,0.));
#6977=DIRECTION('',(0.,1.,0.));
#6978=DIRECTION('',(-1.,0.,0.));
#6979=DIRECTION('',(0.,-1.,0.));
#6980=DIRECTION('',(1.,0.,0.));
#6981=DIRECTION('center_axis',(-1.70967934494731E-16,1.,0.));
#6982=DIRECTION('ref_axis',(-1.,-1.70967934494731E-16,0.));
#6983=DIRECTION('',(0.,0.,1.));
#6984=DIRECTION('center_axis',(-1.,0.,0.));
#6985=DIRECTION('ref_axis',(0.,-1.,0.));
#6986=DIRECTION('',(0.,0.,1.));
#6987=DIRECTION('',(0.,0.,1.));
#6988=DIRECTION('',(0.,0.,1.));
#6989=DIRECTION('center_axis',(8.54839672473653E-17,-1.,0.));
#6990=DIRECTION('ref_axis',(1.,8.54839672473653E-17,0.));
#6991=DIRECTION('',(0.,0.,1.));
#6992=DIRECTION('center_axis',(1.,0.,0.));
#6993=DIRECTION('ref_axis',(0.,1.,0.));
#6994=DIRECTION('center_axis',(0.,-1.,0.));
#6995=DIRECTION('ref_axis',(1.,0.,0.));
#6996=DIRECTION('center_axis',(2.04272865616404E-17,1.,0.));
#6997=DIRECTION('ref_axis',(-1.,2.04272865616404E-17,0.));
#6998=DIRECTION('center_axis',(1.,0.,0.));
#6999=DIRECTION('ref_axis',(0.,1.,0.));
#7000=DIRECTION('',(0.,0.,1.));
#7001=DIRECTION('center_axis',(0.,-1.,0.));
#7002=DIRECTION('ref_axis',(1.,0.,0.));
#7003=DIRECTION('',(0.,0.,1.));
#7004=DIRECTION('center_axis',(-1.,0.,0.));
#7005=DIRECTION('ref_axis',(0.,-1.,0.));
#7006=DIRECTION('',(0.,0.,1.));
#7007=DIRECTION('center_axis',(0.,-1.,0.));
#7008=DIRECTION('ref_axis',(1.,0.,0.));
#7009=DIRECTION('',(0.,0.,1.));
#7010=DIRECTION('center_axis',(-1.,-8.32992656225228E-16,0.));
#7011=DIRECTION('ref_axis',(8.32992656225228E-16,-1.,0.));
#7012=DIRECTION('',(0.,0.,1.));
#7013=DIRECTION('center_axis',(0.,1.,0.));
#7014=DIRECTION('ref_axis',(-1.,0.,0.));
#7015=DIRECTION('center_axis',(0.921567180474998,0.388218922608574,0.));
#7016=DIRECTION('ref_axis',(0.388218922608574,-0.921567180474998,0.));
#7017=DIRECTION('',(0.388218922608574,-0.921567180474998,0.));
#7018=DIRECTION('',(0.,0.,-1.));
#7019=DIRECTION('',(0.388218922608574,-0.921567180474998,0.));
#7020=DIRECTION('',(0.,0.,-1.));
#7021=DIRECTION('',(0.,0.,-1.));
#7022=DIRECTION('',(0.,0.,-1.));
#7023=DIRECTION('',(0.,0.,-1.));
#7024=DIRECTION('',(0.,0.,-1.));
#7025=DIRECTION('center_axis',(1.,0.,0.));
#7026=DIRECTION('ref_axis',(0.,-1.,0.));
#7027=DIRECTION('',(0.,-1.,0.));
#7028=DIRECTION('',(0.,-1.,0.));
#7029=DIRECTION('',(0.,0.,-1.));
#7030=DIRECTION('center_axis',(0.,1.,0.));
#7031=DIRECTION('ref_axis',(1.,0.,0.));
#7032=DIRECTION('',(1.,0.,0.));
#7033=DIRECTION('',(1.,0.,0.));
#7034=DIRECTION('',(0.,0.,-1.));
#7035=DIRECTION('center_axis',(-1.,0.,0.));
#7036=DIRECTION('ref_axis',(0.,1.,0.));
#7037=DIRECTION('',(0.,1.,0.));
#7038=DIRECTION('',(0.,1.,0.));
#7039=DIRECTION('',(0.,0.,-1.));
#7040=DIRECTION('',(0.,0.,-1.));
#7041=DIRECTION('',(0.,0.,-1.));
#7042=DIRECTION('',(0.,0.,-1.));
#7043=DIRECTION('',(0.,0.,-1.));
#7044=DIRECTION('center_axis',(0.,0.,1.));
#7045=DIRECTION('ref_axis',(-1.,0.,0.));
#7046=DIRECTION('center_axis',(0.,0.,1.));
#7047=DIRECTION('ref_axis',(-1.,0.,0.));
#7048=DIRECTION('',(0.,0.,-1.));
#7049=DIRECTION('',(0.,0.,-1.));
#7050=DIRECTION('',(0.,0.,-1.));
#7051=DIRECTION('',(0.,0.,-1.));
#7052=DIRECTION('',(0.,0.,-1.));
#7053=DIRECTION('',(0.,0.,-1.));
#7054=DIRECTION('',(0.,0.,-1.));
#7055=DIRECTION('center_axis',(-0.637667342617552,0.770311859027933,0.));
#7056=DIRECTION('ref_axis',(0.770311859027933,0.637667342617552,0.));
#7057=DIRECTION('',(-0.770311859027933,-0.637667342617552,0.));
#7058=DIRECTION('',(0.770311859027933,0.637667342617552,0.));
#7059=DIRECTION('',(0.,0.,-1.));
#7060=DIRECTION('center_axis',(1.,0.,0.));
#7061=DIRECTION('ref_axis',(0.,-1.,0.));
#7062=DIRECTION('',(0.,1.,0.));
#7063=DIRECTION('',(0.,-1.,0.));
#7064=DIRECTION('',(0.,0.,-1.));
#7065=DIRECTION('',(0.,0.,-1.));
#7066=DIRECTION('',(0.,0.,-1.));
#7067=DIRECTION('',(0.,0.,-1.));
#7068=DIRECTION('',(0.,0.,-1.));
#7069=DIRECTION('',(0.,0.,-1.));
#7070=DIRECTION('',(0.,0.,-1.));
#7071=DIRECTION('center_axis',(0.644848696570191,-0.764310250180989,0.));
#7072=DIRECTION('ref_axis',(-0.764310250180989,-0.644848696570191,0.));
#7073=DIRECTION('',(0.764310250180989,0.644848696570191,0.));
#7074=DIRECTION('',(-0.764310250180989,-0.644848696570191,0.));
#7075=DIRECTION('',(0.,0.,-1.));
#7076=DIRECTION('center_axis',(-1.,0.,0.));
#7077=DIRECTION('ref_axis',(0.,1.,0.));
#7078=DIRECTION('',(0.,-1.,0.));
#7079=DIRECTION('',(0.,1.,0.));
#7080=DIRECTION('',(0.,0.,-1.));
#7081=DIRECTION('',(0.,0.,-1.));
#7082=DIRECTION('center_axis',(1.,0.,0.));
#7083=DIRECTION('ref_axis',(0.,-1.,0.));
#7084=DIRECTION('',(0.,-1.,0.));
#7085=DIRECTION('',(0.,-1.,0.));
#7086=DIRECTION('',(0.,0.,-1.));
#7087=DIRECTION('',(0.,0.,-1.));
#7088=DIRECTION('',(0.,0.,-1.));
#7089=DIRECTION('',(0.,0.,-1.));
#7090=DIRECTION('',(0.,0.,-1.));
#7091=DIRECTION('',(0.,0.,-1.));
#7092=DIRECTION('',(0.,0.,-1.));
#7093=DIRECTION('center_axis',(-1.,0.,0.));
#7094=DIRECTION('ref_axis',(0.,1.,0.));
#7095=DIRECTION('',(0.,1.,0.));
#7096=DIRECTION('',(0.,1.,0.));
#7097=DIRECTION('',(0.,0.,-1.));
#7098=DIRECTION('',(0.,0.,-1.));
#7099=DIRECTION('',(0.,0.,-1.));
#7100=DIRECTION('',(0.,0.,-1.));
#7101=DIRECTION('',(0.,0.,-1.));
#7102=DIRECTION('center_axis',(0.,0.,1.));
#7103=DIRECTION('ref_axis',(-1.,0.,0.));
#7104=DIRECTION('center_axis',(0.,0.,1.));
#7105=DIRECTION('ref_axis',(-1.,0.,0.));
#7106=DIRECTION('',(0.,0.,-1.));
#7107=DIRECTION('',(0.,0.,-1.));
#7108=DIRECTION('',(0.,0.,-1.));
#7109=DIRECTION('',(0.,0.,-1.));
#7110=DIRECTION('',(0.,0.,-1.));
#7111=DIRECTION('',(0.,0.,-1.));
#7112=DIRECTION('',(0.,0.,-1.));
#7113=DIRECTION('',(0.,0.,-1.));
#7114=DIRECTION('',(0.,0.,-1.));
#7115=DIRECTION('',(0.,0.,-1.));
#7116=DIRECTION('',(0.,0.,-1.));
#7117=DIRECTION('',(0.,0.,-1.));
#7118=DIRECTION('',(0.,0.,-1.));
#7119=DIRECTION('',(0.,0.,-1.));
#7120=DIRECTION('',(0.,0.,-1.));
#7121=DIRECTION('',(0.,0.,-1.));
#7122=DIRECTION('',(0.,0.,-1.));
#7123=DIRECTION('',(0.,0.,-1.));
#7124=DIRECTION('',(0.,0.,-1.));
#7125=DIRECTION('',(0.,0.,-1.));
#7126=DIRECTION('',(0.,0.,-1.));
#7127=DIRECTION('',(0.,0.,-1.));
#7128=DIRECTION('',(0.,0.,-1.));
#7129=DIRECTION('',(0.,0.,-1.));
#7130=DIRECTION('center_axis',(0.,0.,1.));
#7131=DIRECTION('ref_axis',(-1.,0.,0.));
#7132=DIRECTION('center_axis',(0.,0.,1.));
#7133=DIRECTION('ref_axis',(-1.,0.,0.));
#7134=DIRECTION('',(0.,0.,-1.));
#7135=DIRECTION('',(0.,0.,-1.));
#7136=DIRECTION('',(0.,0.,-1.));
#7137=DIRECTION('',(0.,0.,-1.));
#7138=DIRECTION('',(0.,0.,-1.));
#7139=DIRECTION('',(0.,0.,-1.));
#7140=DIRECTION('',(0.,0.,-1.));
#7141=DIRECTION('',(0.,0.,-1.));
#7142=DIRECTION('center_axis',(0.,0.,1.));
#7143=DIRECTION('ref_axis',(-1.,0.,0.));
#7144=DIRECTION('center_axis',(0.,0.,1.));
#7145=DIRECTION('ref_axis',(-1.,0.,0.));
#7146=DIRECTION('center_axis',(0.,1.,0.));
#7147=DIRECTION('ref_axis',(1.,0.,0.));
#7148=DIRECTION('',(1.,0.,0.));
#7149=DIRECTION('',(0.,0.,-1.));
#7150=DIRECTION('',(1.,0.,0.));
#7151=DIRECTION('',(0.,0.,-1.));
#7152=DIRECTION('center_axis',(1.,0.,0.));
#7153=DIRECTION('ref_axis',(0.,-1.,0.));
#7154=DIRECTION('',(0.,-1.,0.));
#7155=DIRECTION('',(0.,-1.,0.));
#7156=DIRECTION('',(0.,0.,-1.));
#7157=DIRECTION('center_axis',(0.,1.,0.));
#7158=DIRECTION('ref_axis',(1.,0.,0.));
#7159=DIRECTION('',(1.,0.,0.));
#7160=DIRECTION('',(1.,0.,0.));
#7161=DIRECTION('',(0.,0.,-1.));
#7162=DIRECTION('center_axis',(-0.356673107438999,0.934229251538298,0.));
#7163=DIRECTION('ref_axis',(0.934229251538298,0.356673107438999,0.));
#7164=DIRECTION('',(0.934229251538298,0.356673107438999,0.));
#7165=DIRECTION('',(0.934229251538298,0.356673107438999,0.));
#7166=DIRECTION('',(0.,0.,-1.));
#7167=DIRECTION('center_axis',(-1.,0.,0.));
#7168=DIRECTION('ref_axis',(0.,1.,0.));
#7169=DIRECTION('',(0.,1.,0.));
#7170=DIRECTION('',(0.,1.,0.));
#7171=DIRECTION('',(0.,0.,-1.));
#7172=DIRECTION('center_axis',(0.39329063226588,-0.919414204029883,0.));
#7173=DIRECTION('ref_axis',(-0.919414204029883,-0.39329063226588,0.));
#7174=DIRECTION('',(-0.919414204029883,-0.39329063226588,0.));
#7175=DIRECTION('',(-0.919414204029883,-0.39329063226588,0.));
#7176=DIRECTION('',(0.,0.,-1.));
#7177=DIRECTION('center_axis',(-1.,0.,0.));
#7178=DIRECTION('ref_axis',(0.,1.,0.));
#7179=DIRECTION('',(0.,1.,0.));
#7180=DIRECTION('',(0.,1.,0.));
#7181=DIRECTION('',(0.,0.,-1.));
#7182=DIRECTION('center_axis',(0.,1.,0.));
#7183=DIRECTION('ref_axis',(1.,0.,0.));
#7184=DIRECTION('',(1.,0.,0.));
#7185=DIRECTION('',(1.,0.,0.));
#7186=DIRECTION('',(0.,0.,-1.));
#7187=DIRECTION('center_axis',(-1.,0.,0.));
#7188=DIRECTION('ref_axis',(0.,1.,0.));
#7189=DIRECTION('',(0.,1.,0.));
#7190=DIRECTION('',(0.,1.,0.));
#7191=DIRECTION('',(0.,0.,-1.));
#7192=DIRECTION('center_axis',(0.,-1.,0.));
#7193=DIRECTION('ref_axis',(-1.,0.,0.));
#7194=DIRECTION('',(-1.,0.,0.));
#7195=DIRECTION('',(-1.,0.,0.));
#7196=DIRECTION('',(0.,0.,-1.));
#7197=DIRECTION('center_axis',(1.,0.,0.));
#7198=DIRECTION('ref_axis',(0.,-1.,0.));
#7199=DIRECTION('',(0.,-1.,0.));
#7200=DIRECTION('',(0.,-1.,0.));
#7201=DIRECTION('center_axis',(0.,0.,1.));
#7202=DIRECTION('ref_axis',(-1.,0.,0.));
#7203=DIRECTION('center_axis',(0.,0.,-1.));
#7204=DIRECTION('ref_axis',(-1.,0.,0.));
#7205=DIRECTION('',(0.,0.,-1.));
#7206=DIRECTION('',(0.,0.,-1.));
#7207=DIRECTION('',(0.,0.,-1.));
#7208=DIRECTION('',(0.,0.,-1.));
#7209=DIRECTION('',(0.,0.,-1.));
#7210=DIRECTION('',(0.,0.,-1.));
#7211=DIRECTION('',(0.,0.,-1.));
#7212=DIRECTION('',(0.,0.,-1.));
#7213=DIRECTION('',(0.,0.,-1.));
#7214=DIRECTION('',(0.,0.,-1.));
#7215=DIRECTION('',(0.,0.,-1.));
#7216=DIRECTION('',(0.,0.,-1.));
#7217=DIRECTION('center_axis',(0.384616021184947,-0.923076657839348,0.));
#7218=DIRECTION('ref_axis',(-0.923076657839348,-0.384616021184947,0.));
#7219=DIRECTION('',(-0.923076657839348,-0.384616021184947,0.));
#7220=DIRECTION('',(-0.923076657839348,-0.384616021184947,0.));
#7221=DIRECTION('',(0.,0.,-1.));
#7222=DIRECTION('',(0.,0.,-1.));
#7223=DIRECTION('',(0.,0.,-1.));
#7224=DIRECTION('',(0.,0.,-1.));
#7225=DIRECTION('',(0.,0.,-1.));
#7226=DIRECTION('',(0.,0.,-1.));
#7227=DIRECTION('',(0.,0.,-1.));
#7228=DIRECTION('',(0.,0.,-1.));
#7229=DIRECTION('',(0.,0.,-1.));
#7230=DIRECTION('',(0.,0.,-1.));
#7231=DIRECTION('',(0.,0.,-1.));
#7232=DIRECTION('',(0.,0.,-1.));
#7233=DIRECTION('',(0.,0.,-1.));
#7234=DIRECTION('',(0.,0.,-1.));
#7235=DIRECTION('',(0.,0.,-1.));
#7236=DIRECTION('',(0.,0.,-1.));
#7237=DIRECTION('',(0.,0.,-1.));
#7238=DIRECTION('center_axis',(-0.382031043963721,0.924149490855235,0.));
#7239=DIRECTION('ref_axis',(0.924149490855235,0.382031043963721,0.));
#7240=DIRECTION('',(0.924149490855235,0.382031043963721,0.));
#7241=DIRECTION('',(0.924149490855235,0.382031043963721,0.));
#7242=DIRECTION('',(0.,0.,-1.));
#7243=DIRECTION('',(0.,0.,-1.));
#7244=DIRECTION('',(0.,0.,-1.));
#7245=DIRECTION('',(0.,0.,-1.));
#7246=DIRECTION('',(0.,0.,-1.));
#7247=DIRECTION('center_axis',(0.,0.,1.));
#7248=DIRECTION('ref_axis',(-1.,0.,0.));
#7249=DIRECTION('center_axis',(0.,0.,1.));
#7250=DIRECTION('ref_axis',(-1.,0.,0.));
#7251=CARTESIAN_POINT('',(0.,0.,0.));
#7252=CARTESIAN_POINT('Origin',(0.8055,54.5441715449016,5.1305788622));
#7253=CARTESIAN_POINT('',(0.,40.3779093615422,4.3250788622));
#7254=CARTESIAN_POINT('',(1.611,41.9889430629576,5.9360788622));
#7255=CARTESIAN_POINT('',(3.72537526935803,44.1033625641214,8.05045413155803));
#7256=CARTESIAN_POINT('',(1.611,47.4878001832472,5.9360788622));
#7257=CARTESIAN_POINT('',(1.611,54.5441715449016,5.9360788622));
#7258=CARTESIAN_POINT('',(0.,49.098779432735,4.3250788622));
#7259=CARTESIAN_POINT('',(-0.680416771671276,49.7791874402867,3.64466209052872));
#7260=CARTESIAN_POINT('',(0.,54.5441715449016,4.3250788622));
#7261=CARTESIAN_POINT('Origin',(1.49422472459034,44.7383430898031,5.9360788622));
#7262=CARTESIAN_POINT('',(2.,42.3779512006674,5.9360788622));
#7263=CARTESIAN_POINT('',(4.09978779357277,44.4777829208823,5.9360788622));
#7264=CARTESIAN_POINT('',(2.,47.0988051937682,5.9360788622));
#7265=CARTESIAN_POINT('',(2.,23.3691715449016,5.9360788622));
#7266=CARTESIAN_POINT('',(4.09978544000503,44.9990468000844,5.9360788622));
#7267=CARTESIAN_POINT('Origin',(0.8055,54.5441715449016,9.3335359654));
#7268=CARTESIAN_POINT('',(0.,49.098779432735,10.1390359654));
#7269=CARTESIAN_POINT('',(1.611,47.4878001832472,8.5280359654));
#7270=CARTESIAN_POINT('',(-0.569730016609005,49.668502110927,10.708765982009));
#7271=CARTESIAN_POINT('',(1.611,41.9889430629576,8.5280359654));
#7272=CARTESIAN_POINT('',(1.611,54.5441715449016,8.5280359654));
#7273=CARTESIAN_POINT('',(0.,40.3779093615422,10.1390359654));
#7274=CARTESIAN_POINT('',(3.83605953029766,44.2140491405273,6.30297643510233));
#7275=CARTESIAN_POINT('',(0.,54.5441715449016,10.1390359654));
#7276=CARTESIAN_POINT('Origin',(1.49422472459034,44.7383430898031,8.5280359654));
#7277=CARTESIAN_POINT('',(2.,47.0988051937682,8.5280359654));
#7278=CARTESIAN_POINT('',(4.09978544000503,44.9990468000844,8.5280359654));
#7279=CARTESIAN_POINT('',(4.4,47.0988051937682,8.5280359654));
#7280=CARTESIAN_POINT('',(2.,47.0988051937682,8.5280359654));
#7281=CARTESIAN_POINT('',(4.4,42.3611329861321,8.5280359654));
#7282=CARTESIAN_POINT('',(4.4,25.0991715449016,8.5280359654));
#7283=CARTESIAN_POINT('',(2.,42.3779512006674,8.5280359654));
#7284=CARTESIAN_POINT('',(2.,42.3779512006674,8.5280359654));
#7285=CARTESIAN_POINT('',(4.09978779357277,44.4777829208823,8.5280359654));
#7286=CARTESIAN_POINT('Origin',(104.242,99.268285419719,6.56599019286995));
#7287=CARTESIAN_POINT('',(104.619,102.043285419719,6.94299019286992));
#7288=CARTESIAN_POINT('',(103.865,102.043285419719,6.18899019286992));
#7289=CARTESIAN_POINT('',(104.617,102.043285419719,6.94099019286993));
#7290=CARTESIAN_POINT('',(103.865,101.543285419719,6.18899019286992));
#7291=CARTESIAN_POINT('',(103.865,99.268285419719,6.18899019286995));
#7292=CARTESIAN_POINT('',(104.619,101.543285419719,6.94299019286993));
#7293=CARTESIAN_POINT('',(103.7845,101.543285419719,6.10849019286993));
#7294=CARTESIAN_POINT('',(104.619,99.268285419719,6.94299019286995));
#7295=CARTESIAN_POINT('Origin',(105.365,101.543285419719,3.61299019286993));
#7296=CARTESIAN_POINT('',(103.865,101.543285419719,4.54999019286993));
#7297=CARTESIAN_POINT('',(103.865,101.543285419719,4.32049019286993));
#7298=CARTESIAN_POINT('',(105.365,101.543285419719,4.54999019286993));
#7299=CARTESIAN_POINT('',(105.365,101.543285419719,4.54999019286993));
#7300=CARTESIAN_POINT('',(105.365,101.543285419719,6.00599019286993));
#7301=CARTESIAN_POINT('',(105.365,101.543285419719,6.11049019286994));
#7302=CARTESIAN_POINT('',(105.005,101.543285419719,6.00599019286993));
#7303=CARTESIAN_POINT('',(106.185,101.543285419719,6.00599019286993));
#7304=CARTESIAN_POINT('',(105.005,101.543285419719,6.94299019286993));
#7305=CARTESIAN_POINT('',(105.005,101.543285419719,1.80649509643496));
#7306=CARTESIAN_POINT('',(105.365,101.543285419719,6.94299019286993));
#7307=CARTESIAN_POINT('Origin',(103.865,96.993285419719,5.02799019286993));
#7308=CARTESIAN_POINT('',(103.865,102.043285419719,3.11299019286993));
#7309=CARTESIAN_POINT('',(103.865,102.043285419719,5.98549019286992));
#7310=CARTESIAN_POINT('',(103.865,91.943285419719,3.11299019286993));
#7311=CARTESIAN_POINT('',(103.865,99.518285419719,3.11299019286993));
#7312=CARTESIAN_POINT('',(103.865,91.943285419719,6.18899019286992));
#7313=CARTESIAN_POINT('',(103.865,91.943285419719,4.07049019286993));
#7314=CARTESIAN_POINT('',(103.865,92.443285419719,6.18899019286992));
#7315=CARTESIAN_POINT('',(103.865,94.468285419719,6.18899019286995));
#7316=CARTESIAN_POINT('',(103.865,92.443285419719,4.54999019286993));
#7317=CARTESIAN_POINT('',(103.865,92.443285419719,5.98549019286993));
#7318=CARTESIAN_POINT('',(103.865,93.380285419719,3.61299019286993));
#7319=CARTESIAN_POINT('Origin',(103.865,93.380285419719,4.54999019286993));
#7320=CARTESIAN_POINT('',(103.865,100.606285419719,3.61299019286993));
#7321=CARTESIAN_POINT('',(103.865,94.718285419719,3.61299019286993));
#7322=CARTESIAN_POINT('Origin',(103.865,100.606285419719,4.54999019286993));
#7323=CARTESIAN_POINT('Origin',(104.242,94.468285419719,6.56599019286995));
#7324=CARTESIAN_POINT('',(104.619,91.943285419719,6.94299019286992));
#7325=CARTESIAN_POINT('',(103.6595,91.943285419719,5.98349019286993));
#7326=CARTESIAN_POINT('',(104.619,92.443285419719,6.94299019286993));
#7327=CARTESIAN_POINT('',(104.619,94.468285419719,6.94299019286995));
#7328=CARTESIAN_POINT('',(104.617,92.443285419719,6.94099019286993));
#7329=CARTESIAN_POINT('Origin',(105.365,92.443285419719,6.94299019286993));
#7330=CARTESIAN_POINT('',(105.005,92.443285419719,6.94299019286993));
#7331=CARTESIAN_POINT('',(105.365,92.443285419719,6.94299019286993));
#7332=CARTESIAN_POINT('',(105.005,92.443285419719,6.00599019286993));
#7333=CARTESIAN_POINT('',(105.005,92.443285419719,3.47149509643496));
#7334=CARTESIAN_POINT('',(105.365,92.443285419719,6.00599019286993));
#7335=CARTESIAN_POINT('',(106.185,92.443285419719,6.00599019286993));
#7336=CARTESIAN_POINT('',(105.365,92.443285419719,4.54999019286993));
#7337=CARTESIAN_POINT('',(105.365,92.443285419719,4.44549019286994));
#7338=CARTESIAN_POINT('',(105.365,92.443285419719,4.54999019286993));
#7339=CARTESIAN_POINT('Origin',(105.365,93.380285419719,4.54999019286993));
#7340=CARTESIAN_POINT('',(105.365,93.380285419719,3.61299019286993));
#7341=CARTESIAN_POINT('Origin',(105.365,93.380285419719,4.54999019286993));
#7342=CARTESIAN_POINT('',(105.365,93.380285419719,3.61299019286993));
#7343=CARTESIAN_POINT('Origin',(105.365,100.606285419719,4.54999019286993));
#7344=CARTESIAN_POINT('',(105.365,100.606285419719,3.61299019286993));
#7345=CARTESIAN_POINT('Origin',(105.365,100.606285419719,4.54999019286993));
#7346=CARTESIAN_POINT('',(105.365,100.606285419719,3.61299019286993));
#7347=CARTESIAN_POINT('Origin',(106.185,93.380285419719,6.00599019286993));
#7348=CARTESIAN_POINT('',(105.005,93.380285419719,6.94299019286993));
#7349=CARTESIAN_POINT('Origin',(105.005,93.380285419719,6.00599019286993));
#7350=CARTESIAN_POINT('',(105.365,93.380285419719,6.94299019286992));
#7351=CARTESIAN_POINT('',(106.185,93.380285419719,6.94299019286993));
#7352=CARTESIAN_POINT('Origin',(105.365,93.380285419719,6.00599019286993));
#7353=CARTESIAN_POINT('Origin',(107.005,92.443285419719,6.94299019286993));
#7354=CARTESIAN_POINT('',(105.005,100.606285419719,6.94299019286993));
#7355=CARTESIAN_POINT('',(105.005,112.231642709859,6.94299019286993));
#7356=CARTESIAN_POINT('',(105.365,100.606285419719,6.94299019286992));
#7357=CARTESIAN_POINT('',(106.185,100.606285419719,6.94299019286993));
#7358=CARTESIAN_POINT('',(105.365,94.718285419719,6.94299019286992));
#7359=CARTESIAN_POINT('Origin',(106.185,100.606285419719,6.00599019286993));
#7360=CARTESIAN_POINT('Origin',(105.005,100.606285419719,6.00599019286993));
#7361=CARTESIAN_POINT('Origin',(105.365,100.606285419719,6.00599019286993));
#7362=CARTESIAN_POINT('Ctrl Pts',(107.319503622079,90.1884480328168,6.9));
#7363=CARTESIAN_POINT('Ctrl Pts',(107.305286178205,90.4296501487428,7.51461615894951));
#7364=CARTESIAN_POINT('Ctrl Pts',(107.25021725414,91.3807264925217,8.91492820623576));
#7365=CARTESIAN_POINT('Ctrl Pts',(107.177374969665,92.9700283949752,9.62212218202703));
#7366=CARTESIAN_POINT('Ctrl Pts',(107.137446183126,94.078036052587,9.71102856595335));
#7367=CARTESIAN_POINT('Ctrl Pts',(107.13321079066,94.1981329408603,9.71599019286993));
#7368=CARTESIAN_POINT('Ctrl Pts',(107.129097731255,94.3182854197193,9.71599019286993));
#7369=CARTESIAN_POINT('Ctrl Pts',(107.051846538516,90.4229366203612,6.80224998336292));
#7370=CARTESIAN_POINT('Ctrl Pts',(107.038771245778,90.6490456495398,7.38018355337701));
#7371=CARTESIAN_POINT('Ctrl Pts',(106.988160123826,91.5407078985875,8.69908952621437));
#7372=CARTESIAN_POINT('Ctrl Pts',(106.920402312166,93.0373260801711,9.37013086548912));
#7373=CARTESIAN_POINT('Ctrl Pts',(106.882783341048,94.0828453921183,9.4564831324457));
#7374=CARTESIAN_POINT('Ctrl Pts',(106.878798594147,94.1961745797265,9.46137286417246));
#7375=CARTESIAN_POINT('Ctrl Pts',(106.874913286633,94.3095841783423,9.46162595645231));
#7376=CARTESIAN_POINT('Ctrl Pts',(106.784189454954,90.6574252079056,6.70449996672584));
#7377=CARTESIAN_POINT('Ctrl Pts',(106.772312394767,90.8682410574581,7.24587794326269));
#7378=CARTESIAN_POINT('Ctrl Pts',(106.726096011388,91.70079869678,8.48331907075697));
#7379=CARTESIAN_POINT('Ctrl Pts',(106.663347999329,93.104643996778,9.11863355473958));
#7380=CARTESIAN_POINT('Ctrl Pts',(106.628130782319,94.0876480259494,9.20188029834249));
#7381=CARTESIAN_POINT('Ctrl Pts',(106.624377019937,94.1942236055056,9.2068050824432));
#7382=CARTESIAN_POINT('Ctrl Pts',(106.62072884201,94.3008829369654,9.20726172003469));
#7383=CARTESIAN_POINT('Ctrl Pts',(106.516532371392,90.8919137954501,6.60674995008877));
#7384=CARTESIAN_POINT('Ctrl Pts',(106.50579746234,91.0876365582551,7.11144533769019));
#7385=CARTESIAN_POINT('Ctrl Pts',(106.464038881075,91.8607801028458,8.26748039073558));
#7386=CARTESIAN_POINT('Ctrl Pts',(106.40637534183,93.1719416819739,8.86664223820167));
#7387=CARTESIAN_POINT('Ctrl Pts',(106.373467940241,94.0924573654808,8.94733486483485));
#7388=CARTESIAN_POINT('Ctrl Pts',(106.369964823424,94.1922652443718,8.95218775374573));
#7389=CARTESIAN_POINT('Ctrl Pts',(106.366544397388,94.2921816955885,8.95289748361707));
#7390=CARTESIAN_POINT('',(106.366544397388,94.2921816955884,8.95289748361707));
#7391=CARTESIAN_POINT('',(107.129097731255,94.3182854197192,9.71599019286993));
#7392=CARTESIAN_POINT('',(106.366544397388,94.2921816955884,8.95289748361707));
#7393=CARTESIAN_POINT('',(107.319503622079,90.1884480328168,6.9));
#7394=CARTESIAN_POINT('Ctrl Pts',(107.129097731255,94.3182854197193,9.71599019286993));
#7395=CARTESIAN_POINT('Ctrl Pts',(107.13321079066,94.1981329408603,9.71599019286993));
#7396=CARTESIAN_POINT('Ctrl Pts',(107.137446183126,94.078036052587,9.71102856595335));
#7397=CARTESIAN_POINT('Ctrl Pts',(107.177374969665,92.9700283949752,9.62212218202703));
#7398=CARTESIAN_POINT('Ctrl Pts',(107.25021725414,91.3807264925217,8.91492820623576));
#7399=CARTESIAN_POINT('Ctrl Pts',(107.305286178205,90.4296501487428,7.51461615894951));
#7400=CARTESIAN_POINT('Ctrl Pts',(107.319503622079,90.1884480328168,6.9));
#7401=CARTESIAN_POINT('',(106.516532371392,90.8919137954501,6.60674995008877));
#7402=CARTESIAN_POINT('',(107.319503622079,90.1884480328168,6.9));
#7403=CARTESIAN_POINT('Ctrl Pts',(106.516532371392,90.8919137954501,6.60674995008877));
#7404=CARTESIAN_POINT('Ctrl Pts',(106.50579746234,91.0876365582551,7.11144533769019));
#7405=CARTESIAN_POINT('Ctrl Pts',(106.464038881075,91.8607801028458,8.26748039073558));
#7406=CARTESIAN_POINT('Ctrl Pts',(106.40637534183,93.1719416819739,8.86664223820167));
#7407=CARTESIAN_POINT('Ctrl Pts',(106.373467940241,94.0924573654808,8.94733486483485));
#7408=CARTESIAN_POINT('Ctrl Pts',(106.369964823424,94.1922652443718,8.95218775374573));
#7409=CARTESIAN_POINT('Ctrl Pts',(106.366544397388,94.2921816955885,8.95289748361707));
#7410=CARTESIAN_POINT('Ctrl Pts',(107.128209554147,94.3442837785993,9.71599019286993));
#7411=CARTESIAN_POINT('Ctrl Pts',(107.067854205981,96.1145643476756,9.71599019286995));
#7412=CARTESIAN_POINT('Ctrl Pts',(107.032070953583,97.8973466878892,9.71599019286997));
#7413=CARTESIAN_POINT('Ctrl Pts',(107.01572541925,99.6682854197189,9.71599019286999));
#7414=CARTESIAN_POINT('Ctrl Pts',(106.874023907787,94.3356176589725,9.46165685953659));
#7415=CARTESIAN_POINT('Ctrl Pts',(106.813587079426,96.1082881207624,9.46165685953662));
#7416=CARTESIAN_POINT('Ctrl Pts',(106.777765531142,97.8931490065023,9.46165685953664));
#7417=CARTESIAN_POINT('Ctrl Pts',(106.761402918616,99.6659380560912,9.46165685953666));
#7418=CARTESIAN_POINT('Ctrl Pts',(106.619838261428,94.3269515393456,9.20732352620326));
#7419=CARTESIAN_POINT('Ctrl Pts',(106.559319952872,96.1020118938491,9.20732352620328));
#7420=CARTESIAN_POINT('Ctrl Pts',(106.523460108701,97.8889513251153,9.2073235262033));
#7421=CARTESIAN_POINT('Ctrl Pts',(106.507080417983,99.6635906924636,9.20732352620333));
#7422=CARTESIAN_POINT('Ctrl Pts',(106.365652615069,94.3182854197188,8.95299019286993));
#7423=CARTESIAN_POINT('Ctrl Pts',(106.305052826317,96.0957356669359,8.95299019286995));
#7424=CARTESIAN_POINT('Ctrl Pts',(106.26915468626,97.8847536437284,8.95299019286997));
#7425=CARTESIAN_POINT('Ctrl Pts',(106.252757917349,99.6612433288359,8.95299019286999));
#7426=CARTESIAN_POINT('',(107.128209554147,94.3442837785993,9.71599019286993));
#7427=CARTESIAN_POINT('',(106.365652615069,94.3182854197188,8.95299019286993));
#7428=CARTESIAN_POINT('',(107.128209554147,94.3442837785993,9.71599019286993));
#7429=CARTESIAN_POINT('',(106.252757917349,99.6612433288359,8.95299019286999));
#7430=CARTESIAN_POINT('Ctrl Pts',(106.365652615069,94.3182854197188,8.95299019286993));
#7431=CARTESIAN_POINT('Ctrl Pts',(106.305052826317,96.0957356669359,8.95299019286995));
#7432=CARTESIAN_POINT('Ctrl Pts',(106.26915468626,97.8847536437284,8.95299019286997));
#7433=CARTESIAN_POINT('Ctrl Pts',(106.252757917349,99.6612433288359,8.95299019286999));
#7434=CARTESIAN_POINT('',(107.01572541925,99.6682854197189,9.71599019286999));
#7435=CARTESIAN_POINT('',(106.252757917349,99.6612433288359,8.95299019286999));
#7436=CARTESIAN_POINT('Ctrl Pts',(107.01572541925,99.6682854197189,9.71599019286999));
#7437=CARTESIAN_POINT('Ctrl Pts',(107.032070953583,97.8973466878892,9.71599019286997));
#7438=CARTESIAN_POINT('Ctrl Pts',(107.067854205981,96.1145643476756,9.71599019286995));
#7439=CARTESIAN_POINT('Ctrl Pts',(107.128209554147,94.3442837785993,9.71599019286993));
#7440=CARTESIAN_POINT('Ctrl Pts',(107.015647321054,99.6767628754323,9.71598209593811));
#7441=CARTESIAN_POINT('Ctrl Pts',(107.008020668847,100.506193436808,9.71439769404648));
#7442=CARTESIAN_POINT('Ctrl Pts',(107.005,101.332664171647,9.47436012528632));
#7443=CARTESIAN_POINT('Ctrl Pts',(107.005,102.032499999998,9.03383002780315));
#7444=CARTESIAN_POINT('Ctrl Pts',(106.76132922115,99.673937056861,9.46165146158202));
#7445=CARTESIAN_POINT('Ctrl Pts',(106.754131628496,100.456556497075,9.46059519365429));
#7446=CARTESIAN_POINT('Ctrl Pts',(106.751064125333,101.236541769998,9.23426784026334));
#7447=CARTESIAN_POINT('Ctrl Pts',(106.750769632017,101.896734360004,8.81876433029034));
#7448=CARTESIAN_POINT('Ctrl Pts',(106.507011121246,99.6711112382899,9.20732082722594));
#7449=CARTESIAN_POINT('Ctrl Pts',(106.500242588144,100.406919557341,9.2067926932621));
#7450=CARTESIAN_POINT('Ctrl Pts',(106.497128250666,101.140419368348,8.99417555524036));
#7451=CARTESIAN_POINT('Ctrl Pts',(106.496539264033,101.760968720011,8.60369863277752));
#7452=CARTESIAN_POINT('Ctrl Pts',(106.252693021341,99.6682854197186,8.95299019286986));
#7453=CARTESIAN_POINT('Ctrl Pts',(106.246353547792,100.357282617608,8.95299019286991));
#7454=CARTESIAN_POINT('Ctrl Pts',(106.243192375998,101.044296966699,8.75408327021739));
#7455=CARTESIAN_POINT('Ctrl Pts',(106.24230889605,101.625203080017,8.38863293526471));
#7456=CARTESIAN_POINT('',(107.015647321054,99.6767628754323,9.71598209593811));
#7457=CARTESIAN_POINT('',(106.252693021341,99.6682854197186,8.95299019286986));
#7458=CARTESIAN_POINT('',(107.015647321054,99.6767628754323,9.71598209593811));
#7459=CARTESIAN_POINT('',(106.24230889605,101.625203080017,8.38863293526471));
#7460=CARTESIAN_POINT('Ctrl Pts',(106.252693021341,99.6682854197186,8.95299019286986));
#7461=CARTESIAN_POINT('Ctrl Pts',(106.246353547792,100.357282617608,8.95299019286991));
#7462=CARTESIAN_POINT('Ctrl Pts',(106.243192375998,101.044296966699,8.75408327021739));
#7463=CARTESIAN_POINT('Ctrl Pts',(106.24230889605,101.625203080017,8.38863293526471));
#7464=CARTESIAN_POINT('',(107.005,102.032499999998,9.03383002780315));
#7465=CARTESIAN_POINT('',(106.24230889605,101.625203080017,8.38863293526471));
#7466=CARTESIAN_POINT('Ctrl Pts',(107.005,102.032499999998,9.03383002780315));
#7467=CARTESIAN_POINT('Ctrl Pts',(107.005,101.332664171647,9.47436012528632));
#7468=CARTESIAN_POINT('Ctrl Pts',(107.008020668847,100.506193436808,9.71439769404648));
#7469=CARTESIAN_POINT('Ctrl Pts',(107.015647321054,99.6767628754323,9.71598209593811));
#7470=CARTESIAN_POINT('Ctrl Pts',(107.01572541925,99.6682854197189,9.71599019286986));
#7471=CARTESIAN_POINT('Ctrl Pts',(107.015699337232,99.6711112468783,9.71599019286986));
#7472=CARTESIAN_POINT('Ctrl Pts',(107.015673304495,99.6739370667384,9.71598749387839));
#7473=CARTESIAN_POINT('Ctrl Pts',(107.015647321054,99.6767628754323,9.71598209593811));
#7474=CARTESIAN_POINT('Ctrl Pts',(106.761402918616,99.6659380560912,9.46165685953657));
#7475=CARTESIAN_POINT('Ctrl Pts',(106.761378308638,99.6686043968185,9.46165685953657));
#7476=CARTESIAN_POINT('Ctrl Pts',(106.761353742817,99.6712707302014,9.46165506020892));
#7477=CARTESIAN_POINT('Ctrl Pts',(106.76132922115,99.673937056861,9.46165146158207));
#7478=CARTESIAN_POINT('Ctrl Pts',(106.507080417983,99.6635906924635,9.20732352620328));
#7479=CARTESIAN_POINT('Ctrl Pts',(106.507057280043,99.6660975467586,9.20732352620328));
#7480=CARTESIAN_POINT('Ctrl Pts',(106.507034181138,99.6686043936644,9.20732262653946));
#7481=CARTESIAN_POINT('Ctrl Pts',(106.507011121246,99.6711112382899,9.20732082722603));
#7482=CARTESIAN_POINT('Ctrl Pts',(106.252757917349,99.6612433288359,8.95299019286999));
#7483=CARTESIAN_POINT('Ctrl Pts',(106.252736251449,99.6635906966987,8.95299019286999));
#7484=CARTESIAN_POINT('Ctrl Pts',(106.25271461946,99.6659380571273,8.95299019286999));
#7485=CARTESIAN_POINT('Ctrl Pts',(106.252693021341,99.6682854197186,8.95299019286999));
#7486=CARTESIAN_POINT('Ctrl Pts',(107.015647321054,99.6767628754323,9.71598209593811));
#7487=CARTESIAN_POINT('Ctrl Pts',(107.015673304495,99.6739370667384,9.71598749387839));
#7488=CARTESIAN_POINT('Ctrl Pts',(107.015699337232,99.6711112468783,9.71599019286986));
#7489=CARTESIAN_POINT('Ctrl Pts',(107.01572541925,99.6682854197189,9.71599019286986));
#7490=CARTESIAN_POINT('Ctrl Pts',(106.252757917349,99.6612433288359,8.95299019286999));
#7491=CARTESIAN_POINT('Ctrl Pts',(106.252736251449,99.6635906966987,8.95299019286999));
#7492=CARTESIAN_POINT('Ctrl Pts',(106.25271461946,99.6659380571273,8.95299019286999));
#7493=CARTESIAN_POINT('Ctrl Pts',(106.252693021341,99.6682854197186,8.95299019286999));
#7494=CARTESIAN_POINT('Origin',(106.6235,99.6682854197189,5.27799019286992));
#7495=CARTESIAN_POINT('',(106.242,102.032499999998,2.46443116231883));
#7496=CARTESIAN_POINT('',(107.005,102.523355979523,1.88028271597583));
#7497=CARTESIAN_POINT('',(106.242,102.032499999998,2.46443116231883));
#7498=CARTESIAN_POINT('',(107.005,102.523355979523,8.67569766976402));
#7499=CARTESIAN_POINT('Origin',(107.005,99.6682854197189,5.27799019286992));
#7500=CARTESIAN_POINT('',(106.242,102.032499999998,8.09154922342102));
#7501=CARTESIAN_POINT('',(107.005,102.523355979523,8.67569766976402));
#7502=CARTESIAN_POINT('Origin',(106.242,99.6682854197189,5.27799019286992));
#7503=CARTESIAN_POINT('Ctrl Pts',(107.005,102.032499999998,9.03383002780316));
#7504=CARTESIAN_POINT('Ctrl Pts',(107.005,102.203846045554,8.92597174576855));
#7505=CARTESIAN_POINT('Ctrl Pts',(107.005,102.367872741503,8.80634918065232));
#7506=CARTESIAN_POINT('Ctrl Pts',(107.005,102.523355979523,8.67569766976402));
#7507=CARTESIAN_POINT('Ctrl Pts',(106.750769632017,101.896734360004,8.81876433029034));
#7508=CARTESIAN_POINT('Ctrl Pts',(106.750697529013,102.058374254706,8.71703349505099));
#7509=CARTESIAN_POINT('Ctrl Pts',(106.750666666667,102.213093311061,8.60420548732777));
#7510=CARTESIAN_POINT('Ctrl Pts',(106.750666666667,102.359737319681,8.48098152098302));
#7511=CARTESIAN_POINT('Ctrl Pts',(106.496539264033,101.760968720011,8.60369863277753));
#7512=CARTESIAN_POINT('Ctrl Pts',(106.496395058026,101.912902463858,8.50809524433342));
#7513=CARTESIAN_POINT('Ctrl Pts',(106.496333333333,102.058313880619,8.40206179400321));
#7514=CARTESIAN_POINT('Ctrl Pts',(106.496333333333,102.196118659839,8.28626537220202));
#7515=CARTESIAN_POINT('Ctrl Pts',(106.24230889605,101.625203080017,8.38863293526472));
#7516=CARTESIAN_POINT('Ctrl Pts',(106.242092587039,101.76743067301,8.29915699361586));
#7517=CARTESIAN_POINT('Ctrl Pts',(106.242,101.903534450178,8.19991810067865));
#7518=CARTESIAN_POINT('Ctrl Pts',(106.242,102.032499999998,8.09154922342102));
#7519=CARTESIAN_POINT('Ctrl Pts',(107.005,102.523355979523,8.67569766976402));
#7520=CARTESIAN_POINT('Ctrl Pts',(107.005,102.367872741503,8.80634918065232));
#7521=CARTESIAN_POINT('Ctrl Pts',(107.005,102.203846045554,8.92597174576855));
#7522=CARTESIAN_POINT('Ctrl Pts',(107.005,102.032499999998,9.03383002780316));
#7523=CARTESIAN_POINT('Ctrl Pts',(106.24230889605,101.625203080017,8.38863293526472));
#7524=CARTESIAN_POINT('Ctrl Pts',(106.242092587039,101.76743067301,8.29915699361586));
#7525=CARTESIAN_POINT('Ctrl Pts',(106.242,101.903534450178,8.19991810067865));
#7526=CARTESIAN_POINT('Ctrl Pts',(106.242,102.032499999998,8.09154922342102));
#7527=CARTESIAN_POINT('Ctrl Pts',(107.005,102.032500002378,1.52215035943495));
#7528=CARTESIAN_POINT('Ctrl Pts',(107.005,101.990797743253,1.49589977385591));
#7529=CARTESIAN_POINT('Ctrl Pts',(107.005009720208,101.948649271151,1.47033808626579));
#7530=CARTESIAN_POINT('Ctrl Pts',(107.005176980491,101.592022023547,1.2621056318077));
#7531=CARTESIAN_POINT('Ctrl Pts',(107.005892656201,101.256619867356,1.11802995123181));
#7532=CARTESIAN_POINT('Ctrl Pts',(107.008317904562,100.689433281492,0.953105942715481));
#7533=CARTESIAN_POINT('Ctrl Pts',(107.0095480211,100.466898038369,0.906540695567102));
#7534=CARTESIAN_POINT('Ctrl Pts',(107.012395030041,100.05448802691,0.85279239215198));
#7535=CARTESIAN_POINT('Ctrl Pts',(107.013910504805,99.8656489603248,0.840359105382881));
#7536=CARTESIAN_POINT('Ctrl Pts',(107.015647321054,99.676762875427,0.83999828980173));
#7537=CARTESIAN_POINT('Ctrl Pts',(106.750769632016,101.89673436225,1.73721605686265));
#7538=CARTESIAN_POINT('Ctrl Pts',(106.750787194342,101.857394442197,1.71245674010908));
#7539=CARTESIAN_POINT('Ctrl Pts',(106.750813648428,101.817632465732,1.68834736249731));
#7540=CARTESIAN_POINT('Ctrl Pts',(106.751114320805,101.48119191014,1.49194643409271));
#7541=CARTESIAN_POINT('Ctrl Pts',(106.751899342667,101.164722267328,1.35606899073471));
#7542=CARTESIAN_POINT('Ctrl Pts',(106.754318371812,100.629514450767,1.20061733980048));
#7543=CARTESIAN_POINT('Ctrl Pts',(106.75551777045,100.419519124409,1.15675605965895));
#7544=CARTESIAN_POINT('Ctrl Pts',(106.758249297693,100.030354467526,1.1062119574364));
#7545=CARTESIAN_POINT('Ctrl Pts',(106.759690173088,99.8521619184294,1.09456951163771));
#7546=CARTESIAN_POINT('Ctrl Pts',(106.76132922115,99.6739370568561,1.09432892415782));
#7547=CARTESIAN_POINT('Ctrl Pts',(106.496539264031,101.760968722121,1.95228175429035));
#7548=CARTESIAN_POINT('Ctrl Pts',(106.496574347065,101.72399098286,1.92901380017736));
#7549=CARTESIAN_POINT('Ctrl Pts',(106.496617621557,101.686615828056,1.90635653795831));
#7550=CARTESIAN_POINT('Ctrl Pts',(106.497051345593,101.370360652381,1.7217879167183));
#7551=CARTESIAN_POINT('Ctrl Pts',(106.497905885787,101.072824062764,1.59410830816434));
#7552=CARTESIAN_POINT('Ctrl Pts',(106.500318865359,100.569596635359,1.44812855253868));
#7553=CARTESIAN_POINT('Ctrl Pts',(106.501487396046,100.372139952946,1.40697159209265));
#7554=CARTESIAN_POINT('Ctrl Pts',(106.504103606921,100.006222179885,1.3596313261233));
#7555=CARTESIAN_POINT('Ctrl Pts',(106.505469665794,99.8386776798101,1.34877978661496));
#7556=CARTESIAN_POINT('Ctrl Pts',(106.507011121246,99.6711112382851,1.3486595585139));
#7557=CARTESIAN_POINT('Ctrl Pts',(106.242308896047,101.625203081993,2.16734745171804));
#7558=CARTESIAN_POINT('Ctrl Pts',(106.242361541407,101.590587681804,2.14557076643053));
#7559=CARTESIAN_POINT('Ctrl Pts',(106.242421549777,101.555599022636,2.12436581418983));
#7560=CARTESIAN_POINT('Ctrl Pts',(106.242988685907,101.259530538973,1.95162871900331));
#7561=CARTESIAN_POINT('Ctrl Pts',(106.243912572253,100.980926462736,1.83214734766724));
#7562=CARTESIAN_POINT('Ctrl Pts',(106.246319332609,100.509677804634,1.69563994962369));
#7563=CARTESIAN_POINT('Ctrl Pts',(106.247457145396,100.324761038986,1.65718695618451));
#7564=CARTESIAN_POINT('Ctrl Pts',(106.249957874573,99.9820886205008,1.61305089140772));
#7565=CARTESIAN_POINT('Ctrl Pts',(106.251249334076,99.8251906379147,1.60299019286979));
#7566=CARTESIAN_POINT('Ctrl Pts',(106.252693021342,99.6682854197142,1.60299019286999));
#7567=CARTESIAN_POINT('',(107.005,102.032500001852,1.52215036027028));
#7568=CARTESIAN_POINT('',(106.242308896047,101.625203081992,2.16734745171776));
#7569=CARTESIAN_POINT('',(107.005,102.032500001852,1.52215036027028));
#7570=CARTESIAN_POINT('',(106.252693021342,99.6682854197142,1.60299019286999));
#7571=CARTESIAN_POINT('Ctrl Pts',(106.242308896047,101.625203081993,2.16734745171804));
#7572=CARTESIAN_POINT('Ctrl Pts',(106.242361541407,101.590587681804,2.14557076643053));
#7573=CARTESIAN_POINT('Ctrl Pts',(106.242421549777,101.555599022636,2.12436581418983));
#7574=CARTESIAN_POINT('Ctrl Pts',(106.242988685907,101.259530538973,1.95162871900331));
#7575=CARTESIAN_POINT('Ctrl Pts',(106.243912572253,100.980926462736,1.83214734766724));
#7576=CARTESIAN_POINT('Ctrl Pts',(106.246319332609,100.509677804634,1.69563994962369));
#7577=CARTESIAN_POINT('Ctrl Pts',(106.247457145396,100.324761038986,1.65718695618451));
#7578=CARTESIAN_POINT('Ctrl Pts',(106.249957874573,99.9820886205008,1.61305089140772));
#7579=CARTESIAN_POINT('Ctrl Pts',(106.251249334076,99.8251906379147,1.60299019286979));
#7580=CARTESIAN_POINT('Ctrl Pts',(106.252693021342,99.6682854197142,1.60299019286999));
#7581=CARTESIAN_POINT('',(107.015647321054,99.676762875427,0.83999828980173));
#7582=CARTESIAN_POINT('',(106.252693021342,99.6682854197142,1.60299019286999));
#7583=CARTESIAN_POINT('Ctrl Pts',(107.015647321054,99.676762875427,0.83999828980173));
#7584=CARTESIAN_POINT('Ctrl Pts',(107.013910504805,99.8656489603248,0.840359105382881));
#7585=CARTESIAN_POINT('Ctrl Pts',(107.012395030041,100.05448802691,0.85279239215198));
#7586=CARTESIAN_POINT('Ctrl Pts',(107.0095480211,100.466898038369,0.906540695567102));
#7587=CARTESIAN_POINT('Ctrl Pts',(107.008317904562,100.689433281492,0.953105942715481));
#7588=CARTESIAN_POINT('Ctrl Pts',(107.005892656201,101.256619867356,1.11802995123181));
#7589=CARTESIAN_POINT('Ctrl Pts',(107.005176980491,101.592022023547,1.2621056318077));
#7590=CARTESIAN_POINT('Ctrl Pts',(107.005009720208,101.948649271151,1.47033808626579));
#7591=CARTESIAN_POINT('Ctrl Pts',(107.005,101.990797743253,1.49589977385591));
#7592=CARTESIAN_POINT('Ctrl Pts',(107.005,102.032500002378,1.52215035943495));
#7593=CARTESIAN_POINT('Ctrl Pts',(107.005,102.523355979523,1.88028271597583));
#7594=CARTESIAN_POINT('Ctrl Pts',(107.005,102.368067033042,1.74979446695101));
#7595=CARTESIAN_POINT('Ctrl Pts',(107.005,102.204059395272,1.63014293872305));
#7596=CARTESIAN_POINT('Ctrl Pts',(107.005,102.032500002378,1.52215035943461));
#7597=CARTESIAN_POINT('Ctrl Pts',(106.750666666667,102.359737319681,2.07499886475683));
#7598=CARTESIAN_POINT('Ctrl Pts',(106.750666666667,102.213276557117,1.95192887883097));
#7599=CARTESIAN_POINT('Ctrl Pts',(106.750697439235,102.058575518912,1.83907355990638));
#7600=CARTESIAN_POINT('Ctrl Pts',(106.750769632016,101.896734362249,1.73721605686233));
#7601=CARTESIAN_POINT('Ctrl Pts',(106.496333333333,102.196118659839,2.26971501353783));
#7602=CARTESIAN_POINT('Ctrl Pts',(106.496333333333,102.058486081193,2.15406329071092));
#7603=CARTESIAN_POINT('Ctrl Pts',(106.49639487847,101.913091642553,2.04800418108972));
#7604=CARTESIAN_POINT('Ctrl Pts',(106.496539264031,101.760968722121,1.95228175429004));
#7605=CARTESIAN_POINT('Ctrl Pts',(106.242,102.032499999998,2.46443116231883));
#7606=CARTESIAN_POINT('Ctrl Pts',(106.242,101.903695605268,2.35619770259087));
#7607=CARTESIAN_POINT('Ctrl Pts',(106.242092317705,101.767607766193,2.25693480227305));
#7608=CARTESIAN_POINT('Ctrl Pts',(106.242308896047,101.625203081992,2.16734745171776));
#7609=CARTESIAN_POINT('Ctrl Pts',(107.005,102.032500002378,1.52215035943461));
#7610=CARTESIAN_POINT('Ctrl Pts',(107.005,102.204059395272,1.63014293872305));
#7611=CARTESIAN_POINT('Ctrl Pts',(107.005,102.368067033042,1.74979446695101));
#7612=CARTESIAN_POINT('Ctrl Pts',(107.005,102.523355979523,1.88028271597583));
#7613=CARTESIAN_POINT('Ctrl Pts',(106.242,102.032499999998,2.46443116231883));
#7614=CARTESIAN_POINT('Ctrl Pts',(106.242,101.903695605268,2.35619770259087));
#7615=CARTESIAN_POINT('Ctrl Pts',(106.242092317705,101.767607766193,2.25693480227305));
#7616=CARTESIAN_POINT('Ctrl Pts',(106.242308896047,101.625203081992,2.16734745171776));
#7617=CARTESIAN_POINT('Ctrl Pts',(107.01572541925,99.668285419719,0.839990192869991));
#7618=CARTESIAN_POINT('Ctrl Pts',(107.032070953562,97.8973466902187,0.839990192869969));
#7619=CARTESIAN_POINT('Ctrl Pts',(107.067854205971,96.1145643479666,0.839990192869947));
#7620=CARTESIAN_POINT('Ctrl Pts',(107.128209554147,94.3442837785995,0.839990192869925));
#7621=CARTESIAN_POINT('Ctrl Pts',(106.761402918616,99.6659380560913,1.09432352620332));
#7622=CARTESIAN_POINT('Ctrl Pts',(106.777765531121,97.8931490088342,1.0943235262033));
#7623=CARTESIAN_POINT('Ctrl Pts',(106.813587079416,96.1082881210537,1.09432352620328));
#7624=CARTESIAN_POINT('Ctrl Pts',(106.874023907787,94.3356176589726,1.09432352620326));
#7625=CARTESIAN_POINT('Ctrl Pts',(106.507080417983,99.6635906924636,1.34865685953666));
#7626=CARTESIAN_POINT('Ctrl Pts',(106.52346010868,97.8889513274497,1.34865685953664));
#7627=CARTESIAN_POINT('Ctrl Pts',(106.559319952862,96.1020118941409,1.34865685953661));
#7628=CARTESIAN_POINT('Ctrl Pts',(106.619838261428,94.3269515393458,1.34865685953659));
#7629=CARTESIAN_POINT('Ctrl Pts',(106.252757917349,99.6612433288359,1.60299019286999));
#7630=CARTESIAN_POINT('Ctrl Pts',(106.269154686239,97.8847536460651,1.60299019286997));
#7631=CARTESIAN_POINT('Ctrl Pts',(106.305052826307,96.0957356672281,1.60299019286995));
#7632=CARTESIAN_POINT('Ctrl Pts',(106.365652615069,94.3182854197189,1.60299019286993));
#7633=CARTESIAN_POINT('',(106.365652615069,94.3182854197189,1.60299019286993));
#7634=CARTESIAN_POINT('',(107.128209554147,94.3442837785995,0.839990192869925));
#7635=CARTESIAN_POINT('',(106.365652615069,94.3182854197189,1.60299019286993));
#7636=CARTESIAN_POINT('',(107.01572541925,99.668285419719,0.839990192869991));
#7637=CARTESIAN_POINT('Ctrl Pts',(107.128209554147,94.3442837785995,0.839990192869925));
#7638=CARTESIAN_POINT('Ctrl Pts',(107.067854205971,96.1145643479666,0.839990192869947));
#7639=CARTESIAN_POINT('Ctrl Pts',(107.032070953562,97.8973466902187,0.839990192869969));
#7640=CARTESIAN_POINT('Ctrl Pts',(107.01572541925,99.668285419719,0.839990192869991));
#7641=CARTESIAN_POINT('',(106.252757917349,99.6612433288359,1.60299019286999));
#7642=CARTESIAN_POINT('',(107.01572541925,99.668285419719,0.839990192869991));
#7643=CARTESIAN_POINT('Ctrl Pts',(106.252757917349,99.6612433288359,1.60299019286999));
#7644=CARTESIAN_POINT('Ctrl Pts',(106.269154686239,97.8847536460651,1.60299019286997));
#7645=CARTESIAN_POINT('Ctrl Pts',(106.305052826307,96.0957356672281,1.60299019286995));
#7646=CARTESIAN_POINT('Ctrl Pts',(106.365652615069,94.3182854197189,1.60299019286993));
#7647=CARTESIAN_POINT('Ctrl Pts',(107.015647321054,99.6767628754269,0.83999828980173));
#7648=CARTESIAN_POINT('Ctrl Pts',(107.015673304543,99.673937061495,0.839992891851443));
#7649=CARTESIAN_POINT('Ctrl Pts',(107.015699337281,99.6711112416366,0.839990192869991));
#7650=CARTESIAN_POINT('Ctrl Pts',(107.01572541925,99.668285419719,0.839990192869991));
#7651=CARTESIAN_POINT('Ctrl Pts',(106.76132922115,99.673937056856,1.09432892415782));
#7652=CARTESIAN_POINT('Ctrl Pts',(106.761353742862,99.6712707252539,1.09432532552429));
#7653=CARTESIAN_POINT('Ctrl Pts',(106.761378308684,99.6686043918726,1.09432352620332));
#7654=CARTESIAN_POINT('Ctrl Pts',(106.761402918616,99.6659380560913,1.09432352620332));
#7655=CARTESIAN_POINT('Ctrl Pts',(106.507011121246,99.6711112382851,1.3486595585139));
#7656=CARTESIAN_POINT('Ctrl Pts',(106.507034181181,99.6686043890128,1.34865775919714));
#7657=CARTESIAN_POINT('Ctrl Pts',(106.507057280086,99.6660975421085,1.34865685953666));
#7658=CARTESIAN_POINT('Ctrl Pts',(106.507080417983,99.6635906924636,1.34865685953666));
#7659=CARTESIAN_POINT('Ctrl Pts',(106.252693021342,99.6682854197142,1.60299019286999));
#7660=CARTESIAN_POINT('Ctrl Pts',(106.2527146195,99.6659380527717,1.60299019286999));
#7661=CARTESIAN_POINT('Ctrl Pts',(106.252736251489,99.6635906923445,1.60299019286999));
#7662=CARTESIAN_POINT('Ctrl Pts',(106.252757917349,99.661243328836,1.60299019286999));
#7663=CARTESIAN_POINT('Ctrl Pts',(107.01572541925,99.668285419719,0.839990192869991));
#7664=CARTESIAN_POINT('Ctrl Pts',(107.015699337281,99.6711112416366,0.839990192869991));
#7665=CARTESIAN_POINT('Ctrl Pts',(107.015673304543,99.673937061495,0.839992891851443));
#7666=CARTESIAN_POINT('Ctrl Pts',(107.015647321054,99.6767628754269,0.83999828980173));
#7667=CARTESIAN_POINT('Ctrl Pts',(106.252693021342,99.6682854197142,1.60299019286999));
#7668=CARTESIAN_POINT('Ctrl Pts',(106.2527146195,99.6659380527717,1.60299019286999));
#7669=CARTESIAN_POINT('Ctrl Pts',(106.252736251489,99.6635906923445,1.60299019286999));
#7670=CARTESIAN_POINT('Ctrl Pts',(106.252757917349,99.661243328836,1.60299019286999));
#7671=CARTESIAN_POINT('Ctrl Pts',(107.129097731255,94.3182854197191,0.839990192869925));
#7672=CARTESIAN_POINT('Ctrl Pts',(107.171391494076,93.0827816395251,0.839990192869915));
#7673=CARTESIAN_POINT('Ctrl Pts',(107.266519830373,91.0484600283018,1.75227296193414));
#7674=CARTESIAN_POINT('Ctrl Pts',(107.348004986426,89.7267249103567,4.43846907351008));
#7675=CARTESIAN_POINT('Ctrl Pts',(107.33723678832,89.8876009004151,6.13340013731681));
#7676=CARTESIAN_POINT('Ctrl Pts',(107.319503622079,90.1884480328168,6.90000000000001));
#7677=CARTESIAN_POINT('Ctrl Pts',(106.874913286633,94.3095841783422,1.09435442928754));
#7678=CARTESIAN_POINT('Ctrl Pts',(106.914832979567,93.1434413992293,1.09678709913975));
#7679=CARTESIAN_POINT('Ctrl Pts',(107.003286326404,91.228094265949,1.96324485330079));
#7680=CARTESIAN_POINT('Ctrl Pts',(107.077967851739,89.990683129732,4.49009031042875));
#7681=CARTESIAN_POINT('Ctrl Pts',(107.068131803398,90.1409980188367,6.08135086522545));
#7682=CARTESIAN_POINT('Ctrl Pts',(107.051846538516,90.4229366203612,6.80224998336294));
#7683=CARTESIAN_POINT('Ctrl Pts',(106.62072884201,94.3008829369653,1.34871866570516));
#7684=CARTESIAN_POINT('Ctrl Pts',(106.658274465058,93.2041011589335,1.35358400540959));
#7685=CARTESIAN_POINT('Ctrl Pts',(106.740052822434,91.407728503596,2.17421674466744));
#7686=CARTESIAN_POINT('Ctrl Pts',(106.807930717052,90.2546413491074,4.54171154734742));
#7687=CARTESIAN_POINT('Ctrl Pts',(106.799026818477,90.3943951372584,6.02930159313409));
#7688=CARTESIAN_POINT('Ctrl Pts',(106.784189454954,90.6574252079056,6.70449996672586));
#7689=CARTESIAN_POINT('Ctrl Pts',(106.366544397388,94.2921816955884,1.60308290212278));
#7690=CARTESIAN_POINT('Ctrl Pts',(106.40171595055,93.2647609186378,1.61038091167943));
#7691=CARTESIAN_POINT('Ctrl Pts',(106.476819318464,91.5873627412431,2.38518863603409));
#7692=CARTESIAN_POINT('Ctrl Pts',(106.537893582365,90.5185995684828,4.59333278426608));
#7693=CARTESIAN_POINT('Ctrl Pts',(106.529921833555,90.64779225568,5.97725232104273));
#7694=CARTESIAN_POINT('Ctrl Pts',(106.516532371392,90.8919137954501,6.60674995008878));
#7695=CARTESIAN_POINT('',(107.129097731255,94.3182854197191,0.839990192869925));
#7696=CARTESIAN_POINT('Ctrl Pts',(107.319503622079,90.1884480328168,6.90000000000001));
#7697=CARTESIAN_POINT('Ctrl Pts',(107.33723678832,89.8876009004151,6.13340013731681));
#7698=CARTESIAN_POINT('Ctrl Pts',(107.348004986426,89.7267249103567,4.43846907351008));
#7699=CARTESIAN_POINT('Ctrl Pts',(107.266519830373,91.0484600283018,1.75227296193414));
#7700=CARTESIAN_POINT('Ctrl Pts',(107.171391494076,93.0827816395251,0.839990192869915));
#7701=CARTESIAN_POINT('Ctrl Pts',(107.129097731255,94.3182854197191,0.839990192869925));
#7702=CARTESIAN_POINT('',(106.366544397388,94.2921816955884,1.60308290212278));
#7703=CARTESIAN_POINT('',(107.129097731255,94.3182854197191,0.839990192869925));
#7704=CARTESIAN_POINT('Ctrl Pts',(106.366544397388,94.2921816955884,1.60308290212278));
#7705=CARTESIAN_POINT('Ctrl Pts',(106.40171595055,93.2647609186378,1.61038091167943));
#7706=CARTESIAN_POINT('Ctrl Pts',(106.476819318464,91.5873627412431,2.38518863603409));
#7707=CARTESIAN_POINT('Ctrl Pts',(106.537893582365,90.5185995684828,4.59333278426608));
#7708=CARTESIAN_POINT('Ctrl Pts',(106.529921833555,90.64779225568,5.97725232104273));
#7709=CARTESIAN_POINT('Ctrl Pts',(106.516532371392,90.8919137954501,6.60674995008878));
#7710=CARTESIAN_POINT('Ctrl Pts',(107.128209554147,94.3442837785994,0.839990192869925));
#7711=CARTESIAN_POINT('Ctrl Pts',(107.128505024151,94.3356173584054,0.839990192869925));
#7712=CARTESIAN_POINT('Ctrl Pts',(107.128801082988,94.3269512378266,0.839990192869925));
#7713=CARTESIAN_POINT('Ctrl Pts',(107.129097731255,94.3182854197191,0.839990192869925));
#7714=CARTESIAN_POINT('Ctrl Pts',(106.874023907787,94.3356176589726,1.09432352620326));
#7715=CARTESIAN_POINT('Ctrl Pts',(106.874319776679,94.326939539043,1.09432352620326));
#7716=CARTESIAN_POINT('Ctrl Pts',(106.874616234842,94.3182617111752,1.0943338276323));
#7717=CARTESIAN_POINT('Ctrl Pts',(106.874913286633,94.3095841783422,1.09435442928754));
#7718=CARTESIAN_POINT('Ctrl Pts',(106.619838261428,94.3269515393457,1.34865685953659));
#7719=CARTESIAN_POINT('Ctrl Pts',(106.620134529206,94.3182617196806,1.34865685953659));
#7720=CARTESIAN_POINT('Ctrl Pts',(106.620431386697,94.3095721845239,1.34867746239468));
#7721=CARTESIAN_POINT('Ctrl Pts',(106.62072884201,94.3008829369653,1.34871866570516));
#7722=CARTESIAN_POINT('Ctrl Pts',(106.365652615069,94.3182854197189,1.60299019286993));
#7723=CARTESIAN_POINT('Ctrl Pts',(106.365949281734,94.3095839003183,1.60299019286993));
#7724=CARTESIAN_POINT('Ctrl Pts',(106.366246538551,94.3008826578725,1.60302109715706));
#7725=CARTESIAN_POINT('Ctrl Pts',(106.366544397388,94.2921816955883,1.60308290212278));
#7726=CARTESIAN_POINT('Ctrl Pts',(107.129097731255,94.3182854197191,0.839990192869925));
#7727=CARTESIAN_POINT('Ctrl Pts',(107.128801082988,94.3269512378266,0.839990192869925));
#7728=CARTESIAN_POINT('Ctrl Pts',(107.128505024151,94.3356173584054,0.839990192869925));
#7729=CARTESIAN_POINT('Ctrl Pts',(107.128209554147,94.3442837785994,0.839990192869925));
#7730=CARTESIAN_POINT('Ctrl Pts',(106.365652615069,94.3182854197189,1.60299019286993));
#7731=CARTESIAN_POINT('Ctrl Pts',(106.365949281734,94.3095839003183,1.60299019286993));
#7732=CARTESIAN_POINT('Ctrl Pts',(106.366246538551,94.3008826578725,1.60302109715706));
#7733=CARTESIAN_POINT('Ctrl Pts',(106.366544397388,94.2921816955883,1.60308290212278));
#7734=CARTESIAN_POINT('Ctrl Pts',(107.129097731255,94.3182854197192,9.71599019286993));
#7735=CARTESIAN_POINT('Ctrl Pts',(107.128801082988,94.3269512378266,9.71599019286993));
#7736=CARTESIAN_POINT('Ctrl Pts',(107.128505024151,94.3356173584054,9.71599019286993));
#7737=CARTESIAN_POINT('Ctrl Pts',(107.128209554147,94.3442837785993,9.71599019286993));
#7738=CARTESIAN_POINT('Ctrl Pts',(106.874913286633,94.3095841783423,9.46162595645231));
#7739=CARTESIAN_POINT('Ctrl Pts',(106.874616234842,94.3182617111753,9.46164655810755));
#7740=CARTESIAN_POINT('Ctrl Pts',(106.874319776679,94.326939539043,9.46165685953659));
#7741=CARTESIAN_POINT('Ctrl Pts',(106.874023907787,94.3356176589725,9.46165685953659));
#7742=CARTESIAN_POINT('Ctrl Pts',(106.62072884201,94.3008829369654,9.20726172003469));
#7743=CARTESIAN_POINT('Ctrl Pts',(106.620431386697,94.3095721845239,9.20730292334517));
#7744=CARTESIAN_POINT('Ctrl Pts',(106.620134529206,94.3182617196807,9.20732352620326));
#7745=CARTESIAN_POINT('Ctrl Pts',(106.619838261428,94.3269515393456,9.20732352620326));
#7746=CARTESIAN_POINT('Ctrl Pts',(106.366544397388,94.2921816955884,8.95289748361707));
#7747=CARTESIAN_POINT('Ctrl Pts',(106.366246538551,94.3008826578726,8.95295928858279));
#7748=CARTESIAN_POINT('Ctrl Pts',(106.365949281734,94.3095839003183,8.95299019286993));
#7749=CARTESIAN_POINT('Ctrl Pts',(106.365652615069,94.3182854197188,8.95299019286993));
#7750=CARTESIAN_POINT('Ctrl Pts',(107.128209554147,94.3442837785993,9.71599019286993));
#7751=CARTESIAN_POINT('Ctrl Pts',(107.128505024151,94.3356173584054,9.71599019286993));
#7752=CARTESIAN_POINT('Ctrl Pts',(107.128801082988,94.3269512378266,9.71599019286993));
#7753=CARTESIAN_POINT('Ctrl Pts',(107.129097731255,94.3182854197192,9.71599019286993));
#7754=CARTESIAN_POINT('Ctrl Pts',(106.366544397388,94.2921816955884,8.95289748361707));
#7755=CARTESIAN_POINT('Ctrl Pts',(106.366246538551,94.3008826578726,8.95295928858279));
#7756=CARTESIAN_POINT('Ctrl Pts',(106.365949281734,94.3095839003183,8.95299019286993));
#7757=CARTESIAN_POINT('Ctrl Pts',(106.365652615069,94.3182854197188,8.95299019286993));
#7758=CARTESIAN_POINT('Origin',(107.005,94.318285419719,8.95299019286993));
#7759=CARTESIAN_POINT('',(105.365,94.318285419719,8.95299019286993));
#7760=CARTESIAN_POINT('',(107.005,94.318285419719,8.95299019286993));
#7761=CARTESIAN_POINT('',(105.365,99.6682854197189,8.95299019286986));
#7762=CARTESIAN_POINT('',(105.365,99.6682854197189,8.95299019286999));
#7763=CARTESIAN_POINT('',(107.005,99.6682854197189,8.95299019286986));
#7764=CARTESIAN_POINT('Origin',(107.005,94.318285419719,5.27799019286993));
#7765=CARTESIAN_POINT('',(106.128515085741,94.3182854197191,1.60299019286993));
#7766=CARTESIAN_POINT('',(107.005,94.3182854197191,1.60299019286993));
#7767=CARTESIAN_POINT('',(106.226415034651,91.9123769658603,2.50000000000198));
#7768=CARTESIAN_POINT('Ctrl Pts',(106.128401155545,94.3179911372663,1.60299019286993));
#7769=CARTESIAN_POINT('Ctrl Pts',(106.128949083598,94.3018884323621,1.60299019286992));
#7770=CARTESIAN_POINT('Ctrl Pts',(106.12949905972,94.2857859692932,1.60309601420215));
#7771=CARTESIAN_POINT('Ctrl Pts',(106.130051052913,94.2696847909155,1.60330764727736));
#7772=CARTESIAN_POINT('Ctrl Pts',(106.130845634749,94.2465075053387,1.60361228834812));
#7773=CARTESIAN_POINT('Ctrl Pts',(106.131644366267,94.2233337591759,1.60413616994558));
#7774=CARTESIAN_POINT('Ctrl Pts',(106.132447150248,94.2001666620174,1.60487921374878));
#7775=CARTESIAN_POINT('Ctrl Pts',(106.13449476149,94.1410757861424,1.6067744494291));
#7776=CARTESIAN_POINT('Ctrl Pts',(106.136568336823,94.0820401135689,1.61009511700403));
#7777=CARTESIAN_POINT('Ctrl Pts',(106.138666097227,94.0231111650708,1.61483819116097));
#7778=CARTESIAN_POINT('Ctrl Pts',(106.143228140319,93.8949571576479,1.62515305297691));
#7779=CARTESIAN_POINT('Ctrl Pts',(106.147900285768,93.7674362515593,1.64218472293497));
#7780=CARTESIAN_POINT('Ctrl Pts',(106.152660384309,93.6410741872797,1.66586184780859));
#7781=CARTESIAN_POINT('Ctrl Pts',(106.158635511379,93.4824578510208,1.69558262533792));
#7782=CARTESIAN_POINT('Ctrl Pts',(106.164733066754,93.3261046578033,1.7356905927343));
#7783=CARTESIAN_POINT('Ctrl Pts',(106.170896820094,93.1730343884219,1.7858705675916));
#7784=CARTESIAN_POINT('Ctrl Pts',(106.175929793288,93.04804584327,1.82684470370906));
#7785=CARTESIAN_POINT('Ctrl Pts',(106.18100671967,92.9252450474809,1.87453428444302));
#7786=CARTESIAN_POINT('Ctrl Pts',(106.186092924502,92.8051618097194,1.92876771659635));
#7787=CARTESIAN_POINT('Ctrl Pts',(106.19300712501,92.6419203338168,2.00249278991217));
#7788=CARTESIAN_POINT('Ctrl Pts',(106.19990557022,92.4844853683767,2.08795685309739));
#7789=CARTESIAN_POINT('Ctrl Pts',(106.206687275433,92.3340890936727,2.1843908166298));
#7790=CARTESIAN_POINT('Ctrl Pts',(106.213356692683,92.1861830026002,2.27922807653391));
#7791=CARTESIAN_POINT('Ctrl Pts',(106.219913017249,92.045083320664,2.38467497632772));
#7792=CARTESIAN_POINT('Ctrl Pts',(106.226252812952,91.9119133756014,2.5));
#7793=CARTESIAN_POINT('',(105.365,91.9123769658666,2.5));
#7794=CARTESIAN_POINT('',(107.005,91.9123769658666,2.5));
#7795=CARTESIAN_POINT('Origin',(105.365,94.318285419719,5.27799019286993));
#7796=CARTESIAN_POINT('Origin',(107.005,102.032499999998,0.));
#7797=CARTESIAN_POINT('',(107.005,102.032499999998,0.));
#7798=CARTESIAN_POINT('',(107.005,102.032499999998,0.));
#7799=CARTESIAN_POINT('',(107.005,134.02,0.));
#7800=CARTESIAN_POINT('',(107.005,134.02,0.));
#7801=CARTESIAN_POINT('',(107.005,134.02,12.2));
#7802=CARTESIAN_POINT('',(107.005,134.02,0.));
#7803=CARTESIAN_POINT('',(107.005,102.032499999998,12.2));
#7804=CARTESIAN_POINT('',(107.005,84.521249999999,12.2));
#7805=CARTESIAN_POINT('',(107.005,102.032499999998,6.9));
#7806=CARTESIAN_POINT('',(107.005,107.572553103132,3.11114483779264));
#7807=CARTESIAN_POINT('',(107.005,107.572553103132,9.65));
#7808=CARTESIAN_POINT('',(107.005,107.572553103132,4.125));
#7809=CARTESIAN_POINT('',(107.005,125.421100857103,9.65));
#7810=CARTESIAN_POINT('',(107.005,109.264663490058,9.65));
#7811=CARTESIAN_POINT('',(107.005,125.421100857103,3.11114483779264));
#7812=CARTESIAN_POINT('',(107.005,125.421100857103,4.125));
#7813=CARTESIAN_POINT('',(107.005,109.264663490058,3.11114483779264));
#7814=CARTESIAN_POINT('Ctrl Pts',(112.7,64.35,0.));
#7815=CARTESIAN_POINT('Ctrl Pts',(112.7,64.35,7.59));
#7816=CARTESIAN_POINT('Ctrl Pts',(112.7,70.0449999999959,0.));
#7817=CARTESIAN_POINT('Ctrl Pts',(112.7,70.0449999999959,7.59));
#7818=CARTESIAN_POINT('Ctrl Pts',(107.005,70.0449999999959,0.));
#7819=CARTESIAN_POINT('Ctrl Pts',(107.005,70.0449999999959,7.59));
#7820=CARTESIAN_POINT('Ctrl Pts',(107.005,102.032499999998,0.));
#7821=CARTESIAN_POINT('Ctrl Pts',(107.005,102.032499999998,7.59));
#7822=CARTESIAN_POINT('',(112.7,64.35,6.9));
#7823=CARTESIAN_POINT('Ctrl Pts',(107.319503622079,90.188448032817,6.9));
#7824=CARTESIAN_POINT('Ctrl Pts',(108.51366990455,69.9291499016763,6.9));
#7825=CARTESIAN_POINT('Ctrl Pts',(112.7,69.2327399985617,6.9));
#7826=CARTESIAN_POINT('Ctrl Pts',(112.7,64.35,6.9));
#7827=CARTESIAN_POINT('',(112.7,64.35,0.));
#7828=CARTESIAN_POINT('',(112.7,64.35,0.));
#7829=CARTESIAN_POINT('Ctrl Pts',(112.7,64.35,0.));
#7830=CARTESIAN_POINT('Ctrl Pts',(112.7,70.0449999999959,0.));
#7831=CARTESIAN_POINT('Ctrl Pts',(107.005,70.0449999999959,0.));
#7832=CARTESIAN_POINT('Ctrl Pts',(107.005,102.032499999998,0.));
#7833=CARTESIAN_POINT('Origin',(106.305,109.264663490058,3.81114483779264));
#7834=CARTESIAN_POINT('',(105.605,124.021100857103,4.51114483779264));
#7835=CARTESIAN_POINT('',(102.555784578458,120.971885435561,7.56036025933477));
#7836=CARTESIAN_POINT('',(105.605,108.972553103132,4.51114483779264));
#7837=CARTESIAN_POINT('',(105.605,109.264663490058,4.51114483779264));
#7838=CARTESIAN_POINT('',(105.897995089473,108.679558013659,4.21814974831945));
#7839=CARTESIAN_POINT('Origin',(106.402234021493,116.496826980118,4.51114483779264));
#7840=CARTESIAN_POINT('',(105.005,123.421100857103,4.51114483779264));
#7841=CARTESIAN_POINT('',(105.005,123.421100857103,4.51114483779264));
#7842=CARTESIAN_POINT('',(105.005,109.572553103132,4.51114483779264));
#7843=CARTESIAN_POINT('',(105.005,124.258413490059,4.51114483779264));
#7844=CARTESIAN_POINT('',(105.005,109.572553103132,4.51114483779264));
#7845=CARTESIAN_POINT('Origin',(106.305,109.264663490058,8.95));
#7846=CARTESIAN_POINT('',(105.605,108.972553103132,8.25));
#7847=CARTESIAN_POINT('',(106.521137616508,108.056415486624,9.16613761650773));
#7848=CARTESIAN_POINT('',(105.605,124.021100857103,8.25));
#7849=CARTESIAN_POINT('',(105.605,109.264663490058,8.25));
#7850=CARTESIAN_POINT('',(103.178927105493,121.595027962596,5.82392710549243));
#7851=CARTESIAN_POINT('Origin',(106.402234021493,116.496826980118,8.25));
#7852=CARTESIAN_POINT('',(105.005,109.572553103132,8.25));
#7853=CARTESIAN_POINT('',(105.005,109.572553103132,8.25));
#7854=CARTESIAN_POINT('',(105.005,123.421100857103,8.25));
#7855=CARTESIAN_POINT('',(105.005,124.258413490059,8.25));
#7856=CARTESIAN_POINT('',(105.005,123.421100857103,8.25));
#7857=CARTESIAN_POINT('Origin',(106.005,102.032499999998,0.));
#7858=CARTESIAN_POINT('',(106.005,102.074193873571,2.5));
#7859=CARTESIAN_POINT('',(106.005,102.032499999998,2.46443116231883));
#7860=CARTESIAN_POINT('Origin',(106.005,99.6682854197189,5.27799019286992));
#7861=CARTESIAN_POINT('',(106.005,133.02,2.5));
#7862=CARTESIAN_POINT('',(106.005,102.032499999998,2.5));
#7863=CARTESIAN_POINT('',(106.005,133.02,0.));
#7864=CARTESIAN_POINT('',(106.005,133.02,0.));
#7865=CARTESIAN_POINT('',(106.005,102.032499999998,0.));
#7866=CARTESIAN_POINT('',(106.005,84.521249999999,0.));
#7867=CARTESIAN_POINT('',(106.005,102.032499999998,0.));
#7868=CARTESIAN_POINT('Origin',(110.7,8.16931909728538,0.));
#7869=CARTESIAN_POINT('',(110.7,64.35,0.));
#7870=CARTESIAN_POINT('',(110.7,62.35,0.));
#7871=CARTESIAN_POINT('',(110.7,37.5896595486427,0.));
#7872=CARTESIAN_POINT('',(110.7,64.35,2.5));
#7873=CARTESIAN_POINT('',(110.7,64.35,0.));
#7874=CARTESIAN_POINT('',(110.7,62.35,2.5));
#7875=CARTESIAN_POINT('',(110.7,64.35,2.5));
#7876=CARTESIAN_POINT('',(110.7,62.35,0.));
#7877=CARTESIAN_POINT('Ctrl Pts',(2.,64.35,0.));
#7878=CARTESIAN_POINT('Ctrl Pts',(2.,64.35,2.5));
#7879=CARTESIAN_POINT('Ctrl Pts',(2.,65.2963214851828,0.));
#7880=CARTESIAN_POINT('Ctrl Pts',(2.,65.2963214851828,2.5));
#7881=CARTESIAN_POINT('Ctrl Pts',(2.17429239866122,65.9372263631006,0.));
#7882=CARTESIAN_POINT('Ctrl Pts',(2.17429239866122,65.9372263631006,2.5));
#7883=CARTESIAN_POINT('Ctrl Pts',(2.55299073721691,66.9152840236969,0.));
#7884=CARTESIAN_POINT('Ctrl Pts',(2.55299073721691,66.9152840236969,2.5));
#7885=CARTESIAN_POINT('Ctrl Pts',(3.145004897576,68.4442687742744,0.));
#7886=CARTESIAN_POINT('Ctrl Pts',(3.145004897576,68.4442687742744,2.5));
#7887=CARTESIAN_POINT('Ctrl Pts',(4.26606851962883,70.6489692483403,0.));
#7888=CARTESIAN_POINT('Ctrl Pts',(4.26606851962883,70.6489692483403,2.5));
#7889=CARTESIAN_POINT('Ctrl Pts',(5.26292432899507,74.5544948820868,0.));
#7890=CARTESIAN_POINT('Ctrl Pts',(5.26292432899507,74.5544948820868,2.5));
#7891=CARTESIAN_POINT('Ctrl Pts',(6.56745497228132,79.6654425432148,0.));
#7892=CARTESIAN_POINT('Ctrl Pts',(6.56745497228132,79.6654425432148,2.5));
#7893=CARTESIAN_POINT('Ctrl Pts',(7.69499999999994,87.7291346468143,0.));
#7894=CARTESIAN_POINT('Ctrl Pts',(7.69499999999994,87.7291346468143,2.5));
#7895=CARTESIAN_POINT('Ctrl Pts',(7.69499999999992,102.032500000001,0.));
#7896=CARTESIAN_POINT('Ctrl Pts',(7.69499999999992,102.032500000001,2.5));
#7897=CARTESIAN_POINT('',(4.93747007931074,73.35,0.));
#7898=CARTESIAN_POINT('',(4.93747007938032,73.3500000001217,2.5));
#7899=CARTESIAN_POINT('Ctrl Pts',(4.93747007931074,73.35,0.));
#7900=CARTESIAN_POINT('Ctrl Pts',(4.93747007931074,73.35,0.416666666666667));
#7901=CARTESIAN_POINT('Ctrl Pts',(4.93747007931074,73.35,0.833333333333333));
#7902=CARTESIAN_POINT('Ctrl Pts',(4.93747007931074,73.35,1.66666666666667));
#7903=CARTESIAN_POINT('Ctrl Pts',(4.93747007931074,73.35,2.08333333333333));
#7904=CARTESIAN_POINT('Ctrl Pts',(4.93747007931074,73.35,2.5));
#7905=CARTESIAN_POINT('',(2.,64.35,0.));
#7906=CARTESIAN_POINT('Ctrl Pts',(2.,64.35,0.));
#7907=CARTESIAN_POINT('Ctrl Pts',(2.,65.2963214851828,0.));
#7908=CARTESIAN_POINT('Ctrl Pts',(2.17429239866122,65.9372263631006,0.));
#7909=CARTESIAN_POINT('Ctrl Pts',(2.55299073721691,66.9152840236969,0.));
#7910=CARTESIAN_POINT('Ctrl Pts',(3.08114631304889,68.2793423105625,0.));
#7911=CARTESIAN_POINT('Ctrl Pts',(4.03037336766702,70.1812040345914,0.));
#7912=CARTESIAN_POINT('Ctrl Pts',(4.93682615546024,73.3487488067908,0.));
#7913=CARTESIAN_POINT('',(2.,64.35,2.5));
#7914=CARTESIAN_POINT('',(2.,64.35,0.));
#7915=CARTESIAN_POINT('Ctrl Pts',(2.,64.35,2.5));
#7916=CARTESIAN_POINT('Ctrl Pts',(2.,65.2963214851828,2.5));
#7917=CARTESIAN_POINT('Ctrl Pts',(2.17429239866122,65.9372263631006,2.5));
#7918=CARTESIAN_POINT('Ctrl Pts',(2.55299073721691,66.9152840236969,2.5));
#7919=CARTESIAN_POINT('Ctrl Pts',(3.08114631305618,68.2793423105813,2.5));
#7920=CARTESIAN_POINT('Ctrl Pts',(4.03037336769323,70.1812040346439,2.5));
#7921=CARTESIAN_POINT('Ctrl Pts',(4.93682615549778,73.348748806922,2.5));
#7922=CARTESIAN_POINT('Origin',(56.35,70.5946595486427,2.5));
#7923=CARTESIAN_POINT('',(3.89639104130224,73.3500000050095,2.5));
#7924=CARTESIAN_POINT('',(31.5275,73.35,2.5));
#7925=CARTESIAN_POINT('',(2.,62.35,2.5));
#7926=CARTESIAN_POINT('',(2.,64.35,2.5));
#7927=CARTESIAN_POINT('',(2.,8.16931909728538,2.5));
#7928=CARTESIAN_POINT('',(2.,36.2973297743213,2.5));
#7929=CARTESIAN_POINT('',(1.,8.16931909728538,2.5));
#7930=CARTESIAN_POINT('',(0.,8.16931909728538,2.5));
#7931=CARTESIAN_POINT('',(1.,64.35,2.5));
#7932=CARTESIAN_POINT('',(1.,64.35,2.5));
#7933=CARTESIAN_POINT('Ctrl Pts',(3.89324040763738,73.3451672922955,2.5));
#7934=CARTESIAN_POINT('Ctrl Pts',(3.11986131541192,70.7147197998427,2.5));
#7935=CARTESIAN_POINT('Ctrl Pts',(2.3359744521315,69.0376656790917,2.5));
#7936=CARTESIAN_POINT('Ctrl Pts',(1.79318301571293,67.7093731452071,2.5));
#7937=CARTESIAN_POINT('Ctrl Pts',(1.28631901790186,66.4690004738369,2.5));
#7938=CARTESIAN_POINT('Ctrl Pts',(1.,65.5894560699129,2.5));
#7939=CARTESIAN_POINT('Ctrl Pts',(1.,64.35,2.5));
#7940=CARTESIAN_POINT('Ctrl Pts',(6.69499999999992,102.032500000001,0.));
#7941=CARTESIAN_POINT('Ctrl Pts',(6.69499999999992,102.032500000001,2.5));
#7942=CARTESIAN_POINT('Ctrl Pts',(6.69499999999993,89.8789812833918,0.));
#7943=CARTESIAN_POINT('Ctrl Pts',(6.69499999999993,89.8789812833918,2.5));
#7944=CARTESIAN_POINT('Ctrl Pts',(5.87717074286958,82.2895142063729,0.));
#7945=CARTESIAN_POINT('Ctrl Pts',(5.87717074286958,82.2895142063729,2.5));
#7946=CARTESIAN_POINT('Ctrl Pts',(4.84457733369181,77.2141736152508,0.));
#7947=CARTESIAN_POINT('Ctrl Pts',(4.84457733369181,77.2141736152508,2.5));
#7948=CARTESIAN_POINT('Ctrl Pts',(3.82174120675201,72.1867914268855,0.));
#7949=CARTESIAN_POINT('Ctrl Pts',(3.82174120675201,72.1867914268855,2.5));
#7950=CARTESIAN_POINT('Ctrl Pts',(2.56421840003685,69.5962130539497,0.));
#7951=CARTESIAN_POINT('Ctrl Pts',(2.56421840003685,69.5962130539497,2.5));
#7952=CARTESIAN_POINT('Ctrl Pts',(1.79318301571293,67.7093731452071,0.));
#7953=CARTESIAN_POINT('Ctrl Pts',(1.79318301571293,67.7093731452071,2.5));
#7954=CARTESIAN_POINT('Ctrl Pts',(1.28631901790186,66.4690004738369,0.));
#7955=CARTESIAN_POINT('Ctrl Pts',(1.28631901790186,66.4690004738369,2.5));
#7956=CARTESIAN_POINT('Ctrl Pts',(1.,65.5894560699129,0.));
#7957=CARTESIAN_POINT('Ctrl Pts',(1.,65.5894560699129,2.5));
#7958=CARTESIAN_POINT('Ctrl Pts',(1.,64.35,0.));
#7959=CARTESIAN_POINT('Ctrl Pts',(1.,64.35,2.5));
#7960=CARTESIAN_POINT('',(3.89639103836235,73.35,0.));
#7961=CARTESIAN_POINT('Ctrl Pts',(3.89639103836235,73.35,2.5));
#7962=CARTESIAN_POINT('Ctrl Pts',(3.89639103836235,73.35,2.08333333333333));
#7963=CARTESIAN_POINT('Ctrl Pts',(3.89639103836235,73.35,1.66666666666667));
#7964=CARTESIAN_POINT('Ctrl Pts',(3.89639103836235,73.35,0.833333333333333));
#7965=CARTESIAN_POINT('Ctrl Pts',(3.89639103836235,73.35,0.416666666666667));
#7966=CARTESIAN_POINT('Ctrl Pts',(3.89639103836235,73.35,0.));
#7967=CARTESIAN_POINT('',(1.,64.35,0.));
#7968=CARTESIAN_POINT('',(1.,64.35,0.));
#7969=CARTESIAN_POINT('Ctrl Pts',(3.89324040604511,73.3451672868798,0.));
#7970=CARTESIAN_POINT('Ctrl Pts',(3.11986131433598,70.7147197975409,0.));
#7971=CARTESIAN_POINT('Ctrl Pts',(2.33597445175899,69.0376656781801,0.));
#7972=CARTESIAN_POINT('Ctrl Pts',(1.79318301571293,67.7093731452071,0.));
#7973=CARTESIAN_POINT('Ctrl Pts',(1.28631901790186,66.4690004738369,0.));
#7974=CARTESIAN_POINT('Ctrl Pts',(1.,65.5894560699129,0.));
#7975=CARTESIAN_POINT('Ctrl Pts',(1.,64.35,0.));
#7976=CARTESIAN_POINT('Origin',(6.69499999999989,133.02,0.));
#7977=CARTESIAN_POINT('',(6.69499999999989,133.02,0.));
#7978=CARTESIAN_POINT('',(6.69499999999992,102.032500000001,0.));
#7979=CARTESIAN_POINT('',(6.69499999999993,100.015,0.));
#7980=CARTESIAN_POINT('',(6.69499999999989,133.02,2.5));
#7981=CARTESIAN_POINT('',(6.69499999999989,133.02,0.));
#7982=CARTESIAN_POINT('',(6.69499999999992,102.032500000001,2.5));
#7983=CARTESIAN_POINT('',(6.69499999999992,102.032500000001,2.5));
#7984=CARTESIAN_POINT('',(6.69499999999992,102.032500000001,0.));
#7985=CARTESIAN_POINT('Origin',(106.005,133.02,0.));
#7986=CARTESIAN_POINT('',(81.1775,133.02,0.));
#7987=CARTESIAN_POINT('',(106.005,133.02,2.5));
#7988=CARTESIAN_POINT('Ctrl Pts',(111.7,64.35,0.));
#7989=CARTESIAN_POINT('Ctrl Pts',(111.7,64.35,2.5));
#7990=CARTESIAN_POINT('Ctrl Pts',(111.7,65.5894560699109,0.));
#7991=CARTESIAN_POINT('Ctrl Pts',(111.7,65.5894560699109,2.5));
#7992=CARTESIAN_POINT('Ctrl Pts',(111.413680982098,66.4690004738335,0.));
#7993=CARTESIAN_POINT('Ctrl Pts',(111.413680982098,66.4690004738335,2.5));
#7994=CARTESIAN_POINT('Ctrl Pts',(110.906816984288,67.7093731452022,0.));
#7995=CARTESIAN_POINT('Ctrl Pts',(110.906816984288,67.7093731452022,2.5));
#7996=CARTESIAN_POINT('Ctrl Pts',(110.135781599964,69.5962130539427,0.));
#7997=CARTESIAN_POINT('Ctrl Pts',(110.135781599964,69.5962130539427,2.5));
#7998=CARTESIAN_POINT('Ctrl Pts',(108.87825879325,72.1867914268761,0.));
#7999=CARTESIAN_POINT('Ctrl Pts',(108.87825879325,72.1867914268761,2.5));
#8000=CARTESIAN_POINT('Ctrl Pts',(107.85542266631,77.2141736152365,0.));
#8001=CARTESIAN_POINT('Ctrl Pts',(107.85542266631,77.2141736152365,2.5));
#8002=CARTESIAN_POINT('Ctrl Pts',(106.822829257131,82.2895142063588,0.));
#8003=CARTESIAN_POINT('Ctrl Pts',(106.822829257131,82.2895142063588,2.5));
#8004=CARTESIAN_POINT('Ctrl Pts',(106.005,89.8789812833803,0.));
#8005=CARTESIAN_POINT('Ctrl Pts',(106.005,89.8789812833803,2.5));
#8006=CARTESIAN_POINT('Ctrl Pts',(106.005,102.032499999998,0.));
#8007=CARTESIAN_POINT('Ctrl Pts',(106.005,102.032499999998,2.5));
#8008=CARTESIAN_POINT('',(106.015682999159,99.668285419719,1.60299019286999));
#8009=CARTESIAN_POINT('Ctrl Pts',(106.015668602362,99.6682543207414,1.60299019286999));
#8010=CARTESIAN_POINT('Ctrl Pts',(106.033112120782,97.7681571096824,1.60299019286999));
#8011=CARTESIAN_POINT('Ctrl Pts',(106.07158332324,95.9877738412801,1.60299019286999));
#8012=CARTESIAN_POINT('Ctrl Pts',(106.128401155545,94.3179911372677,1.60299019286999));
#8013=CARTESIAN_POINT('Ctrl Pts',(106.005,102.032499999998,2.46443116231883));
#8014=CARTESIAN_POINT('Ctrl Pts',(106.005,101.857284024047,2.31719836551509));
#8015=CARTESIAN_POINT('Ctrl Pts',(106.005170615723,101.668909178194,2.18683844983641));
#8016=CARTESIAN_POINT('Ctrl Pts',(106.005588703171,101.469929663267,2.07491675758631));
#8017=CARTESIAN_POINT('Ctrl Pts',(106.005827248069,101.356399471288,2.01105846939796));
#8018=CARTESIAN_POINT('Ctrl Pts',(106.006146225225,101.239416370588,1.95320258326552));
#8019=CARTESIAN_POINT('Ctrl Pts',(106.006558391131,101.119446892502,1.90163984825986));
#8020=CARTESIAN_POINT('Ctrl Pts',(106.00713291512,100.952219710175,1.82976580974913));
#8021=CARTESIAN_POINT('Ctrl Pts',(106.007885742612,100.780153658288,1.77053866124892));
#8022=CARTESIAN_POINT('Ctrl Pts',(106.008838570769,100.604738414049,1.72431382280744));
#8023=CARTESIAN_POINT('Ctrl Pts',(106.009762341434,100.434672641384,1.67949865922261));
#8024=CARTESIAN_POINT('Ctrl Pts',(106.010874119311,100.261458979508,1.64690485983706));
#8025=CARTESIAN_POINT('Ctrl Pts',(106.012184836926,100.086406201402,1.6268563095304));
#8026=CARTESIAN_POINT('Ctrl Pts',(106.012553687089,100.037144449695,1.62121442987575));
#8027=CARTESIAN_POINT('Ctrl Pts',(106.012938235851,99.9877367447005,1.6165660344456));
#8028=CARTESIAN_POINT('Ctrl Pts',(106.013338593559,99.9382115116073,1.61291834117889));
#8029=CARTESIAN_POINT('Ctrl Pts',(106.013769014656,99.8849673633954,1.60899673781039));
#8030=CARTESIAN_POINT('Ctrl Pts',(106.014217250655,99.831644188512,1.60623581024274));
#8031=CARTESIAN_POINT('Ctrl Pts',(106.014683221056,99.7782799509661,1.60463750457566));
#8032=CARTESIAN_POINT('Ctrl Pts',(106.014868561915,99.7570541959507,1.604001774617));
#8033=CARTESIAN_POINT('Ctrl Pts',(106.015056695175,99.7358233474107,1.60355002160701));
#8034=CARTESIAN_POINT('Ctrl Pts',(106.015247610442,99.7145897971032,1.60328229515022));
#8035=CARTESIAN_POINT('Ctrl Pts',(106.015319925926,99.7065468862899,1.60318088488283));
#8036=CARTESIAN_POINT('Ctrl Pts',(106.015392639827,99.6985036668309,1.60310587912805));
#8037=CARTESIAN_POINT('Ctrl Pts',(106.015465751467,99.690460268734,1.60305727902719));
#8038=CARTESIAN_POINT('Ctrl Pts',(106.015533032121,99.6830583682708,1.60301255500574));
#8039=CARTESIAN_POINT('Ctrl Pts',(106.015600649278,99.6756563518326,1.60299019286999));
#8040=CARTESIAN_POINT('Ctrl Pts',(106.015668602362,99.6682543207398,1.60299019286999));
#8041=CARTESIAN_POINT('',(111.7,64.35,0.));
#8042=CARTESIAN_POINT('Ctrl Pts',(111.7,64.35,0.));
#8043=CARTESIAN_POINT('Ctrl Pts',(111.7,65.5894560699109,0.));
#8044=CARTESIAN_POINT('Ctrl Pts',(111.413680982098,66.4690004738335,0.));
#8045=CARTESIAN_POINT('Ctrl Pts',(110.906816984288,67.7093731452022,0.));
#8046=CARTESIAN_POINT('Ctrl Pts',(110.135781599964,69.5962130539427,0.));
#8047=CARTESIAN_POINT('Ctrl Pts',(108.87825879325,72.1867914268761,0.));
#8048=CARTESIAN_POINT('Ctrl Pts',(107.85542266631,77.2141736152365,0.));
#8049=CARTESIAN_POINT('Ctrl Pts',(106.822829257131,82.2895142063588,0.));
#8050=CARTESIAN_POINT('Ctrl Pts',(106.005,89.8789812833803,0.));
#8051=CARTESIAN_POINT('Ctrl Pts',(106.005,102.032499999998,0.));
#8052=CARTESIAN_POINT('',(111.7,64.35,2.5));
#8053=CARTESIAN_POINT('',(111.7,64.35,0.));
#8054=CARTESIAN_POINT('Ctrl Pts',(111.7,64.35,2.5));
#8055=CARTESIAN_POINT('Ctrl Pts',(111.7,65.5894560699109,2.5));
#8056=CARTESIAN_POINT('Ctrl Pts',(111.413680982098,66.4690004738335,2.5));
#8057=CARTESIAN_POINT('Ctrl Pts',(110.906816984288,67.7093731452022,2.5));
#8058=CARTESIAN_POINT('Ctrl Pts',(110.135781599964,69.5962130539427,2.5));
#8059=CARTESIAN_POINT('Ctrl Pts',(108.87825879325,72.1867914268761,2.5));
#8060=CARTESIAN_POINT('Ctrl Pts',(107.85542266631,77.2141736152365,2.5));
#8061=CARTESIAN_POINT('Ctrl Pts',(107.145559205803,80.7032515071144,2.5));
#8062=CARTESIAN_POINT('Ctrl Pts',(106.537192635967,85.3804979952832,2.5));
#8063=CARTESIAN_POINT('Ctrl Pts',(106.226252812811,91.9119133785626,2.5));
#8064=CARTESIAN_POINT('Origin',(111.7,8.16931909728538,0.));
#8065=CARTESIAN_POINT('',(111.7,8.16931909728538,0.));
#8066=CARTESIAN_POINT('',(111.7,37.5896595486427,0.));
#8067=CARTESIAN_POINT('',(111.7,8.16931909728538,2.5));
#8068=CARTESIAN_POINT('',(111.7,8.16931909728538,0.));
#8069=CARTESIAN_POINT('',(111.7,64.35,2.5));
#8070=CARTESIAN_POINT('Ctrl Pts',(105.005,102.032499999998,0.));
#8071=CARTESIAN_POINT('Ctrl Pts',(105.005,102.032499999998,2.5));
#8072=CARTESIAN_POINT('Ctrl Pts',(105.005,87.7291346467972,0.));
#8073=CARTESIAN_POINT('Ctrl Pts',(105.005,87.7291346467972,2.5));
#8074=CARTESIAN_POINT('Ctrl Pts',(106.132545027721,79.6654425431954,0.));
#8075=CARTESIAN_POINT('Ctrl Pts',(106.132545027721,79.6654425431954,2.5));
#8076=CARTESIAN_POINT('Ctrl Pts',(107.437075671008,74.5544948820682,0.));
#8077=CARTESIAN_POINT('Ctrl Pts',(107.437075671008,74.5544948820682,2.5));
#8078=CARTESIAN_POINT('Ctrl Pts',(108.433931480374,70.6489692483286,0.));
#8079=CARTESIAN_POINT('Ctrl Pts',(108.433931480374,70.6489692483286,2.5));
#8080=CARTESIAN_POINT('Ctrl Pts',(109.554995102426,68.4442687742661,0.));
#8081=CARTESIAN_POINT('Ctrl Pts',(109.554995102426,68.4442687742661,2.5));
#8082=CARTESIAN_POINT('Ctrl Pts',(110.147009262784,66.9152840236914,0.));
#8083=CARTESIAN_POINT('Ctrl Pts',(110.147009262784,66.9152840236914,2.5));
#8084=CARTESIAN_POINT('Ctrl Pts',(110.525707601339,65.9372263630969,0.));
#8085=CARTESIAN_POINT('Ctrl Pts',(110.525707601339,65.9372263630969,2.5));
#8086=CARTESIAN_POINT('Ctrl Pts',(110.7,65.2963214851806,0.));
#8087=CARTESIAN_POINT('Ctrl Pts',(110.7,65.2963214851806,2.5));
#8088=CARTESIAN_POINT('Ctrl Pts',(110.7,64.35,0.));
#8089=CARTESIAN_POINT('Ctrl Pts',(110.7,64.35,2.5));
#8090=CARTESIAN_POINT('',(107.005,76.3960678651699,0.));
#8091=CARTESIAN_POINT('Ctrl Pts',(107.005127173727,76.3950373095803,0.));
#8092=CARTESIAN_POINT('Ctrl Pts',(107.145972114044,75.741083634002,0.));
#8093=CARTESIAN_POINT('Ctrl Pts',(107.2904052679,75.1291266529512,0.));
#8094=CARTESIAN_POINT('Ctrl Pts',(107.437075671008,74.5544948820682,0.));
#8095=CARTESIAN_POINT('Ctrl Pts',(108.433931480374,70.6489692483286,0.));
#8096=CARTESIAN_POINT('Ctrl Pts',(109.554995102426,68.4442687742661,0.));
#8097=CARTESIAN_POINT('Ctrl Pts',(110.147009262784,66.9152840236914,0.));
#8098=CARTESIAN_POINT('Ctrl Pts',(110.525707601339,65.9372263630969,0.));
#8099=CARTESIAN_POINT('Ctrl Pts',(110.7,65.2963214851806,0.));
#8100=CARTESIAN_POINT('Ctrl Pts',(110.7,64.35,0.));
#8101=CARTESIAN_POINT('',(105.033798967374,98.185,0.));
#8102=CARTESIAN_POINT('Ctrl Pts',(105.033744501118,98.1846401103198,0.));
#8103=CARTESIAN_POINT('Ctrl Pts',(105.194455851539,87.7286327385152,0.));
#8104=CARTESIAN_POINT('Ctrl Pts',(106.010280093164,81.0141873018105,0.));
#8105=CARTESIAN_POINT('Ctrl Pts',(107.005127173727,76.3950373095803,0.));
#8106=CARTESIAN_POINT('',(105.005,102.032499999998,0.));
#8107=CARTESIAN_POINT('Ctrl Pts',(105.005,102.032499999998,0.));
#8108=CARTESIAN_POINT('Ctrl Pts',(105.005,100.696321142957,0.));
#8109=CARTESIAN_POINT('Ctrl Pts',(105.014839807924,99.4145943785351,0.));
#8110=CARTESIAN_POINT('Ctrl Pts',(105.033744501118,98.1846401103198,0.));
#8111=CARTESIAN_POINT('',(105.005,102.032499999998,2.5));
#8112=CARTESIAN_POINT('',(105.005,102.032499999998,0.));
#8113=CARTESIAN_POINT('Ctrl Pts',(105.005,102.032499999998,2.5));
#8114=CARTESIAN_POINT('Ctrl Pts',(105.005,87.7291346467972,2.5));
#8115=CARTESIAN_POINT('Ctrl Pts',(106.132545027721,79.6654425431954,2.5));
#8116=CARTESIAN_POINT('Ctrl Pts',(107.437075671008,74.5544948820682,2.5));
#8117=CARTESIAN_POINT('Ctrl Pts',(108.433931480374,70.6489692483286,2.5));
#8118=CARTESIAN_POINT('Ctrl Pts',(109.554995102426,68.4442687742661,2.5));
#8119=CARTESIAN_POINT('Ctrl Pts',(110.147009262784,66.9152840236914,2.5));
#8120=CARTESIAN_POINT('Ctrl Pts',(110.525707601339,65.9372263630969,2.5));
#8121=CARTESIAN_POINT('Ctrl Pts',(110.7,65.2963214851806,2.5));
#8122=CARTESIAN_POINT('Ctrl Pts',(110.7,64.35,2.5));
#8123=CARTESIAN_POINT('Origin',(7.69499999999992,132.02,0.));
#8124=CARTESIAN_POINT('',(11.7050000000001,132.02,0.));
#8125=CARTESIAN_POINT('',(11.7050000000001,132.02,2.5));
#8126=CARTESIAN_POINT('',(11.7050000000001,132.02,0.));
#8127=CARTESIAN_POINT('',(7.69499999999992,132.02,0.));
#8128=CARTESIAN_POINT('',(32.0225,132.02,0.));
#8129=CARTESIAN_POINT('',(7.69499999999992,132.02,2.5));
#8130=CARTESIAN_POINT('',(7.69499999999992,132.02,0.));
#8131=CARTESIAN_POINT('',(7.69499999999992,132.02,2.5));
#8132=CARTESIAN_POINT('Origin',(7.69499999999992,102.032500000001,0.));
#8133=CARTESIAN_POINT('',(7.69499999999992,102.032500000001,0.));
#8134=CARTESIAN_POINT('',(7.69499999999993,84.5212500000004,0.));
#8135=CARTESIAN_POINT('',(7.69499999999992,102.032500000001,2.5));
#8136=CARTESIAN_POINT('',(7.69499999999992,102.032500000001,0.));
#8137=CARTESIAN_POINT('',(7.69499999999992,132.02,2.5));
#8138=CARTESIAN_POINT('Ctrl Pts',(2.,64.35,0.));
#8139=CARTESIAN_POINT('Ctrl Pts',(2.,64.35,2.5));
#8140=CARTESIAN_POINT('Ctrl Pts',(2.,65.2963214851828,0.));
#8141=CARTESIAN_POINT('Ctrl Pts',(2.,65.2963214851828,2.5));
#8142=CARTESIAN_POINT('Ctrl Pts',(2.17429239866122,65.9372263631006,0.));
#8143=CARTESIAN_POINT('Ctrl Pts',(2.17429239866122,65.9372263631006,2.5));
#8144=CARTESIAN_POINT('Ctrl Pts',(2.55299073721691,66.9152840236969,0.));
#8145=CARTESIAN_POINT('Ctrl Pts',(2.55299073721691,66.9152840236969,2.5));
#8146=CARTESIAN_POINT('Ctrl Pts',(3.145004897576,68.4442687742744,0.));
#8147=CARTESIAN_POINT('Ctrl Pts',(3.145004897576,68.4442687742744,2.5));
#8148=CARTESIAN_POINT('Ctrl Pts',(4.26606851962883,70.6489692483403,0.));
#8149=CARTESIAN_POINT('Ctrl Pts',(4.26606851962883,70.6489692483403,2.5));
#8150=CARTESIAN_POINT('Ctrl Pts',(5.26292432899507,74.5544948820868,0.));
#8151=CARTESIAN_POINT('Ctrl Pts',(5.26292432899507,74.5544948820868,2.5));
#8152=CARTESIAN_POINT('Ctrl Pts',(6.56745497228132,79.6654425432148,0.));
#8153=CARTESIAN_POINT('Ctrl Pts',(6.56745497228132,79.6654425432148,2.5));
#8154=CARTESIAN_POINT('Ctrl Pts',(7.69499999999994,87.7291346468143,0.));
#8155=CARTESIAN_POINT('Ctrl Pts',(7.69499999999994,87.7291346468143,2.5));
#8156=CARTESIAN_POINT('Ctrl Pts',(7.69499999999992,102.032500000001,0.));
#8157=CARTESIAN_POINT('Ctrl Pts',(7.69499999999992,102.032500000001,2.5));
#8158=CARTESIAN_POINT('',(5.89167013177127,77.3500000000176,2.5));
#8159=CARTESIAN_POINT('',(5.89167013176439,77.3500000000001,0.));
#8160=CARTESIAN_POINT('Ctrl Pts',(5.89167013176434,77.35,2.5));
#8161=CARTESIAN_POINT('Ctrl Pts',(5.89167013176434,77.35,2.08333333333333));
#8162=CARTESIAN_POINT('Ctrl Pts',(5.89167013176434,77.35,1.66666666666667));
#8163=CARTESIAN_POINT('Ctrl Pts',(5.89167013176434,77.35,0.833333333333333));
#8164=CARTESIAN_POINT('Ctrl Pts',(5.89167013176434,77.35,0.416666666666667));
#8165=CARTESIAN_POINT('Ctrl Pts',(5.89167013176434,77.35,0.));
#8166=CARTESIAN_POINT('Ctrl Pts',(5.89147866727708,77.3481251385427,2.5));
#8167=CARTESIAN_POINT('Ctrl Pts',(6.90963790848597,82.5039738119651,2.5));
#8168=CARTESIAN_POINT('Ctrl Pts',(7.69499999999993,90.0951960458878,2.5));
#8169=CARTESIAN_POINT('Ctrl Pts',(7.69499999999992,102.032500000001,2.5));
#8170=CARTESIAN_POINT('',(7.66620103262556,98.185,0.));
#8171=CARTESIAN_POINT('Ctrl Pts',(7.66625549888199,98.1846401103197,0.));
#8172=CARTESIAN_POINT('Ctrl Pts',(7.68516019207627,99.414594378536,0.));
#8173=CARTESIAN_POINT('Ctrl Pts',(7.69499999999992,100.696321142959,0.));
#8174=CARTESIAN_POINT('Ctrl Pts',(7.69499999999992,102.032500000001,0.));
#8175=CARTESIAN_POINT('Ctrl Pts',(5.89167013176434,77.35,0.));
#8176=CARTESIAN_POINT('Ctrl Pts',(6.79531568875456,81.9288469846182,0.));
#8177=CARTESIAN_POINT('Ctrl Pts',(7.51594766530633,88.4270056137787,0.));
#8178=CARTESIAN_POINT('Ctrl Pts',(7.66620103264817,98.1850000014682,0.));
#8179=CARTESIAN_POINT('Origin',(1.,64.35,0.));
#8180=CARTESIAN_POINT('',(1.,8.16931909728538,0.));
#8181=CARTESIAN_POINT('',(0.999999999999996,65.68,0.));
#8182=CARTESIAN_POINT('',(1.,8.16931909728538,0.));
#8183=CARTESIAN_POINT('Ctrl Pts',(6.69499999999992,102.032500000001,0.));
#8184=CARTESIAN_POINT('Ctrl Pts',(6.69499999999992,102.032500000001,2.5));
#8185=CARTESIAN_POINT('Ctrl Pts',(6.69499999999993,89.8789812833918,0.));
#8186=CARTESIAN_POINT('Ctrl Pts',(6.69499999999993,89.8789812833918,2.5));
#8187=CARTESIAN_POINT('Ctrl Pts',(5.87717074286958,82.2895142063729,0.));
#8188=CARTESIAN_POINT('Ctrl Pts',(5.87717074286958,82.2895142063729,2.5));
#8189=CARTESIAN_POINT('Ctrl Pts',(4.84457733369181,77.2141736152508,0.));
#8190=CARTESIAN_POINT('Ctrl Pts',(4.84457733369181,77.2141736152508,2.5));
#8191=CARTESIAN_POINT('Ctrl Pts',(3.82174120675201,72.1867914268855,0.));
#8192=CARTESIAN_POINT('Ctrl Pts',(3.82174120675201,72.1867914268855,2.5));
#8193=CARTESIAN_POINT('Ctrl Pts',(2.56421840003685,69.5962130539497,0.));
#8194=CARTESIAN_POINT('Ctrl Pts',(2.56421840003685,69.5962130539497,2.5));
#8195=CARTESIAN_POINT('Ctrl Pts',(1.79318301571293,67.7093731452071,0.));
#8196=CARTESIAN_POINT('Ctrl Pts',(1.79318301571293,67.7093731452071,2.5));
#8197=CARTESIAN_POINT('Ctrl Pts',(1.28631901790186,66.4690004738369,0.));
#8198=CARTESIAN_POINT('Ctrl Pts',(1.28631901790186,66.4690004738369,2.5));
#8199=CARTESIAN_POINT('Ctrl Pts',(1.,65.5894560699129,0.));
#8200=CARTESIAN_POINT('Ctrl Pts',(1.,65.5894560699129,2.5));
#8201=CARTESIAN_POINT('Ctrl Pts',(1.,64.35,0.));
#8202=CARTESIAN_POINT('Ctrl Pts',(1.,64.35,2.5));
#8203=CARTESIAN_POINT('',(4.87203869434118,77.350000034824,0.));
#8204=CARTESIAN_POINT('',(4.87203869434118,77.350000034824,2.5));
#8205=CARTESIAN_POINT('Ctrl Pts',(4.87203868034803,77.35,0.));
#8206=CARTESIAN_POINT('Ctrl Pts',(4.87203868034803,77.35,0.416666666666667));
#8207=CARTESIAN_POINT('Ctrl Pts',(4.87203868034803,77.35,0.833333333333333));
#8208=CARTESIAN_POINT('Ctrl Pts',(4.87203868034803,77.35,1.66666666666667));
#8209=CARTESIAN_POINT('Ctrl Pts',(4.87203868034803,77.35,2.08333333333333));
#8210=CARTESIAN_POINT('Ctrl Pts',(4.87203868034803,77.35,2.5));
#8211=CARTESIAN_POINT('Ctrl Pts',(6.69499999999992,102.032500000001,0.));
#8212=CARTESIAN_POINT('Ctrl Pts',(6.69499999999993,89.9869216848111,0.));
#8213=CARTESIAN_POINT('Ctrl Pts',(5.89163318933958,82.4246845773598,0.));
#8214=CARTESIAN_POINT('Ctrl Pts',(4.87203875083067,77.349998555784,0.));
#8215=CARTESIAN_POINT('Ctrl Pts',(6.69499999999992,102.032500000001,2.5));
#8216=CARTESIAN_POINT('Ctrl Pts',(6.69499999999993,89.9869216848111,2.5));
#8217=CARTESIAN_POINT('Ctrl Pts',(5.89163318933958,82.4246845773598,2.5));
#8218=CARTESIAN_POINT('Ctrl Pts',(4.87203875083067,77.349998555784,2.5));
#8219=CARTESIAN_POINT('Origin',(56.35,70.5946595486427,2.5));
#8220=CARTESIAN_POINT('',(105.365,102.074193873571,2.5));
#8221=CARTESIAN_POINT('',(107.005,102.074193873571,2.5));
#8222=CARTESIAN_POINT('',(105.365,83.7939724841808,2.5));
#8223=CARTESIAN_POINT('',(110.7,8.16931909728538,2.5));
#8224=CARTESIAN_POINT('',(0.,8.16931909728538,2.5));
#8225=CARTESIAN_POINT('',(110.7,66.4723297743214,2.5));
#8226=CARTESIAN_POINT('',(105.005,132.02,2.5));
#8227=CARTESIAN_POINT('',(105.005,101.307329774321,2.5));
#8228=CARTESIAN_POINT('',(34.0275,132.02,2.5));
#8229=CARTESIAN_POINT('',(31.5275,77.35,2.5));
#8230=CARTESIAN_POINT('Origin',(2.,64.35,0.));
#8231=CARTESIAN_POINT('',(2.,62.35,0.));
#8232=CARTESIAN_POINT('',(2.,65.68,0.));
#8233=CARTESIAN_POINT('',(2.,62.35,0.));
#8234=CARTESIAN_POINT('Origin',(107.005,99.6682854197189,5.27799019286992));
#8235=CARTESIAN_POINT('Origin',(105.365,99.6682854197189,5.27799019286992));
#8236=CARTESIAN_POINT('',(107.005,99.668285419719,1.60299019286999));
#8237=CARTESIAN_POINT('Origin',(11.7050000000001,132.02,0.));
#8238=CARTESIAN_POINT('',(105.005,132.02,11.45));
#8239=CARTESIAN_POINT('',(105.005,132.02,0.));
#8240=CARTESIAN_POINT('',(11.7050000000001,132.02,11.45));
#8241=CARTESIAN_POINT('',(34.0275,132.02,11.45));
#8242=CARTESIAN_POINT('',(11.7050000000001,132.02,0.));
#8243=CARTESIAN_POINT('',(50.0107670052612,132.02,8.25));
#8244=CARTESIAN_POINT('',(50.0107670052612,132.02,4.1487312928734));
#8245=CARTESIAN_POINT('',(50.0107670052612,132.02,4.125));
#8246=CARTESIAN_POINT('',(46.0792727384317,132.02,4.1487312928734));
#8247=CARTESIAN_POINT('',(29.8750099359233,132.02,4.1487312928734));
#8248=CARTESIAN_POINT('',(46.0792727384317,132.02,8.25));
#8249=CARTESIAN_POINT('',(46.0792727384317,132.02,4.125));
#8250=CARTESIAN_POINT('',(46.6647670052612,132.02,8.25));
#8251=CARTESIAN_POINT('',(29.8750099359233,132.02,8.25));
#8252=CARTESIAN_POINT('',(46.6647670052612,132.02,4.90274438047831));
#8253=CARTESIAN_POINT('',(46.6647670052612,132.02,4.25));
#8254=CARTESIAN_POINT('',(49.4147670052612,132.02,4.90274438047831));
#8255=CARTESIAN_POINT('',(49.4147670052612,132.02,4.90274438047831));
#8256=CARTESIAN_POINT('',(49.4147670052612,132.02,8.25));
#8257=CARTESIAN_POINT('',(49.4147670052612,132.02,4.25));
#8258=CARTESIAN_POINT('',(29.8750099359233,132.02,8.25));
#8259=CARTESIAN_POINT('',(60.2247361752549,132.02,8.25));
#8260=CARTESIAN_POINT('',(60.2247361752549,132.02,4.1487312928734));
#8261=CARTESIAN_POINT('',(60.2247361752549,132.02,4.125));
#8262=CARTESIAN_POINT('',(56.3943703160491,132.02,4.1487312928734));
#8263=CARTESIAN_POINT('',(35.007276622826,132.02,4.1487312928734));
#8264=CARTESIAN_POINT('',(56.3943703160491,132.02,8.25));
#8265=CARTESIAN_POINT('',(56.3943703160491,132.02,4.125));
#8266=CARTESIAN_POINT('',(56.9798645828786,132.02,8.25));
#8267=CARTESIAN_POINT('',(35.007276622826,132.02,8.25));
#8268=CARTESIAN_POINT('',(56.9798645828786,132.02,4.90274438047831));
#8269=CARTESIAN_POINT('',(56.9798645828786,132.02,4.25));
#8270=CARTESIAN_POINT('',(59.7298645828786,132.02,4.90274438047831));
#8271=CARTESIAN_POINT('',(59.7298645828786,132.02,4.90274438047831));
#8272=CARTESIAN_POINT('',(59.7298645828786,132.02,8.25));
#8273=CARTESIAN_POINT('',(59.7298645828786,132.02,4.25));
#8274=CARTESIAN_POINT('',(35.007276622826,132.02,8.25));
#8275=CARTESIAN_POINT('',(70.3375769376249,132.02,8.25));
#8276=CARTESIAN_POINT('',(70.3375769376249,132.02,4.1487312928734));
#8277=CARTESIAN_POINT('',(70.3375769376249,132.02,4.125));
#8278=CARTESIAN_POINT('',(66.4060826707954,132.02,4.1487312928734));
#8279=CARTESIAN_POINT('',(40.0384149021051,132.02,4.1487312928734));
#8280=CARTESIAN_POINT('',(66.4060826707954,132.02,8.25));
#8281=CARTESIAN_POINT('',(66.4060826707954,132.02,4.125));
#8282=CARTESIAN_POINT('',(66.9915769376249,132.02,8.25));
#8283=CARTESIAN_POINT('',(40.0384149021051,132.02,8.25));
#8284=CARTESIAN_POINT('',(66.9915769376249,132.02,4.90274438047831));
#8285=CARTESIAN_POINT('',(66.9915769376249,132.02,4.25));
#8286=CARTESIAN_POINT('',(69.7415769376249,132.02,4.90274438047831));
#8287=CARTESIAN_POINT('',(69.7415769376249,132.02,4.90274438047831));
#8288=CARTESIAN_POINT('',(69.7415769376249,132.02,8.25));
#8289=CARTESIAN_POINT('',(69.7415769376249,132.02,4.25));
#8290=CARTESIAN_POINT('',(40.0384149021051,132.02,8.25));
#8291=CARTESIAN_POINT('Origin',(105.005,132.02,0.));
#8292=CARTESIAN_POINT('',(105.005,78.3474174703,0.));
#8293=CARTESIAN_POINT('',(105.005,132.02,0.));
#8294=CARTESIAN_POINT('',(105.005,78.3474174703,6.9));
#8295=CARTESIAN_POINT('',(105.005,78.3474174703,0.));
#8296=CARTESIAN_POINT('',(105.005,62.35,6.9));
#8297=CARTESIAN_POINT('',(105.005,99.515,6.9));
#8298=CARTESIAN_POINT('',(105.005,62.35,11.45));
#8299=CARTESIAN_POINT('',(105.005,62.35,6.9));
#8300=CARTESIAN_POINT('',(105.005,99.515,11.45));
#8301=CARTESIAN_POINT('',(105.005,123.421100857103,4.125));
#8302=CARTESIAN_POINT('',(105.005,109.572553103132,4.125));
#8303=CARTESIAN_POINT('',(105.005,91.943285419719,6.94299019286992));
#8304=CARTESIAN_POINT('',(105.005,111.981642709859,6.94299019287014));
#8305=CARTESIAN_POINT('',(105.005,91.943285419719,3.11299019286993));
#8306=CARTESIAN_POINT('',(105.005,91.943285419719,1.55649509643496));
#8307=CARTESIAN_POINT('',(105.005,102.043285419719,3.11299019286993));
#8308=CARTESIAN_POINT('',(105.005,117.03164270986,3.11299019286993));
#8309=CARTESIAN_POINT('',(105.005,102.043285419719,6.94299019286992));
#8310=CARTESIAN_POINT('',(105.005,102.043285419719,3.47149509643496));
#8311=CARTESIAN_POINT('',(105.005,116.78164270986,6.94299019286976));
#8312=CARTESIAN_POINT('Origin',(56.35,67.01,0.));
#8313=CARTESIAN_POINT('',(110.562,62.35,0.));
#8314=CARTESIAN_POINT('',(2.,62.35,0.));
#8315=CARTESIAN_POINT('',(105.531954199404,76.8304287505605,0.));
#8316=CARTESIAN_POINT('Origin',(56.35,67.01,0.));
#8317=CARTESIAN_POINT('',(3.8516861059431,77.35,0.));
#8318=CARTESIAN_POINT('',(31.5275,77.35,0.));
#8319=CARTESIAN_POINT('',(5.69499999999992,102.032500000001,0.));
#8320=CARTESIAN_POINT('Ctrl Pts',(3.8516861059431,77.35,0.));
#8321=CARTESIAN_POINT('Ctrl Pts',(4.87197956660471,82.3349262974403,0.));
#8322=CARTESIAN_POINT('Ctrl Pts',(5.69499999999993,89.8723552810095,0.));
#8323=CARTESIAN_POINT('Ctrl Pts',(5.69499999999992,102.032500000001,0.));
#8324=CARTESIAN_POINT('',(5.69499999999989,134.02,0.));
#8325=CARTESIAN_POINT('',(5.6949999999999,134.02,0.));
#8326=CARTESIAN_POINT('',(107.005,134.02,0.));
#8327=CARTESIAN_POINT('',(112.7,8.16931909728538,0.));
#8328=CARTESIAN_POINT('',(112.7,0.,0.));
#8329=CARTESIAN_POINT('',(84.525,8.16931909728538,0.));
#8330=CARTESIAN_POINT('Origin',(110.7,62.35,0.));
#8331=CARTESIAN_POINT('',(110.7,6.55924943390103,-5.9));
#8332=CARTESIAN_POINT('',(110.7,6.55924943390103,-5.18814625631164));
#8333=CARTESIAN_POINT('',(110.7,6.55924943390103,-4.19407312815582));
#8334=CARTESIAN_POINT('',(110.7,2.,0.));
#8335=CARTESIAN_POINT('Origin',(110.7,8.16931909728538,0.824120196678718));
#8336=CARTESIAN_POINT('',(110.7,2.,6.9));
#8337=CARTESIAN_POINT('',(110.7,2.,0.));
#8338=CARTESIAN_POINT('',(110.7,62.35,6.9));
#8339=CARTESIAN_POINT('',(110.7,64.68,6.9));
#8340=CARTESIAN_POINT('',(110.7,62.35,0.));
#8341=CARTESIAN_POINT('',(110.7,8.16931909728538,-5.9));
#8342=CARTESIAN_POINT('',(110.7,8.16931909728538,-1.6));
#8343=CARTESIAN_POINT('',(110.7,5.32195449127186,-5.9));
#8344=CARTESIAN_POINT('Origin',(6.70500000000004,73.35,-1.12758832291772));
#8345=CARTESIAN_POINT('',(2.85306789098231,73.35,0.));
#8346=CARTESIAN_POINT('',(31.5275,73.35,0.));
#8347=CARTESIAN_POINT('',(2.85306789098231,73.35,3.07693295873292));
#8348=CARTESIAN_POINT('Ctrl Pts',(2.85306789098231,73.35,3.07693295873292));
#8349=CARTESIAN_POINT('Ctrl Pts',(2.85306789098231,73.35,2.05128863915528));
#8350=CARTESIAN_POINT('Ctrl Pts',(2.85306789098231,73.35,1.02564431957764));
#8351=CARTESIAN_POINT('Ctrl Pts',(2.85306789098231,73.35,0.));
#8352=CARTESIAN_POINT('',(6.70500000000004,73.35,3.07693295873292));
#8353=CARTESIAN_POINT('',(6.70500000000004,73.35,3.07693295873292));
#8354=CARTESIAN_POINT('',(6.70500000000006,73.35,0.));
#8355=CARTESIAN_POINT('',(6.70500000000006,73.35,2.88620583854114));
#8356=CARTESIAN_POINT('',(31.5275,73.35,0.));
#8357=CARTESIAN_POINT('Origin',(110.7,6.55924943390103,-5.18814625631164));
#8358=CARTESIAN_POINT('',(1.99999999999999,6.55924943390103,-5.18814625631164));
#8359=CARTESIAN_POINT('',(1.99999999999999,6.55924943390103,-5.9));
#8360=CARTESIAN_POINT('',(1.99999999999999,6.55924943390103,-4.19407312815582));
#8361=CARTESIAN_POINT('',(110.7,6.55924943390103,-5.18814625631164));
#8362=CARTESIAN_POINT('',(110.7,6.55924943390103,-5.9));
#8363=CARTESIAN_POINT('Origin',(56.35,67.01,0.));
#8364=CARTESIAN_POINT('',(0.,8.16931909728538,0.));
#8365=CARTESIAN_POINT('',(29.175,8.16931909728538,0.));
#8366=CARTESIAN_POINT('',(0.,64.35,0.));
#8367=CARTESIAN_POINT('',(0.,64.35,0.));
#8368=CARTESIAN_POINT('Ctrl Pts',(0.,64.35,0.));
#8369=CARTESIAN_POINT('Ctrl Pts',(0.,67.201211929425,0.));
#8370=CARTESIAN_POINT('Ctrl Pts',(1.42746434881307,68.6249595100365,0.));
#8371=CARTESIAN_POINT('Ctrl Pts',(2.85306789098231,73.35,0.));
#8372=CARTESIAN_POINT('Origin',(110.7,6.55924943390103,-5.9));
#8373=CARTESIAN_POINT('',(1.99999999999999,8.16931909728538,-5.9));
#8374=CARTESIAN_POINT('',(1.99999999999999,5.32195449127186,-5.9));
#8375=CARTESIAN_POINT('',(110.7,8.16931909728538,-5.9));
#8376=CARTESIAN_POINT('Origin',(110.7,8.16931909728538,0.824120196678718));
#8377=CARTESIAN_POINT('',(2.,2.,0.));
#8378=CARTESIAN_POINT('Origin',(1.99999999999999,8.16931909728538,0.824120196678718));
#8379=CARTESIAN_POINT('',(110.7,2.,0.));
#8380=CARTESIAN_POINT('Origin',(110.7,6.4,0.));
#8381=CARTESIAN_POINT('',(112.7,6.4,-6.4));
#8382=CARTESIAN_POINT('',(0.,6.4,-6.4));
#8383=CARTESIAN_POINT('',(110.7,6.4,-6.4));
#8384=CARTESIAN_POINT('',(112.7,0.,0.));
#8385=CARTESIAN_POINT('Origin',(112.7,6.4,0.));
#8386=CARTESIAN_POINT('',(0.,0.,0.));
#8387=CARTESIAN_POINT('',(0.,0.,0.));
#8388=CARTESIAN_POINT('Origin',(0.,6.4,0.));
#8389=CARTESIAN_POINT('Origin',(110.7,8.16931909728538,-6.4));
#8390=CARTESIAN_POINT('',(112.7,8.16931909728538,-6.4));
#8391=CARTESIAN_POINT('',(0.,8.16931909728538,-6.4));
#8392=CARTESIAN_POINT('',(110.7,8.16931909728538,-6.4));
#8393=CARTESIAN_POINT('',(112.7,6.4,-6.4));
#8394=CARTESIAN_POINT('',(0.,6.12698932296404,-6.4));
#8395=CARTESIAN_POINT('Origin',(110.7,8.16931909728538,-5.9));
#8396=CARTESIAN_POINT('',(112.7,8.16931909728538,-5.9));
#8397=CARTESIAN_POINT('',(0.,8.16931909728538,-1.6));
#8398=CARTESIAN_POINT('',(1.99999999999999,8.16931909728538,-1.6));
#8399=CARTESIAN_POINT('Origin',(56.35,67.01,0.));
#8400=CARTESIAN_POINT('',(6.70500000000006,72.35,0.));
#8401=CARTESIAN_POINT('',(6.70500000000006,69.68,0.));
#8402=CARTESIAN_POINT('',(8.40500000000006,72.35,0.));
#8403=CARTESIAN_POINT('',(32.3775,72.35,0.));
#8404=CARTESIAN_POINT('',(8.40500000000006,62.35,0.));
#8405=CARTESIAN_POINT('',(8.40500000000006,64.68,0.));
#8406=CARTESIAN_POINT('',(2.,62.35,0.));
#8407=CARTESIAN_POINT('Origin',(69.4474271301249,134.785567159014,7.09629736042758));
#8408=CARTESIAN_POINT('',(69.1532773226249,135.079716966514,5.49993909960293));
#8409=CARTESIAN_POINT('',(69.1532773226249,135.079716966514,7.02792291561601));
#8410=CARTESIAN_POINT('',(69.1532773226249,135.079716966514,7.09629736042758));
#8411=CARTESIAN_POINT('',(69.7415769376249,134.491417351514,7.61622253061601));
#8412=CARTESIAN_POINT('',(69.1532773226249,135.079716966514,7.02792291561601));
#8413=CARTESIAN_POINT('',(69.7415769376249,134.491417351514,4.91163948460293));
#8414=CARTESIAN_POINT('',(69.7415769376249,134.491417351514,7.09629736042758));
#8415=CARTESIAN_POINT('',(69.7415769376249,134.491417351514,4.91163948460293));
#8416=CARTESIAN_POINT('Origin',(69.7415769376249,134.785567159014,7.32207272311601));
#8417=CARTESIAN_POINT('',(66.9915769376249,134.491417351514,7.61622253061601));
#8418=CARTESIAN_POINT('',(69.7415769376249,134.491417351514,7.61622253061601));
#8419=CARTESIAN_POINT('',(67.5798765526249,135.079716966514,7.02792291561601));
#8420=CARTESIAN_POINT('',(69.7415769376249,135.079716966514,7.02792291561601));
#8421=CARTESIAN_POINT('',(67.5798765526249,135.079716966514,7.02792291561601));
#8422=CARTESIAN_POINT('Origin',(67.2857267451249,134.785567159014,7.09629736042758));
#8423=CARTESIAN_POINT('',(66.9915769376249,134.491417351514,4.91163948460293));
#8424=CARTESIAN_POINT('',(66.9915769376249,134.491417351514,7.09629736042758));
#8425=CARTESIAN_POINT('',(67.5798765526249,135.079716966514,5.49993909960293));
#8426=CARTESIAN_POINT('',(67.5798765526249,135.079716966514,7.09629736042758));
#8427=CARTESIAN_POINT('',(66.9915769376249,134.491417351514,4.91163948460293));
#8428=CARTESIAN_POINT('Origin',(69.7415769376249,134.785567159014,5.20578929210293));
#8429=CARTESIAN_POINT('',(69.7415769376249,135.079716966514,5.49993909960293));
#8430=CARTESIAN_POINT('',(69.7415769376249,134.491417351514,4.91163948460293));
#8431=CARTESIAN_POINT('Origin',(69.7415769376249,134.836716966514,4.91163948460293));
#8432=CARTESIAN_POINT('',(69.7415769376249,132.495491574006,4.91163948460293));
#8433=CARTESIAN_POINT('',(69.7415769376249,134.836716966514,4.91163948460293));
#8434=CARTESIAN_POINT('',(66.9915769376249,132.495491574006,4.91163948460293));
#8435=CARTESIAN_POINT('',(69.7415769376249,132.495491574006,4.91163948460293));
#8436=CARTESIAN_POINT('',(66.9915769376249,134.836716966514,4.91163948460293));
#8437=CARTESIAN_POINT('Origin',(69.7415769376249,133.428358483257,6.57637219023916));
#8438=CARTESIAN_POINT('',(69.7415769376249,132.616095099906,7.61622253061601));
#8439=CARTESIAN_POINT('',(69.7415769376249,134.02,7.61622253061601));
#8440=CARTESIAN_POINT('',(69.7415769376249,132.616095099906,8.25));
#8441=CARTESIAN_POINT('Origin',(69.7415769376249,132.694015022079,7.93311126530801));
#8442=CARTESIAN_POINT('',(69.7415769376249,133.394938980321,8.25));
#8443=CARTESIAN_POINT('',(69.7415769376249,132.495491574006,4.91163948460293));
#8444=CARTESIAN_POINT('Origin',(69.7415769376249,135.079716966514,7.61622253061601));
#8445=CARTESIAN_POINT('Origin',(59.4357147753786,134.785567159014,7.09629736042758));
#8446=CARTESIAN_POINT('',(59.1415649678786,135.079716966514,5.49993909960293));
#8447=CARTESIAN_POINT('',(59.1415649678786,135.079716966514,7.02792291561601));
#8448=CARTESIAN_POINT('',(59.1415649678786,135.079716966514,7.09629736042758));
#8449=CARTESIAN_POINT('',(59.7298645828786,134.491417351514,7.61622253061601));
#8450=CARTESIAN_POINT('',(59.1415649678786,135.079716966514,7.02792291561601));
#8451=CARTESIAN_POINT('',(59.7298645828786,134.491417351514,4.91163948460293));
#8452=CARTESIAN_POINT('',(59.7298645828786,134.491417351514,7.09629736042758));
#8453=CARTESIAN_POINT('',(59.7298645828786,134.491417351514,4.91163948460293));
#8454=CARTESIAN_POINT('Origin',(59.7298645828786,134.785567159014,7.32207272311601));
#8455=CARTESIAN_POINT('',(56.9798645828786,134.491417351514,7.61622253061601));
#8456=CARTESIAN_POINT('',(59.7298645828786,134.491417351514,7.61622253061601));
#8457=CARTESIAN_POINT('',(57.5681641978786,135.079716966514,7.02792291561601));
#8458=CARTESIAN_POINT('',(59.7298645828786,135.079716966514,7.02792291561601));
#8459=CARTESIAN_POINT('',(57.5681641978786,135.079716966514,7.02792291561601));
#8460=CARTESIAN_POINT('Origin',(57.2740143903786,134.785567159014,7.09629736042758));
#8461=CARTESIAN_POINT('',(56.9798645828786,134.491417351514,4.91163948460293));
#8462=CARTESIAN_POINT('',(56.9798645828786,134.491417351514,7.09629736042758));
#8463=CARTESIAN_POINT('',(57.5681641978786,135.079716966514,5.49993909960293));
#8464=CARTESIAN_POINT('',(57.5681641978786,135.079716966514,7.09629736042758));
#8465=CARTESIAN_POINT('',(56.9798645828786,134.491417351514,4.91163948460293));
#8466=CARTESIAN_POINT('Origin',(59.7298645828786,134.785567159014,5.20578929210293));
#8467=CARTESIAN_POINT('',(59.7298645828786,135.079716966514,5.49993909960293));
#8468=CARTESIAN_POINT('',(59.7298645828786,134.491417351514,4.91163948460293));
#8469=CARTESIAN_POINT('Origin',(59.7298645828786,134.836716966514,4.91163948460293));
#8470=CARTESIAN_POINT('',(59.7298645828786,132.495491574006,4.91163948460293));
#8471=CARTESIAN_POINT('',(59.7298645828786,134.836716966514,4.91163948460293));
#8472=CARTESIAN_POINT('',(56.9798645828786,132.495491574006,4.91163948460293));
#8473=CARTESIAN_POINT('',(59.7298645828786,132.495491574006,4.91163948460293));
#8474=CARTESIAN_POINT('',(56.9798645828786,134.836716966514,4.91163948460293));
#8475=CARTESIAN_POINT('Origin',(59.7298645828786,133.428358483257,6.57637219023916));
#8476=CARTESIAN_POINT('',(59.7298645828786,132.616095099906,7.61622253061601));
#8477=CARTESIAN_POINT('',(59.7298645828786,134.02,7.61622253061601));
#8478=CARTESIAN_POINT('',(59.7298645828786,132.616095099906,8.25));
#8479=CARTESIAN_POINT('Origin',(59.7298645828786,132.694015022079,7.93311126530801));
#8480=CARTESIAN_POINT('',(59.7298645828786,133.470785286038,8.25));
#8481=CARTESIAN_POINT('',(59.7298645828786,132.495491574006,4.91163948460293));
#8482=CARTESIAN_POINT('Origin',(59.7298645828786,135.079716966514,7.61622253061601));
#8483=CARTESIAN_POINT('Origin',(49.1206171977612,134.785567159014,7.09629736042758));
#8484=CARTESIAN_POINT('',(48.8264673902612,135.079716966514,5.49993909960293));
#8485=CARTESIAN_POINT('',(48.8264673902612,135.079716966514,7.02792291561601));
#8486=CARTESIAN_POINT('',(48.8264673902612,135.079716966514,7.09629736042758));
#8487=CARTESIAN_POINT('',(49.4147670052612,134.491417351514,7.61622253061601));
#8488=CARTESIAN_POINT('',(48.8264673902612,135.079716966514,7.02792291561601));
#8489=CARTESIAN_POINT('',(49.4147670052612,134.491417351514,4.91163948460293));
#8490=CARTESIAN_POINT('',(49.4147670052612,134.491417351514,7.09629736042758));
#8491=CARTESIAN_POINT('',(49.4147670052612,134.491417351514,4.91163948460293));
#8492=CARTESIAN_POINT('Origin',(49.4147670052612,134.785567159014,7.32207272311601));
#8493=CARTESIAN_POINT('',(46.6647670052612,134.491417351514,7.61622253061601));
#8494=CARTESIAN_POINT('',(49.4147670052612,134.491417351514,7.61622253061601));
#8495=CARTESIAN_POINT('',(47.2530666202612,135.079716966514,7.02792291561601));
#8496=CARTESIAN_POINT('',(49.4147670052612,135.079716966514,7.02792291561601));
#8497=CARTESIAN_POINT('',(47.2530666202612,135.079716966514,7.02792291561601));
#8498=CARTESIAN_POINT('Origin',(46.9589168127612,134.785567159014,7.09629736042758));
#8499=CARTESIAN_POINT('',(46.6647670052612,134.491417351514,4.91163948460293));
#8500=CARTESIAN_POINT('',(46.6647670052612,134.491417351514,7.09629736042758));
#8501=CARTESIAN_POINT('',(47.2530666202612,135.079716966514,5.49993909960293));
#8502=CARTESIAN_POINT('',(47.2530666202612,135.079716966514,7.09629736042758));
#8503=CARTESIAN_POINT('',(46.6647670052612,134.491417351514,4.91163948460293));
#8504=CARTESIAN_POINT('Origin',(49.4147670052612,134.785567159014,5.20578929210293));
#8505=CARTESIAN_POINT('',(49.4147670052612,135.079716966514,5.49993909960293));
#8506=CARTESIAN_POINT('',(49.4147670052612,134.491417351514,4.91163948460293));
#8507=CARTESIAN_POINT('Origin',(49.4147670052612,134.836716966514,4.91163948460293));
#8508=CARTESIAN_POINT('',(49.4147670052612,132.495491574006,4.91163948460293));
#8509=CARTESIAN_POINT('',(49.4147670052612,134.836716966514,4.91163948460293));
#8510=CARTESIAN_POINT('',(46.6647670052612,132.495491574006,4.91163948460293));
#8511=CARTESIAN_POINT('',(49.4147670052612,132.495491574006,4.91163948460293));
#8512=CARTESIAN_POINT('',(46.6647670052612,134.836716966514,4.91163948460293));
#8513=CARTESIAN_POINT('Origin',(49.4147670052612,133.428358483257,6.57637219023916));
#8514=CARTESIAN_POINT('',(49.4147670052612,132.616095099906,7.61622253061601));
#8515=CARTESIAN_POINT('',(49.4147670052612,134.02,7.61622253061601));
#8516=CARTESIAN_POINT('',(49.4147670052612,132.616095099906,8.25));
#8517=CARTESIAN_POINT('Origin',(49.4147670052612,132.694015022079,7.93311126530801));
#8518=CARTESIAN_POINT('',(49.4147670052612,133.369656878415,8.25));
#8519=CARTESIAN_POINT('',(49.4147670052612,132.495491574006,4.91163948460293));
#8520=CARTESIAN_POINT('Origin',(49.4147670052612,135.079716966514,7.61622253061601));
#8521=CARTESIAN_POINT('Origin',(69.7415769376249,132.616095099906,7.61622253061601));
#8522=CARTESIAN_POINT('',(66.9915769376249,132.616095099906,7.61622253061601));
#8523=CARTESIAN_POINT('',(66.9915769376249,134.02,7.61622253061601));
#8524=CARTESIAN_POINT('',(69.7415769376249,132.616095099906,7.61622253061601));
#8525=CARTESIAN_POINT('Origin',(69.7415769376249,132.694015022079,7.93311126530801));
#8526=CARTESIAN_POINT('',(66.9915769376249,132.616095099906,8.25));
#8527=CARTESIAN_POINT('Origin',(66.9915769376249,132.694015022079,7.93311126530801));
#8528=CARTESIAN_POINT('',(69.7415769376249,132.616095099906,8.25));
#8529=CARTESIAN_POINT('Origin',(69.7415769376249,132.495491574006,4.91163948460293));
#8530=CARTESIAN_POINT('',(66.9915769376249,132.495491574006,4.91163948460293));
#8531=CARTESIAN_POINT('Origin',(66.9915769376249,133.428358483257,6.57637219023916));
#8532=CARTESIAN_POINT('',(66.9915769376249,133.394938980321,8.25));
#8533=CARTESIAN_POINT('Origin',(68.3718298042101,133.361519477384,8.25));
#8534=CARTESIAN_POINT('',(66.4060826707954,134.02,8.25));
#8535=CARTESIAN_POINT('',(66.4060826707954,132.690759738692,8.25));
#8536=CARTESIAN_POINT('',(70.3375769376249,134.02,8.25));
#8537=CARTESIAN_POINT('',(87.6884149021051,134.02,8.25));
#8538=CARTESIAN_POINT('',(70.3375769376249,134.032279216076,8.25));
#8539=CARTESIAN_POINT('Origin',(59.7298645828786,132.616095099906,7.61622253061601));
#8540=CARTESIAN_POINT('',(56.9798645828786,132.616095099906,7.61622253061601));
#8541=CARTESIAN_POINT('',(56.9798645828786,134.02,7.61622253061601));
#8542=CARTESIAN_POINT('',(59.7298645828786,132.616095099906,7.61622253061601));
#8543=CARTESIAN_POINT('Origin',(59.7298645828786,132.694015022079,7.93311126530801));
#8544=CARTESIAN_POINT('',(56.9798645828786,132.616095099906,8.25));
#8545=CARTESIAN_POINT('Origin',(56.9798645828786,132.694015022079,7.93311126530801));
#8546=CARTESIAN_POINT('',(59.7298645828786,132.616095099906,8.25));
#8547=CARTESIAN_POINT('Origin',(59.7298645828786,132.495491574006,4.91163948460293));
#8548=CARTESIAN_POINT('',(56.9798645828786,132.495491574006,4.91163948460293));
#8549=CARTESIAN_POINT('Origin',(56.9798645828786,133.428358483257,6.57637219023916));
#8550=CARTESIAN_POINT('',(56.9798645828786,133.470785286038,8.25));
#8551=CARTESIAN_POINT('Origin',(58.309553245652,133.51321208882,8.25));
#8552=CARTESIAN_POINT('',(56.3943703160491,134.02,8.25));
#8553=CARTESIAN_POINT('',(56.3943703160491,132.76660604441,8.25));
#8554=CARTESIAN_POINT('',(60.2247361752549,134.02,8.25));
#8555=CARTESIAN_POINT('',(82.657276622826,134.02,8.25));
#8556=CARTESIAN_POINT('',(60.2247361752549,134.259818133229,8.25));
#8557=CARTESIAN_POINT('Origin',(49.4147670052612,132.616095099906,7.61622253061601));
#8558=CARTESIAN_POINT('',(46.6647670052612,132.616095099906,7.61622253061601));
#8559=CARTESIAN_POINT('',(46.6647670052612,134.02,7.61622253061601));
#8560=CARTESIAN_POINT('',(49.4147670052612,132.616095099906,7.61622253061601));
#8561=CARTESIAN_POINT('Origin',(49.4147670052612,132.694015022079,7.93311126530801));
#8562=CARTESIAN_POINT('',(46.6647670052612,132.616095099906,8.25));
#8563=CARTESIAN_POINT('Origin',(46.6647670052612,132.694015022079,7.93311126530801));
#8564=CARTESIAN_POINT('',(49.4147670052612,132.616095099906,8.25));
#8565=CARTESIAN_POINT('Origin',(49.4147670052612,132.495491574006,4.91163948460293));
#8566=CARTESIAN_POINT('',(46.6647670052612,132.495491574006,4.91163948460293));
#8567=CARTESIAN_POINT('Origin',(46.6647670052612,133.428358483257,6.57637219023916));
#8568=CARTESIAN_POINT('',(46.6647670052612,133.369656878415,8.25));
#8569=CARTESIAN_POINT('Origin',(48.0450198718465,133.310955273572,8.25));
#8570=CARTESIAN_POINT('',(46.0792727384317,134.02,8.25));
#8571=CARTESIAN_POINT('',(46.0792727384317,132.665477636786,8.25));
#8572=CARTESIAN_POINT('',(50.0107670052612,134.02,8.25));
#8573=CARTESIAN_POINT('',(77.5250099359233,134.02,8.25));
#8574=CARTESIAN_POINT('',(50.0107670052612,133.956432910358,8.25));
#8575=CARTESIAN_POINT('Origin',(105.365,101.543285419719,6.94299019286993));
#8576=CARTESIAN_POINT('',(105.365,102.043285419719,6.94299019286992));
#8577=CARTESIAN_POINT('Origin',(105.365,102.043285419719,6.94299019286992));
#8578=CARTESIAN_POINT('',(105.365,102.043285419719,3.11299019286993));
#8579=CARTESIAN_POINT('Origin',(105.365,102.043285419719,3.11299019286993));
#8580=CARTESIAN_POINT('',(105.365,91.943285419719,3.11299019286993));
#8581=CARTESIAN_POINT('Origin',(105.365,92.443285419719,3.61299019286993));
#8582=CARTESIAN_POINT('',(105.365,99.268285419719,3.61299019286993));
#8583=CARTESIAN_POINT('Origin',(105.365,91.943285419719,6.94299019286992));
#8584=CARTESIAN_POINT('',(105.365,91.943285419719,6.94299019286992));
#8585=CARTESIAN_POINT('Origin',(105.365,91.943285419719,3.11299019286993));
#8586=CARTESIAN_POINT('Origin',(107.005,99.668285419719,1.60299019286999));
#8587=CARTESIAN_POINT('Origin',(105.365,96.993285419719,5.27799019286996));
#8588=CARTESIAN_POINT('Origin',(66.4060826707954,132.02,8.25));
#8589=CARTESIAN_POINT('',(66.4060826707954,134.02,4.1487312928734));
#8590=CARTESIAN_POINT('',(66.4060826707954,134.02,4.125));
#8591=CARTESIAN_POINT('',(66.4060826707954,132.690759738692,4.1487312928734));
#8592=CARTESIAN_POINT('Origin',(68.3718298042101,133.361519477384,4.1487312928734));
#8593=CARTESIAN_POINT('',(70.3375769376249,134.02,4.1487312928734));
#8594=CARTESIAN_POINT('',(87.6884149021051,134.02,4.1487312928734));
#8595=CARTESIAN_POINT('',(70.3375769376249,134.032279216076,4.1487312928734));
#8596=CARTESIAN_POINT('Origin',(70.3375769376249,134.703038954768,8.25));
#8597=CARTESIAN_POINT('',(70.3375769376249,134.02,4.125));
#8598=CARTESIAN_POINT('Origin',(56.3943703160491,132.02,8.25));
#8599=CARTESIAN_POINT('',(56.3943703160491,134.02,4.1487312928734));
#8600=CARTESIAN_POINT('',(56.3943703160491,134.02,4.125));
#8601=CARTESIAN_POINT('',(56.3943703160491,132.76660604441,4.1487312928734));
#8602=CARTESIAN_POINT('Origin',(58.309553245652,133.51321208882,4.1487312928734));
#8603=CARTESIAN_POINT('',(60.2247361752549,134.02,4.1487312928734));
#8604=CARTESIAN_POINT('',(82.657276622826,134.02,4.1487312928734));
#8605=CARTESIAN_POINT('',(60.2247361752549,134.259818133229,4.1487312928734));
#8606=CARTESIAN_POINT('Origin',(60.2247361752549,135.006424177639,8.25));
#8607=CARTESIAN_POINT('',(60.2247361752549,134.02,4.125));
#8608=CARTESIAN_POINT('Origin',(107.799468042986,106.778085060146,8.25));
#8609=CARTESIAN_POINT('Origin',(105.005,123.421100857103,8.25));
#8610=CARTESIAN_POINT('Origin',(46.0792727384317,132.02,8.25));
#8611=CARTESIAN_POINT('',(46.0792727384317,134.02,4.1487312928734));
#8612=CARTESIAN_POINT('',(46.0792727384317,134.02,4.125));
#8613=CARTESIAN_POINT('',(46.0792727384317,132.665477636786,4.1487312928734));
#8614=CARTESIAN_POINT('Origin',(48.0450198718465,133.310955273572,4.1487312928734));
#8615=CARTESIAN_POINT('',(50.0107670052612,134.02,4.1487312928734));
#8616=CARTESIAN_POINT('',(77.5250099359233,134.02,4.1487312928734));
#8617=CARTESIAN_POINT('',(50.0107670052612,133.956432910358,4.1487312928734));
#8618=CARTESIAN_POINT('Origin',(50.0107670052612,134.601910547144,8.25));
#8619=CARTESIAN_POINT('',(50.0107670052612,134.02,4.125));
#8620=CARTESIAN_POINT('Origin',(6.70500000000004,77.35,3.07693295873292));
#8621=CARTESIAN_POINT('',(6.70500000000006,77.35,0.));
#8622=CARTESIAN_POINT('',(31.5275,77.35,0.));
#8623=CARTESIAN_POINT('',(6.70500000000004,77.35,3.07693295873292));
#8624=CARTESIAN_POINT('',(6.70500000000006,77.35,4.98846647936646));
#8625=CARTESIAN_POINT('',(3.85168610594309,77.35,3.07693295873292));
#8626=CARTESIAN_POINT('',(6.70500000000004,77.35,3.07693295873292));
#8627=CARTESIAN_POINT('Ctrl Pts',(3.8516861059431,77.35,0.));
#8628=CARTESIAN_POINT('Ctrl Pts',(3.8516861059431,77.35,1.02564431957764));
#8629=CARTESIAN_POINT('Ctrl Pts',(3.85168610594309,77.35,2.05128863915528));
#8630=CARTESIAN_POINT('Ctrl Pts',(3.85168610594309,77.35,3.07693295873292));
#8631=CARTESIAN_POINT('Origin',(6.70500000000004,75.35,3.07693295873292));
#8632=CARTESIAN_POINT('Ctrl Pts',(3.8516861059431,77.35,3.07693295873292));
#8633=CARTESIAN_POINT('Ctrl Pts',(3.8516861059431,77.35,3.1183741044255));
#8634=CARTESIAN_POINT('Ctrl Pts',(3.8514225308487,77.348711993823,3.15986312254038));
#8635=CARTESIAN_POINT('Ctrl Pts',(3.84779803669098,77.331009992884,3.44389310577682));
#8636=CARTESIAN_POINT('Ctrl Pts',(3.8357259232893,77.2718329465971,3.68126387370071));
#8637=CARTESIAN_POINT('Ctrl Pts',(3.79523765181576,77.0773155116371,4.1108570795587));
#8638=CARTESIAN_POINT('Ctrl Pts',(3.76803829698202,76.9478114235835,4.30121662520134));
#8639=CARTESIAN_POINT('Ctrl Pts',(3.70203779386057,76.6420125068812,4.61835736651117));
#8640=CARTESIAN_POINT('Ctrl Pts',(3.66454849085736,76.4714490784105,4.74633201829741));
#8641=CARTESIAN_POINT('Ctrl Pts',(3.58726879230868,76.1302358238059,4.92675243962776));
#8642=CARTESIAN_POINT('Ctrl Pts',(3.54929233602263,75.96604327306,4.98761566284004));
#8643=CARTESIAN_POINT('Ctrl Pts',(3.4896379537589,75.7147349236547,5.04518651661575));
#8644=CARTESIAN_POINT('Ctrl Pts',(3.46973578808093,75.6318663992764,5.05874328300276));
#8645=CARTESIAN_POINT('Ctrl Pts',(3.43544564156876,75.4908364997045,5.0728092160606));
#8646=CARTESIAN_POINT('Ctrl Pts',(3.42126440885045,75.4329954169504,5.07604793795211));
#8647=CARTESIAN_POINT('Ctrl Pts',(3.39310707319763,75.3191206147597,5.07747888575364));
#8648=CARTESIAN_POINT('Ctrl Pts',(3.37914888006775,75.2631284480504,5.07582914986133));
#8649=CARTESIAN_POINT('Ctrl Pts',(3.34573503516208,75.1301834443059,5.06631935465438));
#8650=CARTESIAN_POINT('Ctrl Pts',(3.32623419285649,75.0534665090313,5.05633704634003));
#8651=CARTESIAN_POINT('Ctrl Pts',(3.26636898227364,74.8205579914171,5.01218965226038));
#8652=CARTESIAN_POINT('Ctrl Pts',(3.22610363226337,74.6675672229258,4.9637041462899));
#8653=CARTESIAN_POINT('Ctrl Pts',(3.12470027139612,74.2902810145068,4.79207952598187));
#8654=CARTESIAN_POINT('Ctrl Pts',(3.06594032307466,74.0797744665135,4.64298158781719));
#8655=CARTESIAN_POINT('Ctrl Pts',(2.96458542816309,73.7249945972632,4.27089120893864));
#8656=CARTESIAN_POINT('Ctrl Pts',(2.92296493544284,73.5839083511417,4.05099956043293));
#8657=CARTESIAN_POINT('Ctrl Pts',(2.86741293993991,73.3972475911078,3.57606541822151));
#8658=CARTESIAN_POINT('Ctrl Pts',(2.85306789098231,73.35,3.32801388538535));
#8659=CARTESIAN_POINT('Ctrl Pts',(2.85306789098231,73.35,3.07693295873292));
#8660=CARTESIAN_POINT('Origin',(6.70500000000006,75.35,3.07693295873292));
#8661=CARTESIAN_POINT('Origin',(56.35,67.01,0.));
#8662=CARTESIAN_POINT('',(11.7050000000001,63.3036024151889,0.));
#8663=CARTESIAN_POINT('',(11.7050000000001,61.35,0.));
#8664=CARTESIAN_POINT('',(10.9050000000001,63.3036024151889,0.));
#8665=CARTESIAN_POINT('',(33.6275,63.3036024151889,0.));
#8666=CARTESIAN_POINT('',(10.9050000000001,78.35,0.));
#8667=CARTESIAN_POINT('',(10.9050000000001,72.68,0.));
#8668=CARTESIAN_POINT('',(6.70500000000006,78.35,0.));
#8669=CARTESIAN_POINT('',(31.5275,78.35,0.));
#8670=CARTESIAN_POINT('',(6.70500000000006,69.68,0.));
#8671=CARTESIAN_POINT('Origin',(6.70500000000006,72.35,6.9));
#8672=CARTESIAN_POINT('',(6.70500000000006,78.35,6.9));
#8673=CARTESIAN_POINT('',(6.70500000000006,78.35,6.9));
#8674=CARTESIAN_POINT('',(6.70500000000006,72.35,6.9));
#8675=CARTESIAN_POINT('',(6.70500000000006,71.35,6.9));
#8676=CARTESIAN_POINT('',(6.70500000000006,72.35,6.9));
#8677=CARTESIAN_POINT('Origin',(6.70500000000006,78.35,6.9));
#8678=CARTESIAN_POINT('',(10.9050000000001,78.35,6.9));
#8679=CARTESIAN_POINT('',(10.9050000000001,78.35,6.9));
#8680=CARTESIAN_POINT('',(7.95500000000006,78.35,6.9));
#8681=CARTESIAN_POINT('Origin',(8.40500000000006,72.35,6.9));
#8682=CARTESIAN_POINT('',(8.40500000000006,72.35,6.9));
#8683=CARTESIAN_POINT('',(8.80500000000006,72.35,6.9));
#8684=CARTESIAN_POINT('',(8.40500000000006,72.35,6.9));
#8685=CARTESIAN_POINT('Origin',(8.40500000000006,62.35,6.9));
#8686=CARTESIAN_POINT('',(8.40500000000006,62.35,6.9));
#8687=CARTESIAN_POINT('',(8.40500000000006,66.35,6.9));
#8688=CARTESIAN_POINT('',(8.40500000000006,62.35,3.45));
#8689=CARTESIAN_POINT('Origin',(10.9050000000001,78.35,6.9));
#8690=CARTESIAN_POINT('',(10.9050000000001,63.3036024151889,6.9));
#8691=CARTESIAN_POINT('',(10.9050000000001,63.3036024151889,6.9));
#8692=CARTESIAN_POINT('',(10.9050000000001,74.35,6.9));
#8693=CARTESIAN_POINT('Origin',(10.9050000000001,63.3036024151889,6.9));
#8694=CARTESIAN_POINT('',(11.7050000000001,63.3036024151889,6.9));
#8695=CARTESIAN_POINT('',(11.7050000000001,63.3036024151889,3.45));
#8696=CARTESIAN_POINT('',(10.0550000000001,63.3036024151889,6.9));
#8697=CARTESIAN_POINT('Origin',(-1.41155055081932,50.510311802054,6.9));
#8698=CARTESIAN_POINT('',(5.55111512312578E-16,49.098779432735,3.45));
#8699=CARTESIAN_POINT('',(2.,47.0988051937682,6.9));
#8700=CARTESIAN_POINT('',(2.,47.0988051937682,3.45));
#8701=CARTESIAN_POINT('',(2.,47.0988051937682,6.9));
#8702=CARTESIAN_POINT('Origin',(2.,47.0988051937682,6.9));
#8703=CARTESIAN_POINT('',(4.4,47.0988051937682,6.9));
#8704=CARTESIAN_POINT('',(29.175,47.0988051937682,6.9));
#8705=CARTESIAN_POINT('',(4.4,47.0988051937682,6.9));
#8706=CARTESIAN_POINT('Origin',(1.99999999999999,42.3779512006674,6.9));
#8707=CARTESIAN_POINT('',(1.11022302462516E-15,40.3779093615422,3.45));
#8708=CARTESIAN_POINT('',(2.,42.3779512006674,6.9));
#8709=CARTESIAN_POINT('',(2.,42.3779512006674,6.9));
#8710=CARTESIAN_POINT('',(2.,42.3779512006674,3.45));
#8711=CARTESIAN_POINT('Origin',(4.4,42.3611329861321,6.9));
#8712=CARTESIAN_POINT('',(4.4,42.3611329861321,6.9));
#8713=CARTESIAN_POINT('',(30.2873641976159,42.1797249674537,6.9));
#8714=CARTESIAN_POINT('',(4.4,42.3611329861321,6.9));
#8715=CARTESIAN_POINT('Origin',(2.,2.,0.));
#8716=CARTESIAN_POINT('',(2.,62.35,6.9));
#8717=CARTESIAN_POINT('',(2.,62.35,0.));
#8718=CARTESIAN_POINT('',(2.,34.505,6.9));
#8719=CARTESIAN_POINT('',(2.,2.,6.9));
#8720=CARTESIAN_POINT('',(2.,34.505,6.9));
#8721=CARTESIAN_POINT('',(2.,2.,0.));
#8722=CARTESIAN_POINT('Origin',(56.35,67.01,6.9));
#8723=CARTESIAN_POINT('',(4.4,5.46000000000001,6.9));
#8724=CARTESIAN_POINT('',(4.4,36.235,6.9));
#8725=CARTESIAN_POINT('',(108.3,5.46000000000003,6.9));
#8726=CARTESIAN_POINT('',(82.325,5.46000000000002,6.9));
#8727=CARTESIAN_POINT('',(108.3,57.89,6.9));
#8728=CARTESIAN_POINT('',(108.3,62.95,6.9));
#8729=CARTESIAN_POINT('',(70.378517998571,57.89,6.9));
#8730=CARTESIAN_POINT('',(56.35,57.89,6.90000000000021));
#8731=CARTESIAN_POINT('',(70.378517998571,62.350000000362,6.9));
#8732=CARTESIAN_POINT('',(70.378517998571,61.8675194425284,6.9));
#8733=CARTESIAN_POINT('',(80.6775,62.35,6.9));
#8734=CARTESIAN_POINT('',(110.562,62.35,6.9));
#8735=CARTESIAN_POINT('',(105.531954199404,76.8304287505605,6.9));
#8736=CARTESIAN_POINT('',(80.6775,62.35,6.9));
#8737=CARTESIAN_POINT('',(83.525,2.,6.9));
#8738=CARTESIAN_POINT('Origin',(56.35,67.01,6.9));
#8739=CARTESIAN_POINT('',(29.175,62.35,6.9));
#8740=CARTESIAN_POINT('',(11.7050000000001,62.35,6.9));
#8741=CARTESIAN_POINT('',(11.7050000000001,66.35,6.9));
#8742=CARTESIAN_POINT('',(38.5071782377311,62.3500000003347,6.9));
#8743=CARTESIAN_POINT('',(80.6775,62.35,6.9));
#8744=CARTESIAN_POINT('',(38.5071782377311,57.89,6.9));
#8745=CARTESIAN_POINT('',(38.5071782377311,64.6800000001674,6.9));
#8746=CARTESIAN_POINT('',(4.40000000000001,57.89,6.90000000000042));
#8747=CARTESIAN_POINT('',(56.35,57.89,6.90000000000021));
#8748=CARTESIAN_POINT('',(4.4,36.235,6.9));
#8749=CARTESIAN_POINT('Origin',(70.378517998571,56.7250388850567,6.9));
#8750=CARTESIAN_POINT('',(70.378517998571,57.89,8.7));
#8751=CARTESIAN_POINT('',(70.378517998571,57.89,7.3500000000001));
#8752=CARTESIAN_POINT('',(70.378517998571,58.89,8.70000000000015));
#8753=CARTESIAN_POINT('',(70.378517998571,57.5575194425284,8.70000000000015));
#8754=CARTESIAN_POINT('',(70.378517998571,62.350000000362,8.7));
#8755=CARTESIAN_POINT('',(70.378517998571,62.350000000362,8.7));
#8756=CARTESIAN_POINT('',(70.378517998571,62.35,6.9));
#8757=CARTESIAN_POINT('Origin',(38.5071782377311,62.3500000003347,6.9));
#8758=CARTESIAN_POINT('',(38.5071782377311,57.89,8.7));
#8759=CARTESIAN_POINT('',(38.5071782377311,57.89,7.3500000000001));
#8760=CARTESIAN_POINT('',(38.5071782377311,62.3500000003347,8.7));
#8761=CARTESIAN_POINT('',(38.5071782377311,62.35,6.9));
#8762=CARTESIAN_POINT('',(38.5071782377311,58.89,8.70000000000028));
#8763=CARTESIAN_POINT('',(38.5071782377311,56.7250388850326,8.7));
#8764=CARTESIAN_POINT('',(38.5071782377311,60.3700000001674,8.70000000000028));
#8765=CARTESIAN_POINT('Origin',(54.6442247245903,40.17370873515,8.7));
#8766=CARTESIAN_POINT('',(30.375,58.89,8.70000000000031));
#8767=CARTESIAN_POINT('',(79.8246123622952,62.35,8.7));
#8768=CARTESIAN_POINT('Origin',(105.005,62.35,6.9));
#8769=CARTESIAN_POINT('',(11.7050000000001,62.35,11.45));
#8770=CARTESIAN_POINT('',(11.7050000000001,62.35,6.9));
#8771=CARTESIAN_POINT('',(80.6775,62.35,11.45));
#8772=CARTESIAN_POINT('Origin',(56.35,58.39,8.70000000000021));
#8773=CARTESIAN_POINT('',(4.40000000000001,58.89,8.70000000000042));
#8774=CARTESIAN_POINT('',(30.375,58.89,8.70000000000031));
#8775=CARTESIAN_POINT('',(4.40000000000001,57.89,8.70000000000042));
#8776=CARTESIAN_POINT('',(4.4,31.925,8.70000000000042));
#8777=CARTESIAN_POINT('',(56.35,57.89,8.70000000000021));
#8778=CARTESIAN_POINT('Origin',(56.35,58.39,8.70000000000021));
#8779=CARTESIAN_POINT('',(108.3,57.89,8.7));
#8780=CARTESIAN_POINT('',(56.35,57.89,8.70000000000021));
#8781=CARTESIAN_POINT('',(108.3,58.89,8.7));
#8782=CARTESIAN_POINT('',(108.3,58.64,8.7));
#8783=CARTESIAN_POINT('',(30.375,58.89,8.70000000000031));
#8784=CARTESIAN_POINT('Origin',(56.35,57.89,7.80000000000021));
#8785=CARTESIAN_POINT('',(4.4,57.89,7.3500000000001));
#8786=CARTESIAN_POINT('Origin',(56.35,57.89,7.80000000000021));
#8787=CARTESIAN_POINT('',(108.3,57.89,7.3500000000001));
#8788=CARTESIAN_POINT('Origin',(4.4,5.46000000000001,6.9));
#8789=CARTESIAN_POINT('',(4.4,58.89,11.45));
#8790=CARTESIAN_POINT('',(4.4,58.89,6.9));
#8791=CARTESIAN_POINT('',(4.4,5.46000000000001,11.45));
#8792=CARTESIAN_POINT('',(4.4,36.235,11.45));
#8793=CARTESIAN_POINT('',(4.4,5.46000000000001,6.9));
#8794=CARTESIAN_POINT('Origin',(107.7835,70.34870873515,0.));
#8795=CARTESIAN_POINT('',(110.562,62.35,0.));
#8796=CARTESIAN_POINT('Origin',(56.35,67.01,11.45));
#8797=CARTESIAN_POINT('',(11.7050000000001,64.68,11.45));
#8798=CARTESIAN_POINT('',(99.8050000000001,63.79,11.45));
#8799=CARTESIAN_POINT('',(99.8050000000001,129.09,11.45));
#8800=CARTESIAN_POINT('',(99.8050000000001,98.05,11.45));
#8801=CARTESIAN_POINT('',(12.895,129.09,11.45));
#8802=CARTESIAN_POINT('',(34.6225,129.09,11.45));
#8803=CARTESIAN_POINT('',(12.895,63.79,11.45));
#8804=CARTESIAN_POINT('',(12.895,65.4,11.45));
#8805=CARTESIAN_POINT('',(78.0775,63.79,11.45));
#8806=CARTESIAN_POINT('Origin',(56.35,67.01,11.45));
#8807=CARTESIAN_POINT('',(108.3,5.46000000000003,11.45));
#8808=CARTESIAN_POINT('',(82.325,5.46000000000002,11.45));
#8809=CARTESIAN_POINT('',(108.3,58.89,11.45));
#8810=CARTESIAN_POINT('',(30.375,58.89,11.45));
#8811=CARTESIAN_POINT('',(108.3,62.95,11.45));
#8812=CARTESIAN_POINT('',(107.25,47.24,11.45));
#8813=CARTESIAN_POINT('',(5.45000000000002,47.24,11.45));
#8814=CARTESIAN_POINT('',(30.9,47.24,11.45));
#8815=CARTESIAN_POINT('',(5.45000000000002,6.29000000000003,11.45));
#8816=CARTESIAN_POINT('',(5.45000000000002,36.65,11.45));
#8817=CARTESIAN_POINT('',(107.25,6.29000000000003,11.45));
#8818=CARTESIAN_POINT('',(81.8,6.29000000000002,11.45));
#8819=CARTESIAN_POINT('',(107.25,57.125,11.45));
#8820=CARTESIAN_POINT('',(107.25,57.36,11.45));
#8821=CARTESIAN_POINT('',(8.65000000000001,57.36,11.45));
#8822=CARTESIAN_POINT('',(32.5,57.36,11.45));
#8823=CARTESIAN_POINT('',(8.65000000000002,49.36,11.45));
#8824=CARTESIAN_POINT('',(8.65000000000001,58.185,11.45));
#8825=CARTESIAN_POINT('',(107.25,49.36,11.45));
#8826=CARTESIAN_POINT('',(81.8,49.36,11.45));
#8827=CARTESIAN_POINT('',(107.25,62.185,11.45));
#8828=CARTESIAN_POINT('Origin',(99.8050000000001,63.79,11.45));
#8829=CARTESIAN_POINT('',(12.895,63.79,12.2));
#8830=CARTESIAN_POINT('',(99.8050000000001,63.79,12.2));
#8831=CARTESIAN_POINT('',(78.0775,63.79,12.2));
#8832=CARTESIAN_POINT('',(99.8050000000001,63.79,11.45));
#8833=CARTESIAN_POINT('',(12.895,63.79,11.45));
#8834=CARTESIAN_POINT('Origin',(99.8050000000001,129.09,11.45));
#8835=CARTESIAN_POINT('',(99.8050000000001,129.09,12.2));
#8836=CARTESIAN_POINT('',(99.8050000000001,98.05,12.2));
#8837=CARTESIAN_POINT('',(99.8050000000001,129.09,11.45));
#8838=CARTESIAN_POINT('Origin',(107.25,47.24,11.45));
#8839=CARTESIAN_POINT('',(107.25,6.29000000000003,12.2));
#8840=CARTESIAN_POINT('',(107.25,47.24,12.2));
#8841=CARTESIAN_POINT('',(107.25,57.125,12.2));
#8842=CARTESIAN_POINT('',(107.25,47.24,11.45));
#8843=CARTESIAN_POINT('',(107.25,6.29000000000003,11.45));
#8844=CARTESIAN_POINT('Origin',(5.45000000000001,47.24,11.45));
#8845=CARTESIAN_POINT('',(5.45000000000002,47.24,12.2));
#8846=CARTESIAN_POINT('',(30.9,47.24,12.2));
#8847=CARTESIAN_POINT('',(5.45000000000002,47.24,11.45));
#8848=CARTESIAN_POINT('Origin',(107.25,57.36,11.45));
#8849=CARTESIAN_POINT('',(107.25,49.36,12.2));
#8850=CARTESIAN_POINT('',(107.25,57.36,12.2));
#8851=CARTESIAN_POINT('',(107.25,62.185,12.2));
#8852=CARTESIAN_POINT('',(107.25,57.36,11.45));
#8853=CARTESIAN_POINT('',(107.25,49.36,11.45));
#8854=CARTESIAN_POINT('Origin',(8.65000000000001,57.36,11.45));
#8855=CARTESIAN_POINT('',(8.65000000000001,57.36,12.2));
#8856=CARTESIAN_POINT('',(32.5,57.36,12.2));
#8857=CARTESIAN_POINT('',(8.65000000000001,57.36,11.45));
#8858=CARTESIAN_POINT('Origin',(12.895,129.09,11.45));
#8859=CARTESIAN_POINT('',(12.895,129.09,12.2));
#8860=CARTESIAN_POINT('',(34.6225,129.09,12.2));
#8861=CARTESIAN_POINT('',(12.895,129.09,11.45));
#8862=CARTESIAN_POINT('Origin',(12.895,63.79,11.45));
#8863=CARTESIAN_POINT('',(12.895,65.4,12.2));
#8864=CARTESIAN_POINT('Origin',(5.45000000000003,6.29000000000003,11.45));
#8865=CARTESIAN_POINT('',(5.45000000000002,6.29000000000003,12.2));
#8866=CARTESIAN_POINT('',(5.45000000000002,36.65,12.2));
#8867=CARTESIAN_POINT('',(5.45000000000002,6.29000000000003,11.45));
#8868=CARTESIAN_POINT('Origin',(107.25,6.29000000000002,11.45));
#8869=CARTESIAN_POINT('',(81.8,6.29000000000002,12.2));
#8870=CARTESIAN_POINT('Origin',(8.65000000000002,49.36,11.45));
#8871=CARTESIAN_POINT('',(8.65000000000002,49.36,12.2));
#8872=CARTESIAN_POINT('',(8.65000000000001,58.185,12.2));
#8873=CARTESIAN_POINT('',(8.65000000000002,49.36,11.45));
#8874=CARTESIAN_POINT('Origin',(107.25,49.36,11.45));
#8875=CARTESIAN_POINT('',(81.8,49.36,12.2));
#8876=CARTESIAN_POINT('Origin',(56.35,67.01,12.2));
#8877=CARTESIAN_POINT('',(5.69499999999992,102.032500000001,12.2));
#8878=CARTESIAN_POINT('',(5.69499999999989,134.02,12.2));
#8879=CARTESIAN_POINT('',(5.69499999999993,100.515,12.2));
#8880=CARTESIAN_POINT('',(0.,64.35,12.2));
#8881=CARTESIAN_POINT('Ctrl Pts',(0.,64.35,12.2));
#8882=CARTESIAN_POINT('Ctrl Pts',(-2.08166817117217E-16,65.4619640431898,
12.2));
#8883=CARTESIAN_POINT('Ctrl Pts',(0.216689414944813,66.353980057895,12.2));
#8884=CARTESIAN_POINT('Ctrl Pts',(0.563642622365788,67.3070481801722,12.2));
#8885=CARTESIAN_POINT('Ctrl Pts',(1.2344891323847,69.1498396862446,12.2));
#8886=CARTESIAN_POINT('Ctrl Pts',(2.39511828782888,71.2198724125477,12.2));
#8887=CARTESIAN_POINT('Ctrl Pts',(3.44497047693627,75.5300271553658,12.2));
#8888=CARTESIAN_POINT('Ctrl Pts',(5.05938179910105,82.1579722025671,12.2));
#8889=CARTESIAN_POINT('Ctrl Pts',(5.69499999999993,91.1623695440879,12.2));
#8890=CARTESIAN_POINT('Ctrl Pts',(5.69499999999992,102.032500000001,12.2));
#8891=CARTESIAN_POINT('',(0.,0.,12.2));
#8892=CARTESIAN_POINT('',(0.,65.68,12.2));
#8893=CARTESIAN_POINT('',(112.7,0.,12.2));
#8894=CARTESIAN_POINT('',(28.175,0.,12.2));
#8895=CARTESIAN_POINT('',(112.7,64.35,12.2));
#8896=CARTESIAN_POINT('',(112.7,33.505,12.2));
#8897=CARTESIAN_POINT('Ctrl Pts',(107.005,102.032499999998,12.2));
#8898=CARTESIAN_POINT('Ctrl Pts',(107.005,87.5502806526858,12.2));
#8899=CARTESIAN_POINT('Ctrl Pts',(108.133308892721,79.0193077941169,12.2));
#8900=CARTESIAN_POINT('Ctrl Pts',(109.8525,73.3315624999967,12.2));
#8901=CARTESIAN_POINT('Ctrl Pts',(111.27627571881,68.6211649122845,12.2));
#8902=CARTESIAN_POINT('Ctrl Pts',(112.7,67.1975471475499,12.2));
#8903=CARTESIAN_POINT('Ctrl Pts',(112.7,64.35,12.2));
#8904=CARTESIAN_POINT('',(81.6775,134.02,12.2));
#8905=CARTESIAN_POINT('Origin',(108.3,5.46000000000003,6.9));
#8906=CARTESIAN_POINT('',(108.3,5.46000000000003,6.9));
#8907=CARTESIAN_POINT('Origin',(108.3,58.89,6.9));
#8908=CARTESIAN_POINT('',(108.3,58.89,6.9));
#8909=CARTESIAN_POINT('Ctrl Pts',(5.69499999999992,102.032500000001,6.9));
#8910=CARTESIAN_POINT('Ctrl Pts',(5.69499999999992,102.032500000001,12.2089720553739));
#8911=CARTESIAN_POINT('Ctrl Pts',(5.69499999999993,91.1623695440879,6.9));
#8912=CARTESIAN_POINT('Ctrl Pts',(5.69499999999993,91.1623695440879,12.2089720553739));
#8913=CARTESIAN_POINT('Ctrl Pts',(5.05938179910105,82.1579722025671,6.9));
#8914=CARTESIAN_POINT('Ctrl Pts',(5.05938179910105,82.1579722025671,12.2089720553739));
#8915=CARTESIAN_POINT('Ctrl Pts',(2.39511828782888,71.2198724125477,6.9));
#8916=CARTESIAN_POINT('Ctrl Pts',(2.39511828782888,71.2198724125477,12.2089720553739));
#8917=CARTESIAN_POINT('Ctrl Pts',(1.2344891323847,69.1498396862446,6.9));
#8918=CARTESIAN_POINT('Ctrl Pts',(1.2344891323847,69.1498396862446,12.2089720553739));
#8919=CARTESIAN_POINT('Ctrl Pts',(0.216689414944813,66.353980057895,6.9));
#8920=CARTESIAN_POINT('Ctrl Pts',(0.216689414944813,66.353980057895,12.2089720553739));
#8921=CARTESIAN_POINT('Ctrl Pts',(-2.50736884097832E-16,65.4619640431898,
6.9));
#8922=CARTESIAN_POINT('Ctrl Pts',(-2.50736884097832E-16,65.4619640431898,
12.2089720553739));
#8923=CARTESIAN_POINT('Ctrl Pts',(-3.46944695195361E-17,64.35,6.9));
#8924=CARTESIAN_POINT('Ctrl Pts',(-3.46944695195361E-17,64.35,12.2089720553739));
#8925=CARTESIAN_POINT('',(5.69499999999992,102.032500000001,6.9));
#8926=CARTESIAN_POINT('',(5.69499999999992,102.032500000001,11.45));
#8927=CARTESIAN_POINT('',(0.,64.35,6.9));
#8928=CARTESIAN_POINT('Ctrl Pts',(0.,64.35,6.9));
#8929=CARTESIAN_POINT('Ctrl Pts',(-2.08166817117217E-16,65.4619640431898,
6.9));
#8930=CARTESIAN_POINT('Ctrl Pts',(0.216689414944813,66.353980057895,6.9));
#8931=CARTESIAN_POINT('Ctrl Pts',(0.563642622365788,67.3070481801722,6.9));
#8932=CARTESIAN_POINT('Ctrl Pts',(1.2344891323847,69.1498396862446,6.9));
#8933=CARTESIAN_POINT('Ctrl Pts',(2.39511828782888,71.2198724125477,6.9));
#8934=CARTESIAN_POINT('Ctrl Pts',(3.44497047693627,75.5300271553658,6.9));
#8935=CARTESIAN_POINT('Ctrl Pts',(5.05938179910105,82.1579722025671,6.9));
#8936=CARTESIAN_POINT('Ctrl Pts',(5.69499999999993,91.1623695440879,6.9));
#8937=CARTESIAN_POINT('Ctrl Pts',(5.69499999999992,102.032500000001,6.9));
#8938=CARTESIAN_POINT('',(0.,64.35,6.9));
#8939=CARTESIAN_POINT('Origin',(4.4,58.89,6.9));
#8940=CARTESIAN_POINT('Ctrl Pts',(112.7,64.35,6.9));
#8941=CARTESIAN_POINT('Ctrl Pts',(112.7,64.35,12.2157034697485));
#8942=CARTESIAN_POINT('Ctrl Pts',(112.7,67.1975471475499,6.9));
#8943=CARTESIAN_POINT('Ctrl Pts',(112.7,67.1975471475499,12.2157034697485));
#8944=CARTESIAN_POINT('Ctrl Pts',(111.27627571881,68.6211649122845,6.9));
#8945=CARTESIAN_POINT('Ctrl Pts',(111.27627571881,68.6211649122845,12.2157034697485));
#8946=CARTESIAN_POINT('Ctrl Pts',(108.133308892721,79.0193077941169,6.9));
#8947=CARTESIAN_POINT('Ctrl Pts',(108.133308892721,79.0193077941169,12.2157034697485));
#8948=CARTESIAN_POINT('Ctrl Pts',(107.005,87.5502806526858,6.9));
#8949=CARTESIAN_POINT('Ctrl Pts',(107.005,87.5502806526858,12.2157034697485));
#8950=CARTESIAN_POINT('Ctrl Pts',(107.005,102.032499999998,6.9));
#8951=CARTESIAN_POINT('Ctrl Pts',(107.005,102.032499999998,12.2157034697485));
#8952=CARTESIAN_POINT('',(112.7,64.35,6.9));
#8953=CARTESIAN_POINT('Origin',(11.7050000000001,62.35,0.));
#8954=CARTESIAN_POINT('Origin',(2.,62.35,0.));
#8955=CARTESIAN_POINT('Origin',(110.7,2.,0.));
#8956=CARTESIAN_POINT('Origin',(112.7,0.,0.));
#8957=CARTESIAN_POINT('',(112.7,0.,0.));
#8958=CARTESIAN_POINT('Origin',(0.,0.,0.));
#8959=CARTESIAN_POINT('',(0.,0.,0.));
#8960=CARTESIAN_POINT('Origin',(0.,64.35,0.));
#8961=CARTESIAN_POINT('',(0.,64.35,0.));
#8962=CARTESIAN_POINT('Origin',(105.005,62.35,0.));
#8963=CARTESIAN_POINT('Ctrl Pts',(5.69499999999992,102.032500000001,0.));
#8964=CARTESIAN_POINT('Ctrl Pts',(5.69499999999992,102.032500000001,7.59));
#8965=CARTESIAN_POINT('Ctrl Pts',(5.69499999999995,70.0450000000017,0.));
#8966=CARTESIAN_POINT('Ctrl Pts',(5.69499999999995,70.0450000000017,7.59));
#8967=CARTESIAN_POINT('Ctrl Pts',(0.,70.0450000000017,0.));
#8968=CARTESIAN_POINT('Ctrl Pts',(0.,70.0450000000017,7.59));
#8969=CARTESIAN_POINT('Ctrl Pts',(0.,64.35,0.));
#8970=CARTESIAN_POINT('Ctrl Pts',(0.,64.35,7.59));
#8971=CARTESIAN_POINT('',(5.69499999999992,102.032500000001,0.));
#8972=CARTESIAN_POINT('Origin',(5.6949999999999,134.02,0.));
#8973=CARTESIAN_POINT('',(5.69499999999989,134.02,0.));
#8974=CARTESIAN_POINT('Origin',(107.005,134.02,0.));
#8975=CARTESIAN_POINT('Origin',(20.943523475868,59.616297908514,12.2));
#8976=CARTESIAN_POINT('',(20.943523475868,59.616297908514,12.2));
#8977=CARTESIAN_POINT('',(21.1975936386411,59.0131775815182,12.2));
#8978=CARTESIAN_POINT('',(20.943523475868,59.616297908514,12.2));
#8979=CARTESIAN_POINT('',(21.1975936386411,59.0131775815182,11.6));
#8980=CARTESIAN_POINT('',(21.1975936386411,59.0131775815182,12.2));
#8981=CARTESIAN_POINT('',(20.943523475868,59.616297908514,11.6));
#8982=CARTESIAN_POINT('',(20.943523475868,59.616297908514,11.6));
#8983=CARTESIAN_POINT('',(20.943523475868,59.616297908514,12.2));
#8984=CARTESIAN_POINT('Ctrl Pts',(20.7262573931043,59.4904498536282,12.2));
#8985=CARTESIAN_POINT('Ctrl Pts',(20.7262573931043,59.4904498536282,11.6));
#8986=CARTESIAN_POINT('Ctrl Pts',(20.8485434744184,59.5355652053051,12.2));
#8987=CARTESIAN_POINT('Ctrl Pts',(20.8485434744184,59.5355652053051,11.6));
#8988=CARTESIAN_POINT('Ctrl Pts',(20.943523475868,59.616297908514,12.2));
#8989=CARTESIAN_POINT('Ctrl Pts',(20.943523475868,59.616297908514,11.6));
#8990=CARTESIAN_POINT('',(20.7262573931043,59.4904498536282,12.2));
#8991=CARTESIAN_POINT('Ctrl Pts',(20.7262573931043,59.4904498536282,12.2));
#8992=CARTESIAN_POINT('Ctrl Pts',(20.8485434744184,59.5355652053051,12.2));
#8993=CARTESIAN_POINT('Ctrl Pts',(20.943523475868,59.616297908514,12.2));
#8994=CARTESIAN_POINT('',(20.7262573931043,59.4904498536282,11.6));
#8995=CARTESIAN_POINT('Ctrl Pts',(20.7262573931043,59.4904498536282,11.6));
#8996=CARTESIAN_POINT('Ctrl Pts',(20.8485434744184,59.5355652053051,11.6));
#8997=CARTESIAN_POINT('Ctrl Pts',(20.943523475868,59.616297908514,11.6));
#8998=CARTESIAN_POINT('',(20.7262573931043,59.4904498536282,12.2));
#8999=CARTESIAN_POINT('Ctrl Pts',(20.4852466080015,59.4453345019512,12.2));
#9000=CARTESIAN_POINT('Ctrl Pts',(20.4852466080015,59.4453345019512,11.6));
#9001=CARTESIAN_POINT('Ctrl Pts',(20.6039713117902,59.4453345019512,12.2));
#9002=CARTESIAN_POINT('Ctrl Pts',(20.6039713117902,59.4453345019512,11.6));
#9003=CARTESIAN_POINT('Ctrl Pts',(20.7262573931043,59.4904498536282,12.2));
#9004=CARTESIAN_POINT('Ctrl Pts',(20.7262573931043,59.4904498536282,11.6));
#9005=CARTESIAN_POINT('',(20.4852466080015,59.4453345019512,12.2));
#9006=CARTESIAN_POINT('Ctrl Pts',(20.4852466080015,59.4453345019512,12.2));
#9007=CARTESIAN_POINT('Ctrl Pts',(20.6039713117902,59.4453345019512,12.2));
#9008=CARTESIAN_POINT('Ctrl Pts',(20.7262573931043,59.4904498536282,12.2));
#9009=CARTESIAN_POINT('',(20.4852466080015,59.4453345019512,11.6));
#9010=CARTESIAN_POINT('Ctrl Pts',(20.4852466080015,59.4453345019512,11.6));
#9011=CARTESIAN_POINT('Ctrl Pts',(20.6039713117902,59.4453345019512,11.6));
#9012=CARTESIAN_POINT('Ctrl Pts',(20.7262573931043,59.4904498536282,11.6));
#9013=CARTESIAN_POINT('',(20.4852466080015,59.4453345019512,12.2));
#9014=CARTESIAN_POINT('Ctrl Pts',(20.1789371464078,59.5498125035458,12.2));
#9015=CARTESIAN_POINT('Ctrl Pts',(20.1789371464078,59.5498125035458,11.6));
#9016=CARTESIAN_POINT('Ctrl Pts',(20.2976618501966,59.4453345019512,12.2));
#9017=CARTESIAN_POINT('Ctrl Pts',(20.2976618501966,59.4453345019512,11.6));
#9018=CARTESIAN_POINT('Ctrl Pts',(20.4852466080015,59.4453345019512,12.2));
#9019=CARTESIAN_POINT('Ctrl Pts',(20.4852466080015,59.4453345019512,11.6));
#9020=CARTESIAN_POINT('',(20.1789371464078,59.5498125035458,12.2));
#9021=CARTESIAN_POINT('Ctrl Pts',(20.1789371464078,59.5498125035458,12.2));
#9022=CARTESIAN_POINT('Ctrl Pts',(20.2976618501966,59.4453345019512,12.2));
#9023=CARTESIAN_POINT('Ctrl Pts',(20.4852466080015,59.4453345019512,12.2));
#9024=CARTESIAN_POINT('',(20.1789371464078,59.5498125035458,11.6));
#9025=CARTESIAN_POINT('Ctrl Pts',(20.1789371464078,59.5498125035458,11.6));
#9026=CARTESIAN_POINT('Ctrl Pts',(20.2976618501966,59.4453345019512,11.6));
#9027=CARTESIAN_POINT('Ctrl Pts',(20.4852466080015,59.4453345019512,11.6));
#9028=CARTESIAN_POINT('',(20.1789371464078,59.5498125035458,12.2));
#9029=CARTESIAN_POINT('Ctrl Pts',(20.0602124426191,59.8205046136074,12.2));
#9030=CARTESIAN_POINT('Ctrl Pts',(20.0602124426191,59.8205046136074,11.6));
#9031=CARTESIAN_POINT('Ctrl Pts',(20.0602124426191,59.6542899090939,12.2));
#9032=CARTESIAN_POINT('Ctrl Pts',(20.0602124426191,59.6542899090939,11.6));
#9033=CARTESIAN_POINT('Ctrl Pts',(20.1789371464078,59.5498125035458,12.2));
#9034=CARTESIAN_POINT('Ctrl Pts',(20.1789371464078,59.5498125035458,11.6));
#9035=CARTESIAN_POINT('',(20.0602124426191,59.8205046136074,12.2));
#9036=CARTESIAN_POINT('Ctrl Pts',(20.0602124426191,59.8205046136074,12.2));
#9037=CARTESIAN_POINT('Ctrl Pts',(20.0602124426191,59.6542899090939,12.2));
#9038=CARTESIAN_POINT('Ctrl Pts',(20.1789371464078,59.5498125035458,12.2));
#9039=CARTESIAN_POINT('',(20.0602124426191,59.8205046136074,11.6));
#9040=CARTESIAN_POINT('Ctrl Pts',(20.0602124426191,59.8205046136074,11.6));
#9041=CARTESIAN_POINT('Ctrl Pts',(20.0602124426191,59.6542899090939,11.6));
#9042=CARTESIAN_POINT('Ctrl Pts',(20.1789371464078,59.5498125035458,11.6));
#9043=CARTESIAN_POINT('',(20.0602124426191,59.8205046136074,12.2));
#9044=CARTESIAN_POINT('Origin',(20.0602124426191,62.4965558726483,12.2));
#9045=CARTESIAN_POINT('',(20.0602124426191,62.4965558726483,12.2));
#9046=CARTESIAN_POINT('',(20.0602124426191,62.4965558726483,12.2));
#9047=CARTESIAN_POINT('',(20.0602124426191,62.4965558726483,11.6));
#9048=CARTESIAN_POINT('',(20.0602124426191,62.4965558726483,11.6));
#9049=CARTESIAN_POINT('',(20.0602124426191,62.4965558726483,12.2));
#9050=CARTESIAN_POINT('Origin',(19.3098734113996,62.4965558726483,12.2));
#9051=CARTESIAN_POINT('',(19.3098734113996,62.4965558726483,12.2));
#9052=CARTESIAN_POINT('',(19.3098734113996,62.4965558726483,12.2));
#9053=CARTESIAN_POINT('',(19.3098734113996,62.4965558726483,11.6));
#9054=CARTESIAN_POINT('',(19.3098734113996,62.4965558726483,11.6));
#9055=CARTESIAN_POINT('',(19.3098734113996,62.4965558726483,12.2));
#9056=CARTESIAN_POINT('Origin',(19.3098734113996,59.8110066134625,12.2));
#9057=CARTESIAN_POINT('',(19.3098734113996,59.8110066134625,12.2));
#9058=CARTESIAN_POINT('',(19.3098734113996,59.8110066134625,12.2));
#9059=CARTESIAN_POINT('',(19.3098734113996,59.8110066134625,11.6));
#9060=CARTESIAN_POINT('',(19.3098734113996,59.8110066134625,11.6));
#9061=CARTESIAN_POINT('',(19.3098734113996,59.8110066134625,12.2));
#9062=CARTESIAN_POINT('Ctrl Pts',(19.4452194664304,59.2850564200573,12.2));
#9063=CARTESIAN_POINT('Ctrl Pts',(19.4452194664304,59.2850564200573,11.6));
#9064=CARTESIAN_POINT('Ctrl Pts',(19.3098734113996,59.5118205029659,12.2));
#9065=CARTESIAN_POINT('Ctrl Pts',(19.3098734113996,59.5118205029659,11.6));
#9066=CARTESIAN_POINT('Ctrl Pts',(19.3098734113996,59.8110066134625,12.2));
#9067=CARTESIAN_POINT('Ctrl Pts',(19.3098734113996,59.8110066134625,11.6));
#9068=CARTESIAN_POINT('',(19.4452194664304,59.2850564200573,12.2));
#9069=CARTESIAN_POINT('Ctrl Pts',(19.4452194664304,59.2850564200573,12.2));
#9070=CARTESIAN_POINT('Ctrl Pts',(19.3098734113996,59.5118205029659,12.2));
#9071=CARTESIAN_POINT('Ctrl Pts',(19.3098734113996,59.8110066134625,12.2));
#9072=CARTESIAN_POINT('',(19.4452194664304,59.2850564200573,11.6));
#9073=CARTESIAN_POINT('Ctrl Pts',(19.4452194664304,59.2850564200573,11.6));
#9074=CARTESIAN_POINT('Ctrl Pts',(19.3098734113996,59.5118205029659,11.6));
#9075=CARTESIAN_POINT('Ctrl Pts',(19.3098734113996,59.8110066134625,11.6));
#9076=CARTESIAN_POINT('',(19.4452194664304,59.2850564200573,12.2));
#9077=CARTESIAN_POINT('Ctrl Pts',(19.8192016575162,58.9300702292614,12.2));
#9078=CARTESIAN_POINT('Ctrl Pts',(19.8192016575162,58.9300702292614,11.6));
#9079=CARTESIAN_POINT('Ctrl Pts',(19.5805655214613,59.0582929331951,12.2));
#9080=CARTESIAN_POINT('Ctrl Pts',(19.5805655214613,59.0582929331951,11.6));
#9081=CARTESIAN_POINT('Ctrl Pts',(19.4452194664304,59.2850564200573,12.2));
#9082=CARTESIAN_POINT('Ctrl Pts',(19.4452194664304,59.2850564200573,11.6));
#9083=CARTESIAN_POINT('',(19.8192016575162,58.9300702292614,12.2));
#9084=CARTESIAN_POINT('Ctrl Pts',(19.8192016575162,58.9300702292614,12.2));
#9085=CARTESIAN_POINT('Ctrl Pts',(19.5805655214613,59.0582929331951,12.2));
#9086=CARTESIAN_POINT('Ctrl Pts',(19.4452194664304,59.2850564200573,12.2));
#9087=CARTESIAN_POINT('',(19.8192016575162,58.9300702292614,11.6));
#9088=CARTESIAN_POINT('Ctrl Pts',(19.8192016575162,58.9300702292614,11.6));
#9089=CARTESIAN_POINT('Ctrl Pts',(19.5805655214613,59.0582929331951,11.6));
#9090=CARTESIAN_POINT('Ctrl Pts',(19.4452194664304,59.2850564200573,11.6));
#9091=CARTESIAN_POINT('',(19.8192016575162,58.9300702292614,12.2));
#9092=CARTESIAN_POINT('Ctrl Pts',(20.3712712023084,58.8018475253277,12.2));
#9093=CARTESIAN_POINT('Ctrl Pts',(20.3712712023084,58.8018475253277,11.6));
#9094=CARTESIAN_POINT('Ctrl Pts',(20.0578383896177,58.8018475253277,12.2));
#9095=CARTESIAN_POINT('Ctrl Pts',(20.0578383896177,58.8018475253277,11.6));
#9096=CARTESIAN_POINT('Ctrl Pts',(19.8192016575162,58.9300702292614,12.2));
#9097=CARTESIAN_POINT('Ctrl Pts',(19.8192016575162,58.9300702292614,11.6));
#9098=CARTESIAN_POINT('',(20.3712712023084,58.8018475253277,12.2));
#9099=CARTESIAN_POINT('Ctrl Pts',(20.3712712023084,58.8018475253277,12.2));
#9100=CARTESIAN_POINT('Ctrl Pts',(20.0578383896177,58.8018475253277,12.2));
#9101=CARTESIAN_POINT('Ctrl Pts',(19.8192016575162,58.9300702292614,12.2));
#9102=CARTESIAN_POINT('',(20.3712712023084,58.8018475253277,11.6));
#9103=CARTESIAN_POINT('Ctrl Pts',(20.3712712023084,58.8018475253277,11.6));
#9104=CARTESIAN_POINT('Ctrl Pts',(20.0578383896177,58.8018475253277,11.6));
#9105=CARTESIAN_POINT('Ctrl Pts',(19.8192016575162,58.9300702292614,11.6));
#9106=CARTESIAN_POINT('',(20.3712712023084,58.8018475253277,12.2));
#9107=CARTESIAN_POINT('Ctrl Pts',(20.8046154472654,58.8600228507214,12.2));
#9108=CARTESIAN_POINT('Ctrl Pts',(20.8046154472654,58.8600228507214,11.6));
#9109=CARTESIAN_POINT('Ctrl Pts',(20.5802260134046,58.8018475253277,12.2));
#9110=CARTESIAN_POINT('Ctrl Pts',(20.5802260134046,58.8018475253277,11.6));
#9111=CARTESIAN_POINT('Ctrl Pts',(20.3712712023084,58.8018475253277,12.2));
#9112=CARTESIAN_POINT('Ctrl Pts',(20.3712712023084,58.8018475253277,11.6));
#9113=CARTESIAN_POINT('',(20.8046154472654,58.8600228507214,12.2));
#9114=CARTESIAN_POINT('Ctrl Pts',(20.8046154472654,58.8600228507214,12.2));
#9115=CARTESIAN_POINT('Ctrl Pts',(20.5802260134046,58.8018475253277,12.2));
#9116=CARTESIAN_POINT('Ctrl Pts',(20.3712712023084,58.8018475253277,12.2));
#9117=CARTESIAN_POINT('',(20.8046154472654,58.8600228507214,11.6));
#9118=CARTESIAN_POINT('Ctrl Pts',(20.8046154472654,58.8600228507214,11.6));
#9119=CARTESIAN_POINT('Ctrl Pts',(20.5802260134046,58.8018475253277,11.6));
#9120=CARTESIAN_POINT('Ctrl Pts',(20.3712712023084,58.8018475253277,11.6));
#9121=CARTESIAN_POINT('',(20.8046154472654,58.8600228507214,12.2));
#9122=CARTESIAN_POINT('Ctrl Pts',(21.1975936386411,59.0131775815182,12.2));
#9123=CARTESIAN_POINT('Ctrl Pts',(21.1975936386411,59.0131775815182,11.6));
#9124=CARTESIAN_POINT('Ctrl Pts',(21.0290048811262,58.9181975800686,12.2));
#9125=CARTESIAN_POINT('Ctrl Pts',(21.0290048811262,58.9181975800686,11.6));
#9126=CARTESIAN_POINT('Ctrl Pts',(20.8046154472654,58.8600228507214,12.2));
#9127=CARTESIAN_POINT('Ctrl Pts',(20.8046154472654,58.8600228507214,11.6));
#9128=CARTESIAN_POINT('Ctrl Pts',(21.1975936386411,59.0131775815182,12.2));
#9129=CARTESIAN_POINT('Ctrl Pts',(21.0290048811262,58.9181975800686,12.2));
#9130=CARTESIAN_POINT('Ctrl Pts',(20.8046154472654,58.8600228507214,12.2));
#9131=CARTESIAN_POINT('Ctrl Pts',(21.1975936386411,59.0131775815182,11.6));
#9132=CARTESIAN_POINT('Ctrl Pts',(21.0290048811262,58.9181975800686,11.6));
#9133=CARTESIAN_POINT('Ctrl Pts',(20.8046154472654,58.8600228507214,11.6));
#9134=CARTESIAN_POINT('Origin',(20.2537335250204,60.649201698988,12.2));
#9135=CARTESIAN_POINT('Origin',(20.2537335250204,60.649201698988,11.6));
#9136=CARTESIAN_POINT('Ctrl Pts',(26.023034283859,61.3496766764813,12.2));
#9137=CARTESIAN_POINT('Ctrl Pts',(26.023034283859,61.3496766764813,11.6));
#9138=CARTESIAN_POINT('Ctrl Pts',(25.9731702301328,61.173964269846,12.2));
#9139=CARTESIAN_POINT('Ctrl Pts',(25.9731702301328,61.173964269846,11.6));
#9140=CARTESIAN_POINT('Ctrl Pts',(25.9731702301328,60.9175191600018,12.2));
#9141=CARTESIAN_POINT('Ctrl Pts',(25.9731702301328,60.9175191600018,11.6));
#9142=CARTESIAN_POINT('',(25.9731702301328,60.9175191600018,12.2));
#9143=CARTESIAN_POINT('',(26.023034283859,61.3496766764813,12.2));
#9144=CARTESIAN_POINT('Ctrl Pts',(25.9731702301328,60.9175191600018,12.2));
#9145=CARTESIAN_POINT('Ctrl Pts',(25.9731702301328,61.173964269846,12.2));
#9146=CARTESIAN_POINT('Ctrl Pts',(26.023034283859,61.3496766764813,12.2));
#9147=CARTESIAN_POINT('',(25.9731702301328,60.9175191600018,11.6));
#9148=CARTESIAN_POINT('',(25.9731702301328,60.9175191600018,12.2));
#9149=CARTESIAN_POINT('',(26.023034283859,61.3496766764813,11.6));
#9150=CARTESIAN_POINT('Ctrl Pts',(26.023034283859,61.3496766764813,11.6));
#9151=CARTESIAN_POINT('Ctrl Pts',(25.9731702301328,61.173964269846,11.6));
#9152=CARTESIAN_POINT('Ctrl Pts',(25.9731702301328,60.9175191600018,11.6));
#9153=CARTESIAN_POINT('',(26.023034283859,61.3496766764813,12.2));
#9154=CARTESIAN_POINT('Ctrl Pts',(26.1678783390348,61.6156194884472,12.2));
#9155=CARTESIAN_POINT('Ctrl Pts',(26.1678783390348,61.6156194884472,11.6));
#9156=CARTESIAN_POINT('Ctrl Pts',(26.0728983375852,61.5253887850933,12.2));
#9157=CARTESIAN_POINT('Ctrl Pts',(26.0728983375852,61.5253887850933,11.6));
#9158=CARTESIAN_POINT('Ctrl Pts',(26.023034283859,61.3496766764813,12.2));
#9159=CARTESIAN_POINT('Ctrl Pts',(26.023034283859,61.3496766764813,11.6));
#9160=CARTESIAN_POINT('',(26.1678783390348,61.6156194884472,12.2));
#9161=CARTESIAN_POINT('Ctrl Pts',(26.023034283859,61.3496766764813,12.2));
#9162=CARTESIAN_POINT('Ctrl Pts',(26.0728983375852,61.5253887850933,12.2));
#9163=CARTESIAN_POINT('Ctrl Pts',(26.1678783390348,61.6156194884472,12.2));
#9164=CARTESIAN_POINT('',(26.1678783390348,61.6156194884472,11.6));
#9165=CARTESIAN_POINT('Ctrl Pts',(26.1678783390348,61.6156194884472,11.6));
#9166=CARTESIAN_POINT('Ctrl Pts',(26.0728983375852,61.5253887850933,11.6));
#9167=CARTESIAN_POINT('Ctrl Pts',(26.023034283859,61.3496766764813,11.6));
#9168=CARTESIAN_POINT('',(26.1678783390348,61.6156194884472,12.2));
#9169=CARTESIAN_POINT('Ctrl Pts',(26.4005784485166,61.7058501918011,12.2));
#9170=CARTESIAN_POINT('Ctrl Pts',(26.4005784485166,61.7058501918011,11.6));
#9171=CARTESIAN_POINT('Ctrl Pts',(26.2628583404844,61.7058501918011,12.2));
#9172=CARTESIAN_POINT('Ctrl Pts',(26.2628583404844,61.7058501918011,11.6));
#9173=CARTESIAN_POINT('Ctrl Pts',(26.1678783390348,61.6156194884472,12.2));
#9174=CARTESIAN_POINT('Ctrl Pts',(26.1678783390348,61.6156194884472,11.6));
#9175=CARTESIAN_POINT('',(26.4005784485166,61.7058501918011,12.2));
#9176=CARTESIAN_POINT('Ctrl Pts',(26.1678783390348,61.6156194884472,12.2));
#9177=CARTESIAN_POINT('Ctrl Pts',(26.2628583404844,61.7058501918011,12.2));
#9178=CARTESIAN_POINT('Ctrl Pts',(26.4005784485166,61.7058501918011,12.2));
#9179=CARTESIAN_POINT('',(26.4005784485166,61.7058501918011,11.6));
#9180=CARTESIAN_POINT('Ctrl Pts',(26.4005784485166,61.7058501918011,11.6));
#9181=CARTESIAN_POINT('Ctrl Pts',(26.2628583404844,61.7058501918011,11.6));
#9182=CARTESIAN_POINT('Ctrl Pts',(26.1678783390348,61.6156194884472,11.6));
#9183=CARTESIAN_POINT('',(26.4005784485166,61.7058501918011,12.2));
#9184=CARTESIAN_POINT('Ctrl Pts',(26.6356532070463,61.6144321639233,12.2));
#9185=CARTESIAN_POINT('Ctrl Pts',(26.6356532070463,61.6144321639233,11.6));
#9186=CARTESIAN_POINT('Ctrl Pts',(26.5406732055967,61.7058501918011,12.2));
#9187=CARTESIAN_POINT('Ctrl Pts',(26.5406732055967,61.7058501918011,11.6));
#9188=CARTESIAN_POINT('Ctrl Pts',(26.4005784485166,61.7058501918011,12.2));
#9189=CARTESIAN_POINT('Ctrl Pts',(26.4005784485166,61.7058501918011,11.6));
#9190=CARTESIAN_POINT('',(26.6356532070463,61.6144321639233,12.2));
#9191=CARTESIAN_POINT('Ctrl Pts',(26.4005784485166,61.7058501918011,12.2));
#9192=CARTESIAN_POINT('Ctrl Pts',(26.5406732055967,61.7058501918011,12.2));
#9193=CARTESIAN_POINT('Ctrl Pts',(26.6356532070463,61.6144321639233,12.2));
#9194=CARTESIAN_POINT('',(26.6356532070463,61.6144321639233,11.6));
#9195=CARTESIAN_POINT('Ctrl Pts',(26.6356532070463,61.6144321639233,11.6));
#9196=CARTESIAN_POINT('Ctrl Pts',(26.5406732055967,61.7058501918011,11.6));
#9197=CARTESIAN_POINT('Ctrl Pts',(26.4005784485166,61.7058501918011,11.6));
#9198=CARTESIAN_POINT('',(26.6356532070463,61.6144321639233,12.2));
#9199=CARTESIAN_POINT('Ctrl Pts',(26.7793099376981,61.3473020274334,12.2));
#9200=CARTESIAN_POINT('Ctrl Pts',(26.7793099376981,61.3473020274334,11.6));
#9201=CARTESIAN_POINT('Ctrl Pts',(26.7306332084959,61.5230144340687,12.2));
#9202=CARTESIAN_POINT('Ctrl Pts',(26.7306332084959,61.5230144340687,11.6));
#9203=CARTESIAN_POINT('Ctrl Pts',(26.6356532070463,61.6144321639233,12.2));
#9204=CARTESIAN_POINT('Ctrl Pts',(26.6356532070463,61.6144321639233,11.6));
#9205=CARTESIAN_POINT('',(26.7793099376981,61.3473020274334,12.2));
#9206=CARTESIAN_POINT('Ctrl Pts',(26.6356532070463,61.6144321639233,12.2));
#9207=CARTESIAN_POINT('Ctrl Pts',(26.7306332084959,61.5230144340687,12.2));
#9208=CARTESIAN_POINT('Ctrl Pts',(26.7793099376981,61.3473020274334,12.2));
#9209=CARTESIAN_POINT('',(26.7793099376981,61.3473020274334,11.6));
#9210=CARTESIAN_POINT('Ctrl Pts',(26.7793099376981,61.3473020274334,11.6));
#9211=CARTESIAN_POINT('Ctrl Pts',(26.7306332084959,61.5230144340687,11.6));
#9212=CARTESIAN_POINT('Ctrl Pts',(26.6356532070463,61.6144321639233,11.6));
#9213=CARTESIAN_POINT('',(26.7793099376981,61.3473020274334,12.2));
#9214=CARTESIAN_POINT('Ctrl Pts',(26.7982656435675,61.2667347084579,12.2));
#9215=CARTESIAN_POINT('Ctrl Pts',(26.7982656435675,61.2667347084579,11.6));
#9216=CARTESIAN_POINT('Ctrl Pts',(26.7899508652868,61.3088906580824,12.2));
#9217=CARTESIAN_POINT('Ctrl Pts',(26.7899508652868,61.3088906580824,11.6));
#9218=CARTESIAN_POINT('Ctrl Pts',(26.7793099376981,61.3473020274334,12.2));
#9219=CARTESIAN_POINT('Ctrl Pts',(26.7793099376981,61.3473020274334,11.6));
#9220=CARTESIAN_POINT('',(26.7982656435675,61.2667347084579,12.2));
#9221=CARTESIAN_POINT('Ctrl Pts',(26.7793099376981,61.3473020274334,12.2));
#9222=CARTESIAN_POINT('Ctrl Pts',(26.7899508652868,61.3088906580824,12.2));
#9223=CARTESIAN_POINT('Ctrl Pts',(26.7982656435674,61.2667347084579,12.2));
#9224=CARTESIAN_POINT('',(26.7982656435675,61.2667347084579,11.6));
#9225=CARTESIAN_POINT('Ctrl Pts',(26.7982656435674,61.2667347084579,11.6));
#9226=CARTESIAN_POINT('Ctrl Pts',(26.7899508652868,61.3088906580824,11.6));
#9227=CARTESIAN_POINT('Ctrl Pts',(26.7793099376981,61.3473020274334,11.6));
#9228=CARTESIAN_POINT('',(26.7982656435675,61.2667347084579,12.2));
#9229=CARTESIAN_POINT('Origin',(25.9731702301328,60.5837173129388,12.2));
#9230=CARTESIAN_POINT('',(25.9731702301328,60.5837173129388,12.2));
#9231=CARTESIAN_POINT('',(25.5101446602171,60.2004228312664,12.2));
#9232=CARTESIAN_POINT('',(25.9731702301328,60.5837173129388,11.6));
#9233=CARTESIAN_POINT('',(25.5101446602171,60.2004228312664,11.6));
#9234=CARTESIAN_POINT('',(25.9731702301328,60.5837173129388,12.2));
#9235=CARTESIAN_POINT('Origin',(25.9731702301328,60.9175191600018,12.2));
#9236=CARTESIAN_POINT('',(25.9731702301328,60.9175191600018,12.2));
#9237=CARTESIAN_POINT('',(25.9731702301328,60.9175191600018,11.6));
#9238=CARTESIAN_POINT('Ctrl Pts',(26.7793099376981,59.8323766667538,12.2));
#9239=CARTESIAN_POINT('Ctrl Pts',(26.7793099376981,59.8323766667538,11.6));
#9240=CARTESIAN_POINT('Ctrl Pts',(26.8279866669004,60.0080893714123,12.2));
#9241=CARTESIAN_POINT('Ctrl Pts',(26.8279866669004,60.0080893714123,11.6));
#9242=CARTESIAN_POINT('Ctrl Pts',(26.8279866669004,60.259785481184,12.2));
#9243=CARTESIAN_POINT('Ctrl Pts',(26.8279866669004,60.259785481184,11.6));
#9244=CARTESIAN_POINT('',(26.8279866669004,60.259785481184,12.2));
#9245=CARTESIAN_POINT('',(26.7793099376981,59.8323766667538,12.2));
#9246=CARTESIAN_POINT('Ctrl Pts',(26.8279866669004,60.259785481184,12.2));
#9247=CARTESIAN_POINT('Ctrl Pts',(26.8279866669004,60.0080893714123,12.2));
#9248=CARTESIAN_POINT('Ctrl Pts',(26.7793099376981,59.8323766667538,12.2));
#9249=CARTESIAN_POINT('',(26.8279866669004,60.259785481184,11.6));
#9250=CARTESIAN_POINT('',(26.8279866669004,60.259785481184,12.2));
#9251=CARTESIAN_POINT('',(26.7793099376981,59.8323766667538,11.6));
#9252=CARTESIAN_POINT('Ctrl Pts',(26.7793099376981,59.8323766667538,11.6));
#9253=CARTESIAN_POINT('Ctrl Pts',(26.8279866669004,60.0080893714123,11.6));
#9254=CARTESIAN_POINT('Ctrl Pts',(26.8279866669004,60.259785481184,11.6));
#9255=CARTESIAN_POINT('',(26.7793099376981,59.8323766667538,12.2));
#9256=CARTESIAN_POINT('Ctrl Pts',(26.6356532070463,59.5652465302639,12.2));
#9257=CARTESIAN_POINT('Ctrl Pts',(26.6356532070463,59.5652465302639,11.6));
#9258=CARTESIAN_POINT('Ctrl Pts',(26.7306332084959,59.6566645581417,12.2));
#9259=CARTESIAN_POINT('Ctrl Pts',(26.7306332084959,59.6566645581417,11.6));
#9260=CARTESIAN_POINT('Ctrl Pts',(26.7793099376981,59.8323766667538,12.2));
#9261=CARTESIAN_POINT('Ctrl Pts',(26.7793099376981,59.8323766667538,11.6));
#9262=CARTESIAN_POINT('',(26.6356532070463,59.5652465302639,12.2));
#9263=CARTESIAN_POINT('Ctrl Pts',(26.7793099376981,59.8323766667538,12.2));
#9264=CARTESIAN_POINT('Ctrl Pts',(26.7306332084959,59.6566645581417,12.2));
#9265=CARTESIAN_POINT('Ctrl Pts',(26.6356532070463,59.5652465302639,12.2));
#9266=CARTESIAN_POINT('',(26.6356532070463,59.5652465302639,11.6));
#9267=CARTESIAN_POINT('Ctrl Pts',(26.6356532070463,59.5652465302639,11.6));
#9268=CARTESIAN_POINT('Ctrl Pts',(26.7306332084959,59.6566645581417,11.6));
#9269=CARTESIAN_POINT('Ctrl Pts',(26.7793099376981,59.8323766667538,11.6));
#9270=CARTESIAN_POINT('',(26.6356532070463,59.5652465302639,12.2));
#9271=CARTESIAN_POINT('Ctrl Pts',(26.4005784485166,59.4738285023861,12.2));
#9272=CARTESIAN_POINT('Ctrl Pts',(26.4005784485166,59.4738285023861,11.6));
#9273=CARTESIAN_POINT('Ctrl Pts',(26.5406732055967,59.4738285023861,12.2));
#9274=CARTESIAN_POINT('Ctrl Pts',(26.5406732055967,59.4738285023861,11.6));
#9275=CARTESIAN_POINT('Ctrl Pts',(26.6356532070463,59.5652465302639,12.2));
#9276=CARTESIAN_POINT('Ctrl Pts',(26.6356532070463,59.5652465302639,11.6));
#9277=CARTESIAN_POINT('',(26.4005784485166,59.4738285023861,12.2));
#9278=CARTESIAN_POINT('Ctrl Pts',(26.6356532070463,59.5652465302639,12.2));
#9279=CARTESIAN_POINT('Ctrl Pts',(26.5406732055967,59.4738285023861,12.2));
#9280=CARTESIAN_POINT('Ctrl Pts',(26.4005784485166,59.4738285023861,12.2));
#9281=CARTESIAN_POINT('',(26.4005784485166,59.4738285023861,11.6));
#9282=CARTESIAN_POINT('Ctrl Pts',(26.4005784485166,59.4738285023861,11.6));
#9283=CARTESIAN_POINT('Ctrl Pts',(26.5406732055967,59.4738285023861,11.6));
#9284=CARTESIAN_POINT('Ctrl Pts',(26.6356532070463,59.5652465302639,11.6));
#9285=CARTESIAN_POINT('',(26.4005784485166,59.4738285023861,12.2));
#9286=CARTESIAN_POINT('Ctrl Pts',(26.1678783390348,59.56405920574,12.2));
#9287=CARTESIAN_POINT('Ctrl Pts',(26.1678783390348,59.56405920574,11.6));
#9288=CARTESIAN_POINT('Ctrl Pts',(26.2628583404844,59.4738285023861,12.2));
#9289=CARTESIAN_POINT('Ctrl Pts',(26.2628583404844,59.4738285023861,11.6));
#9290=CARTESIAN_POINT('Ctrl Pts',(26.4005784485166,59.4738285023861,12.2));
#9291=CARTESIAN_POINT('Ctrl Pts',(26.4005784485166,59.4738285023861,11.6));
#9292=CARTESIAN_POINT('',(26.1678783390348,59.56405920574,12.2));
#9293=CARTESIAN_POINT('Ctrl Pts',(26.4005784485166,59.4738285023861,12.2));
#9294=CARTESIAN_POINT('Ctrl Pts',(26.2628583404844,59.4738285023861,12.2));
#9295=CARTESIAN_POINT('Ctrl Pts',(26.1678783390348,59.56405920574,12.2));
#9296=CARTESIAN_POINT('',(26.1678783390348,59.56405920574,11.6));
#9297=CARTESIAN_POINT('Ctrl Pts',(26.1678783390348,59.56405920574,11.6));
#9298=CARTESIAN_POINT('Ctrl Pts',(26.2628583404844,59.4738285023861,11.6));
#9299=CARTESIAN_POINT('Ctrl Pts',(26.4005784485166,59.4738285023861,11.6));
#9300=CARTESIAN_POINT('',(26.1678783390348,59.56405920574,12.2));
#9301=CARTESIAN_POINT('Ctrl Pts',(26.023034283859,59.8300026137524,12.2));
#9302=CARTESIAN_POINT('Ctrl Pts',(26.023034283859,59.8300026137524,11.6));
#9303=CARTESIAN_POINT('Ctrl Pts',(26.0728983375852,59.6542899090939,12.2));
#9304=CARTESIAN_POINT('Ctrl Pts',(26.0728983375852,59.6542899090939,11.6));
#9305=CARTESIAN_POINT('Ctrl Pts',(26.1678783390348,59.56405920574,12.2));
#9306=CARTESIAN_POINT('Ctrl Pts',(26.1678783390348,59.56405920574,11.6));
#9307=CARTESIAN_POINT('',(26.023034283859,59.8300026137524,12.2));
#9308=CARTESIAN_POINT('Ctrl Pts',(26.1678783390348,59.56405920574,12.2));
#9309=CARTESIAN_POINT('Ctrl Pts',(26.0728983375852,59.6542899090939,12.2));
#9310=CARTESIAN_POINT('Ctrl Pts',(26.023034283859,59.8300026137524,12.2));
#9311=CARTESIAN_POINT('',(26.023034283859,59.8300026137524,11.6));
#9312=CARTESIAN_POINT('Ctrl Pts',(26.023034283859,59.8300026137524,11.6));
#9313=CARTESIAN_POINT('Ctrl Pts',(26.0728983375852,59.6542899090939,11.6));
#9314=CARTESIAN_POINT('Ctrl Pts',(26.1678783390348,59.56405920574,11.6));
#9315=CARTESIAN_POINT('',(26.023034283859,59.8300026137524,12.2));
#9316=CARTESIAN_POINT('Ctrl Pts',(26.0059274284228,59.8994067123336,12.2));
#9317=CARTESIAN_POINT('Ctrl Pts',(26.0059274284228,59.8994067123336,11.6));
#9318=CARTESIAN_POINT('Ctrl Pts',(26.0135856565867,59.8632979055997,12.2));
#9319=CARTESIAN_POINT('Ctrl Pts',(26.0135856565867,59.8632979055997,11.6));
#9320=CARTESIAN_POINT('Ctrl Pts',(26.023034283859,59.8300026137524,12.2));
#9321=CARTESIAN_POINT('Ctrl Pts',(26.023034283859,59.8300026137524,11.6));
#9322=CARTESIAN_POINT('',(26.0059274284228,59.8994067123336,12.2));
#9323=CARTESIAN_POINT('Ctrl Pts',(26.023034283859,59.8300026137524,12.2));
#9324=CARTESIAN_POINT('Ctrl Pts',(26.0135856565867,59.8632979055997,12.2));
#9325=CARTESIAN_POINT('Ctrl Pts',(26.0059274284228,59.8994067123336,12.2));
#9326=CARTESIAN_POINT('',(26.0059274284228,59.8994067123336,11.6));
#9327=CARTESIAN_POINT('Ctrl Pts',(26.0059274284228,59.8994067123336,11.6));
#9328=CARTESIAN_POINT('Ctrl Pts',(26.0135856565867,59.8632979055997,11.6));
#9329=CARTESIAN_POINT('Ctrl Pts',(26.023034283859,59.8300026137524,11.6));
#9330=CARTESIAN_POINT('',(26.0059274284228,59.8994067123336,12.2));
#9331=CARTESIAN_POINT('Origin',(26.8279866669004,60.5929782407937,12.2));
#9332=CARTESIAN_POINT('',(26.8279866669004,60.5929782407937,12.2));
#9333=CARTESIAN_POINT('',(27.2886387798612,60.9816305119686,12.2));
#9334=CARTESIAN_POINT('',(26.8279866669004,60.5929782407937,11.6));
#9335=CARTESIAN_POINT('',(27.2886387798612,60.9816305119686,11.6));
#9336=CARTESIAN_POINT('',(26.8279866669004,60.5929782407937,12.2));
#9337=CARTESIAN_POINT('Origin',(26.8279866669004,60.259785481184,12.2));
#9338=CARTESIAN_POINT('',(26.8279866669004,60.259785481184,12.2));
#9339=CARTESIAN_POINT('',(26.8279866669004,60.259785481184,11.6));
#9340=CARTESIAN_POINT('Ctrl Pts',(27.5617055389707,60.3785095889263,12.2));
#9341=CARTESIAN_POINT('Ctrl Pts',(27.5617055389707,60.3785095889263,11.6));
#9342=CARTESIAN_POINT('Ctrl Pts',(27.5617055389707,59.8656199652844,12.2));
#9343=CARTESIAN_POINT('Ctrl Pts',(27.5617055389707,59.8656199652844,11.6));
#9344=CARTESIAN_POINT('Ctrl Pts',(27.4275462124174,59.5141951520138,12.2));
#9345=CARTESIAN_POINT('Ctrl Pts',(27.4275462124174,59.5141951520138,11.6));
#9346=CARTESIAN_POINT('',(27.5617055389707,60.3785095889263,12.2));
#9347=CARTESIAN_POINT('',(27.4275462124174,59.5141951520138,12.2));
#9348=CARTESIAN_POINT('Ctrl Pts',(27.5617055389707,60.3785095889263,12.2));
#9349=CARTESIAN_POINT('Ctrl Pts',(27.5617055389707,59.8656199652844,12.2));
#9350=CARTESIAN_POINT('Ctrl Pts',(27.4275462124174,59.5141951520138,12.2));
#9351=CARTESIAN_POINT('',(27.4275462124174,59.5141951520138,11.6));
#9352=CARTESIAN_POINT('',(27.4275462124174,59.5141951520138,12.2));
#9353=CARTESIAN_POINT('',(27.5617055389707,60.3785095889263,11.6));
#9354=CARTESIAN_POINT('Ctrl Pts',(27.5617055389707,60.3785095889263,11.6));
#9355=CARTESIAN_POINT('Ctrl Pts',(27.5617055389707,59.8656199652844,11.6));
#9356=CARTESIAN_POINT('Ctrl Pts',(27.4275462124174,59.5141951520138,11.6));
#9357=CARTESIAN_POINT('',(27.5617055389707,60.3785095889263,12.2));
#9358=CARTESIAN_POINT('Origin',(27.5617055389707,60.7797990519695,12.2));
#9359=CARTESIAN_POINT('',(27.5617055389707,60.7797990519695,12.2));
#9360=CARTESIAN_POINT('',(27.5617055389707,60.7797990519695,12.2));
#9361=CARTESIAN_POINT('',(27.5617055389707,60.7797990519695,11.6));
#9362=CARTESIAN_POINT('',(27.5617055389707,60.7797990519695,11.6));
#9363=CARTESIAN_POINT('',(27.5617055389707,60.7797990519695,12.2));
#9364=CARTESIAN_POINT('Ctrl Pts',(27.4275462124174,61.6559858400517,12.2));
#9365=CARTESIAN_POINT('Ctrl Pts',(27.4275462124174,61.6559858400517,11.6));
#9366=CARTESIAN_POINT('Ctrl Pts',(27.5617055389707,61.2998123247318,12.2));
#9367=CARTESIAN_POINT('Ctrl Pts',(27.5617055389707,61.2998123247318,11.6));
#9368=CARTESIAN_POINT('Ctrl Pts',(27.5617055389707,60.7797990519695,12.2));
#9369=CARTESIAN_POINT('Ctrl Pts',(27.5617055389707,60.7797990519695,11.6));
#9370=CARTESIAN_POINT('',(27.4275462124174,61.6559858400517,12.2));
#9371=CARTESIAN_POINT('Ctrl Pts',(27.4275462124174,61.6559858400517,12.2));
#9372=CARTESIAN_POINT('Ctrl Pts',(27.5617055389707,61.2998123247318,12.2));
#9373=CARTESIAN_POINT('Ctrl Pts',(27.5617055389707,60.7797990519695,12.2));
#9374=CARTESIAN_POINT('',(27.4275462124174,61.6559858400517,11.6));
#9375=CARTESIAN_POINT('Ctrl Pts',(27.4275462124174,61.6559858400517,11.6));
#9376=CARTESIAN_POINT('Ctrl Pts',(27.5617055389707,61.2998123247318,11.6));
#9377=CARTESIAN_POINT('Ctrl Pts',(27.5617055389707,60.7797990519695,11.6));
#9378=CARTESIAN_POINT('',(27.4275462124174,61.6559858400517,12.2));
#9379=CARTESIAN_POINT('Ctrl Pts',(27.0333806965177,62.1949954111271,12.2));
#9380=CARTESIAN_POINT('Ctrl Pts',(27.0333806965177,62.1949954111271,11.6));
#9381=CARTESIAN_POINT('Ctrl Pts',(27.293386885864,62.0121596533947,12.2));
#9382=CARTESIAN_POINT('Ctrl Pts',(27.293386885864,62.0121596533947,11.6));
#9383=CARTESIAN_POINT('Ctrl Pts',(27.4275462124174,61.6559858400517,12.2));
#9384=CARTESIAN_POINT('Ctrl Pts',(27.4275462124174,61.6559858400517,11.6));
#9385=CARTESIAN_POINT('',(27.0333806965177,62.1949954111271,12.2));
#9386=CARTESIAN_POINT('Ctrl Pts',(27.0333806965177,62.1949954111271,12.2));
#9387=CARTESIAN_POINT('Ctrl Pts',(27.293386885864,62.0121596533947,12.2));
#9388=CARTESIAN_POINT('Ctrl Pts',(27.4275462124174,61.6559858400517,12.2));
#9389=CARTESIAN_POINT('',(27.0333806965177,62.1949954111271,11.6));
#9390=CARTESIAN_POINT('Ctrl Pts',(27.0333806965177,62.1949954111271,11.6));
#9391=CARTESIAN_POINT('Ctrl Pts',(27.293386885864,62.0121596533947,11.6));
#9392=CARTESIAN_POINT('Ctrl Pts',(27.4275462124174,61.6559858400517,11.6));
#9393=CARTESIAN_POINT('',(27.0333806965177,62.1949954111271,12.2));
#9394=CARTESIAN_POINT('Ctrl Pts',(26.4005784485166,62.3778311688595,12.2));
#9395=CARTESIAN_POINT('Ctrl Pts',(26.4005784485166,62.3778311688595,11.6));
#9396=CARTESIAN_POINT('Ctrl Pts',(26.7733745071714,62.3778311688595,12.2));
#9397=CARTESIAN_POINT('Ctrl Pts',(26.7733745071714,62.3778311688595,11.6));
#9398=CARTESIAN_POINT('Ctrl Pts',(27.0333806965177,62.1949954111271,12.2));
#9399=CARTESIAN_POINT('Ctrl Pts',(27.0333806965177,62.1949954111271,11.6));
#9400=CARTESIAN_POINT('',(26.4005784485166,62.3778311688595,12.2));
#9401=CARTESIAN_POINT('Ctrl Pts',(26.4005784485166,62.3778311688595,12.2));
#9402=CARTESIAN_POINT('Ctrl Pts',(26.7733745071714,62.3778311688595,12.2));
#9403=CARTESIAN_POINT('Ctrl Pts',(27.0333806965177,62.1949954111271,12.2));
#9404=CARTESIAN_POINT('',(26.4005784485166,62.3778311688595,11.6));
#9405=CARTESIAN_POINT('Ctrl Pts',(26.4005784485166,62.3778311688595,11.6));
#9406=CARTESIAN_POINT('Ctrl Pts',(26.7733745071714,62.3778311688595,11.6));
#9407=CARTESIAN_POINT('Ctrl Pts',(27.0333806965177,62.1949954111271,11.6));
#9408=CARTESIAN_POINT('',(26.4005784485166,62.3778311688595,12.2));
#9409=CARTESIAN_POINT('Ctrl Pts',(25.7689635250394,62.1949954111271,12.2));
#9410=CARTESIAN_POINT('Ctrl Pts',(25.7689635250394,62.1949954111271,11.6));
#9411=CARTESIAN_POINT('Ctrl Pts',(26.0277835819547,62.3778311688595,12.2));
#9412=CARTESIAN_POINT('Ctrl Pts',(26.0277835819547,62.3778311688595,11.6));
#9413=CARTESIAN_POINT('Ctrl Pts',(26.4005784485166,62.3778311688595,12.2));
#9414=CARTESIAN_POINT('Ctrl Pts',(26.4005784485166,62.3778311688595,11.6));
#9415=CARTESIAN_POINT('',(25.7689635250394,62.1949954111271,12.2));
#9416=CARTESIAN_POINT('Ctrl Pts',(25.7689635250394,62.1949954111271,12.2));
#9417=CARTESIAN_POINT('Ctrl Pts',(26.0277835819547,62.3778311688595,12.2));
#9418=CARTESIAN_POINT('Ctrl Pts',(26.4005784485166,62.3778311688595,12.2));
#9419=CARTESIAN_POINT('',(25.7689635250394,62.1949954111271,11.6));
#9420=CARTESIAN_POINT('Ctrl Pts',(25.7689635250394,62.1949954111271,11.6));
#9421=CARTESIAN_POINT('Ctrl Pts',(26.0277835819547,62.3778311688595,11.6));
#9422=CARTESIAN_POINT('Ctrl Pts',(26.4005784485166,62.3778311688595,11.6));
#9423=CARTESIAN_POINT('',(25.7689635250394,62.1949954111271,12.2));
#9424=CARTESIAN_POINT('Ctrl Pts',(25.3747980091398,61.6559858400517,12.2));
#9425=CARTESIAN_POINT('Ctrl Pts',(25.3747980091398,61.6559858400517,11.6));
#9426=CARTESIAN_POINT('Ctrl Pts',(25.5101446602171,62.0121596533947,12.2));
#9427=CARTESIAN_POINT('Ctrl Pts',(25.5101446602171,62.0121596533947,11.6));
#9428=CARTESIAN_POINT('Ctrl Pts',(25.7689635250394,62.1949954111271,12.2));
#9429=CARTESIAN_POINT('Ctrl Pts',(25.7689635250394,62.1949954111271,11.6));
#9430=CARTESIAN_POINT('',(25.3747980091398,61.6559858400517,12.2));
#9431=CARTESIAN_POINT('Ctrl Pts',(25.3747980091398,61.6559858400517,12.2));
#9432=CARTESIAN_POINT('Ctrl Pts',(25.5101446602171,62.0121596533947,12.2));
#9433=CARTESIAN_POINT('Ctrl Pts',(25.7689635250394,62.1949954111271,12.2));
#9434=CARTESIAN_POINT('',(25.3747980091398,61.6559858400517,11.6));
#9435=CARTESIAN_POINT('Ctrl Pts',(25.3747980091398,61.6559858400517,11.6));
#9436=CARTESIAN_POINT('Ctrl Pts',(25.5101446602171,62.0121596533947,11.6));
#9437=CARTESIAN_POINT('Ctrl Pts',(25.7689635250394,62.1949954111271,11.6));
#9438=CARTESIAN_POINT('',(25.3747980091398,61.6559858400517,12.2));
#9439=CARTESIAN_POINT('Ctrl Pts',(25.2394525501554,60.7797990519695,12.2));
#9440=CARTESIAN_POINT('Ctrl Pts',(25.2394525501554,60.7797990519695,11.6));
#9441=CARTESIAN_POINT('Ctrl Pts',(25.2394525501554,61.2998123247318,12.2));
#9442=CARTESIAN_POINT('Ctrl Pts',(25.2394525501554,61.2998123247318,11.6));
#9443=CARTESIAN_POINT('Ctrl Pts',(25.3747980091398,61.6559858400517,12.2));
#9444=CARTESIAN_POINT('Ctrl Pts',(25.3747980091398,61.6559858400517,11.6));
#9445=CARTESIAN_POINT('',(25.2394525501554,60.7797990519695,12.2));
#9446=CARTESIAN_POINT('Ctrl Pts',(25.2394525501554,60.7797990519695,12.2));
#9447=CARTESIAN_POINT('Ctrl Pts',(25.2394525501554,61.2998123247318,12.2));
#9448=CARTESIAN_POINT('Ctrl Pts',(25.3747980091398,61.6559858400517,12.2));
#9449=CARTESIAN_POINT('',(25.2394525501554,60.7797990519695,11.6));
#9450=CARTESIAN_POINT('Ctrl Pts',(25.2394525501554,60.7797990519695,11.6));
#9451=CARTESIAN_POINT('Ctrl Pts',(25.2394525501554,61.2998123247318,11.6));
#9452=CARTESIAN_POINT('Ctrl Pts',(25.3747980091398,61.6559858400517,11.6));
#9453=CARTESIAN_POINT('',(25.2394525501554,60.7797990519695,12.2));
#9454=CARTESIAN_POINT('Origin',(25.2394525501554,60.3785095889263,12.2));
#9455=CARTESIAN_POINT('',(25.2394525501554,60.3785095889263,12.2));
#9456=CARTESIAN_POINT('',(25.2394525501554,60.3785095889263,12.2));
#9457=CARTESIAN_POINT('',(25.2394525501554,60.3785095889263,11.6));
#9458=CARTESIAN_POINT('',(25.2394525501554,60.3785095889263,11.6));
#9459=CARTESIAN_POINT('',(25.2394525501554,60.3785095889263,12.2));
#9460=CARTESIAN_POINT('Ctrl Pts',(25.3747980091398,59.5141951520138,12.2));
#9461=CARTESIAN_POINT('Ctrl Pts',(25.3747980091398,59.5141951520138,11.6));
#9462=CARTESIAN_POINT('Ctrl Pts',(25.2394525501554,59.8656199652844,12.2));
#9463=CARTESIAN_POINT('Ctrl Pts',(25.2394525501554,59.8656199652844,11.6));
#9464=CARTESIAN_POINT('Ctrl Pts',(25.2394525501554,60.3785095889263,12.2));
#9465=CARTESIAN_POINT('Ctrl Pts',(25.2394525501554,60.3785095889263,11.6));
#9466=CARTESIAN_POINT('',(25.3747980091398,59.5141951520138,12.2));
#9467=CARTESIAN_POINT('Ctrl Pts',(25.3747980091398,59.5141951520138,12.2));
#9468=CARTESIAN_POINT('Ctrl Pts',(25.2394525501554,59.8656199652844,12.2));
#9469=CARTESIAN_POINT('Ctrl Pts',(25.2394525501554,60.3785095889263,12.2));
#9470=CARTESIAN_POINT('',(25.3747980091398,59.5141951520138,11.6));
#9471=CARTESIAN_POINT('Ctrl Pts',(25.3747980091398,59.5141951520138,11.6));
#9472=CARTESIAN_POINT('Ctrl Pts',(25.2394525501554,59.8656199652844,11.6));
#9473=CARTESIAN_POINT('Ctrl Pts',(25.2394525501554,60.3785095889263,11.6));
#9474=CARTESIAN_POINT('',(25.3747980091398,59.5141951520138,12.2));
#9475=CARTESIAN_POINT('Ctrl Pts',(25.7689635250394,58.9823089320355,12.2));
#9476=CARTESIAN_POINT('Ctrl Pts',(25.7689635250394,58.9823089320355,11.6));
#9477=CARTESIAN_POINT('Ctrl Pts',(25.5101446602171,59.1627703387432,12.2));
#9478=CARTESIAN_POINT('Ctrl Pts',(25.5101446602171,59.1627703387432,11.6));
#9479=CARTESIAN_POINT('Ctrl Pts',(25.3747980091398,59.5141951520138,12.2));
#9480=CARTESIAN_POINT('Ctrl Pts',(25.3747980091398,59.5141951520138,11.6));
#9481=CARTESIAN_POINT('',(25.7689635250394,58.9823089320355,12.2));
#9482=CARTESIAN_POINT('Ctrl Pts',(25.7689635250394,58.9823089320355,12.2));
#9483=CARTESIAN_POINT('Ctrl Pts',(25.5101446602171,59.1627703387432,12.2));
#9484=CARTESIAN_POINT('Ctrl Pts',(25.3747980091398,59.5141951520138,12.2));
#9485=CARTESIAN_POINT('',(25.7689635250394,58.9823089320355,11.6));
#9486=CARTESIAN_POINT('Ctrl Pts',(25.7689635250394,58.9823089320355,11.6));
#9487=CARTESIAN_POINT('Ctrl Pts',(25.5101446602171,59.1627703387432,11.6));
#9488=CARTESIAN_POINT('Ctrl Pts',(25.3747980091398,59.5141951520138,11.6));
#9489=CARTESIAN_POINT('',(25.7689635250394,58.9823089320355,12.2));
#9490=CARTESIAN_POINT('Ctrl Pts',(26.4005784485166,58.8018475253277,12.2));
#9491=CARTESIAN_POINT('Ctrl Pts',(26.4005784485166,58.8018475253277,11.6));
#9492=CARTESIAN_POINT('Ctrl Pts',(26.0277835819547,58.8018475253277,12.2));
#9493=CARTESIAN_POINT('Ctrl Pts',(26.0277835819547,58.8018475253277,11.6));
#9494=CARTESIAN_POINT('Ctrl Pts',(25.7689635250394,58.9823089320355,12.2));
#9495=CARTESIAN_POINT('Ctrl Pts',(25.7689635250394,58.9823089320355,11.6));
#9496=CARTESIAN_POINT('',(26.4005784485166,58.8018475253277,12.2));
#9497=CARTESIAN_POINT('Ctrl Pts',(26.4005784485166,58.8018475253277,12.2));
#9498=CARTESIAN_POINT('Ctrl Pts',(26.0277835819547,58.8018475253277,12.2));
#9499=CARTESIAN_POINT('Ctrl Pts',(25.7689635250394,58.9823089320355,12.2));
#9500=CARTESIAN_POINT('',(26.4005784485166,58.8018475253277,11.6));
#9501=CARTESIAN_POINT('Ctrl Pts',(26.4005784485166,58.8018475253277,11.6));
#9502=CARTESIAN_POINT('Ctrl Pts',(26.0277835819547,58.8018475253277,11.6));
#9503=CARTESIAN_POINT('Ctrl Pts',(25.7689635250394,58.9823089320355,11.6));
#9504=CARTESIAN_POINT('',(26.4005784485166,58.8018475253277,12.2));
#9505=CARTESIAN_POINT('Ctrl Pts',(27.0333806965177,58.9823089320355,12.2));
#9506=CARTESIAN_POINT('Ctrl Pts',(27.0333806965177,58.9823089320355,11.6));
#9507=CARTESIAN_POINT('Ctrl Pts',(26.7733745071714,58.8018475253277,12.2));
#9508=CARTESIAN_POINT('Ctrl Pts',(26.7733745071714,58.8018475253277,11.6));
#9509=CARTESIAN_POINT('Ctrl Pts',(26.4005784485166,58.8018475253277,12.2));
#9510=CARTESIAN_POINT('Ctrl Pts',(26.4005784485166,58.8018475253277,11.6));
#9511=CARTESIAN_POINT('',(27.0333806965177,58.9823089320355,12.2));
#9512=CARTESIAN_POINT('Ctrl Pts',(27.0333806965177,58.9823089320355,12.2));
#9513=CARTESIAN_POINT('Ctrl Pts',(26.7733745071714,58.8018475253277,12.2));
#9514=CARTESIAN_POINT('Ctrl Pts',(26.4005784485166,58.8018475253277,12.2));
#9515=CARTESIAN_POINT('',(27.0333806965177,58.9823089320355,11.6));
#9516=CARTESIAN_POINT('Ctrl Pts',(27.0333806965177,58.9823089320355,11.6));
#9517=CARTESIAN_POINT('Ctrl Pts',(26.7733745071714,58.8018475253277,11.6));
#9518=CARTESIAN_POINT('Ctrl Pts',(26.4005784485166,58.8018475253277,11.6));
#9519=CARTESIAN_POINT('',(27.0333806965177,58.9823089320355,12.2));
#9520=CARTESIAN_POINT('Ctrl Pts',(27.4275462124174,59.5141951520138,12.2));
#9521=CARTESIAN_POINT('Ctrl Pts',(27.4275462124174,59.5141951520138,11.6));
#9522=CARTESIAN_POINT('Ctrl Pts',(27.293386885864,59.1627703387432,12.2));
#9523=CARTESIAN_POINT('Ctrl Pts',(27.293386885864,59.1627703387432,11.6));
#9524=CARTESIAN_POINT('Ctrl Pts',(27.0333806965177,58.9823089320355,12.2));
#9525=CARTESIAN_POINT('Ctrl Pts',(27.0333806965177,58.9823089320355,11.6));
#9526=CARTESIAN_POINT('Ctrl Pts',(27.4275462124174,59.5141951520138,12.2));
#9527=CARTESIAN_POINT('Ctrl Pts',(27.293386885864,59.1627703387432,12.2));
#9528=CARTESIAN_POINT('Ctrl Pts',(27.0333806965177,58.9823089320355,12.2));
#9529=CARTESIAN_POINT('Ctrl Pts',(27.4275462124174,59.5141951520138,11.6));
#9530=CARTESIAN_POINT('Ctrl Pts',(27.293386885864,59.1627703387432,11.6));
#9531=CARTESIAN_POINT('Ctrl Pts',(27.0333806965177,58.9823089320355,11.6));
#9532=CARTESIAN_POINT('Origin',(26.4005790445631,60.5898393470936,12.2));
#9533=CARTESIAN_POINT('Origin',(26.4005790445631,60.5898393470936,11.6));
#9534=CARTESIAN_POINT('Ctrl Pts',(16.6549540850942,59.7611419636898,12.2));
#9535=CARTESIAN_POINT('Ctrl Pts',(16.6549540850942,59.7611419636898,11.6));
#9536=CARTESIAN_POINT('Ctrl Pts',(16.711942085964,59.6091745574169,12.2));
#9537=CARTESIAN_POINT('Ctrl Pts',(16.711942085964,59.6091745574169,11.6));
#9538=CARTESIAN_POINT('Ctrl Pts',(16.8164194915121,59.5260678012066,12.2));
#9539=CARTESIAN_POINT('Ctrl Pts',(16.8164194915121,59.5260678012066,11.6));
#9540=CARTESIAN_POINT('',(16.8164194915121,59.5260678012066,12.2));
#9541=CARTESIAN_POINT('',(16.6549540850942,59.7611419636898,12.2));
#9542=CARTESIAN_POINT('Ctrl Pts',(16.8164194915121,59.5260678012066,12.2));
#9543=CARTESIAN_POINT('Ctrl Pts',(16.711942085964,59.6091745574169,12.2));
#9544=CARTESIAN_POINT('Ctrl Pts',(16.6549540850942,59.7611419636898,12.2));
#9545=CARTESIAN_POINT('',(16.8164194915121,59.5260678012066,11.6));
#9546=CARTESIAN_POINT('',(16.8164194915121,59.5260678012066,12.2));
#9547=CARTESIAN_POINT('',(16.6549540850942,59.7611419636898,11.6));
#9548=CARTESIAN_POINT('Ctrl Pts',(16.6549540850942,59.7611419636898,11.6));
#9549=CARTESIAN_POINT('Ctrl Pts',(16.711942085964,59.6091745574169,11.6));
#9550=CARTESIAN_POINT('Ctrl Pts',(16.8164194915121,59.5260678012066,11.6));
#9551=CARTESIAN_POINT('',(16.6549540850942,59.7611419636898,12.2));
#9552=CARTESIAN_POINT('Ctrl Pts',(16.5979663822477,60.1173160750561,12.2));
#9553=CARTESIAN_POINT('Ctrl Pts',(16.5979663822477,60.1173160750561,11.6));
#9554=CARTESIAN_POINT('Ctrl Pts',(16.5979663822477,59.9131093699627,12.2));
#9555=CARTESIAN_POINT('Ctrl Pts',(16.5979663822477,59.9131093699627,11.6));
#9556=CARTESIAN_POINT('Ctrl Pts',(16.6549540850942,59.7611419636898,12.2));
#9557=CARTESIAN_POINT('Ctrl Pts',(16.6549540850942,59.7611419636898,11.6));
#9558=CARTESIAN_POINT('',(16.5979663822477,60.1173160750561,12.2));
#9559=CARTESIAN_POINT('Ctrl Pts',(16.6549540850942,59.7611419636898,12.2));
#9560=CARTESIAN_POINT('Ctrl Pts',(16.5979663822477,59.9131093699627,12.2));
#9561=CARTESIAN_POINT('Ctrl Pts',(16.5979663822477,60.1173160750561,12.2));
#9562=CARTESIAN_POINT('',(16.5979663822477,60.1173160750561,11.6));
#9563=CARTESIAN_POINT('Ctrl Pts',(16.5979663822477,60.1173160750561,11.6));
#9564=CARTESIAN_POINT('Ctrl Pts',(16.5979663822477,59.9131093699627,11.6));
#9565=CARTESIAN_POINT('Ctrl Pts',(16.6549540850942,59.7611419636898,11.6));
#9566=CARTESIAN_POINT('',(16.5979663822477,60.1173160750561,12.2));
#9567=CARTESIAN_POINT('Ctrl Pts',(16.6549540850942,60.4746769148998,12.2));
#9568=CARTESIAN_POINT('Ctrl Pts',(16.6549540850942,60.4746769148998,11.6));
#9569=CARTESIAN_POINT('Ctrl Pts',(16.5979663822477,60.3238962371044,12.2));
#9570=CARTESIAN_POINT('Ctrl Pts',(16.5979663822477,60.3238962371044,11.6));
#9571=CARTESIAN_POINT('Ctrl Pts',(16.5979663822477,60.1173160750561,12.2));
#9572=CARTESIAN_POINT('Ctrl Pts',(16.5979663822477,60.1173160750561,11.6));
#9573=CARTESIAN_POINT('',(16.6549540850942,60.4746769148998,12.2));
#9574=CARTESIAN_POINT('Ctrl Pts',(16.5979663822477,60.1173160750561,12.2));
#9575=CARTESIAN_POINT('Ctrl Pts',(16.5979663822477,60.3238962371044,12.2));
#9576=CARTESIAN_POINT('Ctrl Pts',(16.6549540850942,60.4746769148998,12.2));
#9577=CARTESIAN_POINT('',(16.6549540850942,60.4746769148998,11.6));
#9578=CARTESIAN_POINT('Ctrl Pts',(16.6549540850942,60.4746769148998,11.6));
#9579=CARTESIAN_POINT('Ctrl Pts',(16.5979663822477,60.3238962371044,11.6));
#9580=CARTESIAN_POINT('Ctrl Pts',(16.5979663822477,60.1173160750561,11.6));
#9581=CARTESIAN_POINT('',(16.6549540850942,60.4746769148998,12.2));
#9582=CARTESIAN_POINT('Ctrl Pts',(16.8164194915121,60.7097516734295,12.2));
#9583=CARTESIAN_POINT('Ctrl Pts',(16.8164194915121,60.7097516734295,11.6));
#9584=CARTESIAN_POINT('Ctrl Pts',(16.711942085964,60.6254569966488,12.2));
#9585=CARTESIAN_POINT('Ctrl Pts',(16.711942085964,60.6254569966488,11.6));
#9586=CARTESIAN_POINT('Ctrl Pts',(16.6549540850942,60.4746769148998,12.2));
#9587=CARTESIAN_POINT('Ctrl Pts',(16.6549540850942,60.4746769148998,11.6));
#9588=CARTESIAN_POINT('',(16.8164194915121,60.7097516734295,12.2));
#9589=CARTESIAN_POINT('Ctrl Pts',(16.6549540850942,60.4746769148998,12.2));
#9590=CARTESIAN_POINT('Ctrl Pts',(16.711942085964,60.6254569966488,12.2));
#9591=CARTESIAN_POINT('Ctrl Pts',(16.8164194915121,60.7097516734295,12.2));
#9592=CARTESIAN_POINT('',(16.8164194915121,60.7097516734295,11.6));
#9593=CARTESIAN_POINT('Ctrl Pts',(16.8164194915121,60.7097516734295,11.6));
#9594=CARTESIAN_POINT('Ctrl Pts',(16.711942085964,60.6254569966488,11.6));
#9595=CARTESIAN_POINT('Ctrl Pts',(16.6549540850942,60.4746769148998,11.6));
#9596=CARTESIAN_POINT('',(16.8164194915121,60.7097516734295,12.2));
#9597=CARTESIAN_POINT('Ctrl Pts',(17.0633666012113,60.7940457541638,12.2));
#9598=CARTESIAN_POINT('Ctrl Pts',(17.0633666012113,60.7940457541638,11.6));
#9599=CARTESIAN_POINT('Ctrl Pts',(16.9208971950834,60.7940457541638,12.2));
#9600=CARTESIAN_POINT('Ctrl Pts',(16.9208971950834,60.7940457541638,11.6));
#9601=CARTESIAN_POINT('Ctrl Pts',(16.8164194915121,60.7097516734295,12.2));
#9602=CARTESIAN_POINT('Ctrl Pts',(16.8164194915121,60.7097516734295,11.6));
#9603=CARTESIAN_POINT('',(17.0633666012113,60.7940457541638,12.2));
#9604=CARTESIAN_POINT('Ctrl Pts',(16.8164194915121,60.7097516734295,12.2));
#9605=CARTESIAN_POINT('Ctrl Pts',(16.9208971950834,60.7940457541638,12.2));
#9606=CARTESIAN_POINT('Ctrl Pts',(17.0633666012113,60.7940457541638,12.2));
#9607=CARTESIAN_POINT('',(17.0633666012113,60.7940457541638,11.6));
#9608=CARTESIAN_POINT('Ctrl Pts',(17.0633666012113,60.7940457541638,11.6));
#9609=CARTESIAN_POINT('Ctrl Pts',(16.9208971950834,60.7940457541638,11.6));
#9610=CARTESIAN_POINT('Ctrl Pts',(16.8164194915121,60.7097516734295,11.6));
#9611=CARTESIAN_POINT('',(17.0633666012113,60.7940457541638,12.2));
#9612=CARTESIAN_POINT('Ctrl Pts',(17.3103137109106,60.7097516734295,12.2));
#9613=CARTESIAN_POINT('Ctrl Pts',(17.3103137109106,60.7097516734295,11.6));
#9614=CARTESIAN_POINT('Ctrl Pts',(17.2058360073392,60.7940457541638,12.2));
#9615=CARTESIAN_POINT('Ctrl Pts',(17.2058360073392,60.7940457541638,11.6));
#9616=CARTESIAN_POINT('Ctrl Pts',(17.0633666012113,60.7940457541638,12.2));
#9617=CARTESIAN_POINT('Ctrl Pts',(17.0633666012113,60.7940457541638,11.6));
#9618=CARTESIAN_POINT('',(17.3103137109106,60.7097516734295,12.2));
#9619=CARTESIAN_POINT('Ctrl Pts',(17.0633666012113,60.7940457541638,12.2));
#9620=CARTESIAN_POINT('Ctrl Pts',(17.2058360073392,60.7940457541638,12.2));
#9621=CARTESIAN_POINT('Ctrl Pts',(17.3103137109106,60.7097516734295,12.2));
#9622=CARTESIAN_POINT('',(17.3103137109106,60.7097516734295,11.6));
#9623=CARTESIAN_POINT('Ctrl Pts',(17.3103137109106,60.7097516734295,11.6));
#9624=CARTESIAN_POINT('Ctrl Pts',(17.2058360073392,60.7940457541638,11.6));
#9625=CARTESIAN_POINT('Ctrl Pts',(17.0633666012113,60.7940457541638,11.6));
#9626=CARTESIAN_POINT('',(17.3103137109106,60.7097516734295,12.2));
#9627=CARTESIAN_POINT('Ctrl Pts',(17.4717791173284,60.4746769148998,12.2));
#9628=CARTESIAN_POINT('Ctrl Pts',(17.4717791173284,60.4746769148998,11.6));
#9629=CARTESIAN_POINT('Ctrl Pts',(17.4147914144819,60.6254569966488,12.2));
#9630=CARTESIAN_POINT('Ctrl Pts',(17.4147914144819,60.6254569966488,11.6));
#9631=CARTESIAN_POINT('Ctrl Pts',(17.3103137109106,60.7097516734295,12.2));
#9632=CARTESIAN_POINT('Ctrl Pts',(17.3103137109106,60.7097516734295,11.6));
#9633=CARTESIAN_POINT('',(17.4717791173284,60.4746769148998,12.2));
#9634=CARTESIAN_POINT('Ctrl Pts',(17.3103137109106,60.7097516734295,12.2));
#9635=CARTESIAN_POINT('Ctrl Pts',(17.4147914144819,60.6254569966488,12.2));
#9636=CARTESIAN_POINT('Ctrl Pts',(17.4717791173284,60.4746769148998,12.2));
#9637=CARTESIAN_POINT('',(17.4717791173284,60.4746769148998,11.6));
#9638=CARTESIAN_POINT('Ctrl Pts',(17.4717791173284,60.4746769148998,11.6));
#9639=CARTESIAN_POINT('Ctrl Pts',(17.4147914144819,60.6254569966488,11.6));
#9640=CARTESIAN_POINT('Ctrl Pts',(17.3103137109106,60.7097516734295,11.6));
#9641=CARTESIAN_POINT('',(17.4717791173284,60.4746769148998,12.2));
#9642=CARTESIAN_POINT('Ctrl Pts',(17.5287668201749,60.1173160750561,12.2));
#9643=CARTESIAN_POINT('Ctrl Pts',(17.5287668201749,60.1173160750561,11.6));
#9644=CARTESIAN_POINT('Ctrl Pts',(17.5287668201749,60.3238962371044,12.2));
#9645=CARTESIAN_POINT('Ctrl Pts',(17.5287668201749,60.3238962371044,11.6));
#9646=CARTESIAN_POINT('Ctrl Pts',(17.4717791173284,60.4746769148998,12.2));
#9647=CARTESIAN_POINT('Ctrl Pts',(17.4717791173284,60.4746769148998,11.6));
#9648=CARTESIAN_POINT('',(17.5287668201749,60.1173160750561,12.2));
#9649=CARTESIAN_POINT('Ctrl Pts',(17.4717791173284,60.4746769148998,12.2));
#9650=CARTESIAN_POINT('Ctrl Pts',(17.5287668201749,60.3238962371044,12.2));
#9651=CARTESIAN_POINT('Ctrl Pts',(17.5287668201749,60.1173160750561,12.2));
#9652=CARTESIAN_POINT('',(17.5287668201749,60.1173160750561,11.6));
#9653=CARTESIAN_POINT('Ctrl Pts',(17.5287668201749,60.1173160750561,11.6));
#9654=CARTESIAN_POINT('Ctrl Pts',(17.5287668201749,60.3238962371044,11.6));
#9655=CARTESIAN_POINT('Ctrl Pts',(17.4717791173284,60.4746769148998,11.6));
#9656=CARTESIAN_POINT('',(17.5287668201749,60.1173160750561,12.2));
#9657=CARTESIAN_POINT('Ctrl Pts',(17.4717791173284,59.7611419636898,12.2));
#9658=CARTESIAN_POINT('Ctrl Pts',(17.4717791173284,59.7611419636898,11.6));
#9659=CARTESIAN_POINT('Ctrl Pts',(17.5287668201749,59.9131093699627,12.2));
#9660=CARTESIAN_POINT('Ctrl Pts',(17.5287668201749,59.9131093699627,11.6));
#9661=CARTESIAN_POINT('Ctrl Pts',(17.5287668201749,60.1173160750561,12.2));
#9662=CARTESIAN_POINT('Ctrl Pts',(17.5287668201749,60.1173160750561,11.6));
#9663=CARTESIAN_POINT('',(17.4717791173284,59.7611419636898,12.2));
#9664=CARTESIAN_POINT('Ctrl Pts',(17.5287668201749,60.1173160750561,12.2));
#9665=CARTESIAN_POINT('Ctrl Pts',(17.5287668201749,59.9131093699627,12.2));
#9666=CARTESIAN_POINT('Ctrl Pts',(17.4717791173284,59.7611419636898,12.2));
#9667=CARTESIAN_POINT('',(17.4717791173284,59.7611419636898,11.6));
#9668=CARTESIAN_POINT('Ctrl Pts',(17.4717791173284,59.7611419636898,11.6));
#9669=CARTESIAN_POINT('Ctrl Pts',(17.5287668201749,59.9131093699627,11.6));
#9670=CARTESIAN_POINT('Ctrl Pts',(17.5287668201749,60.1173160750561,11.6));
#9671=CARTESIAN_POINT('',(17.4717791173284,59.7611419636898,12.2));
#9672=CARTESIAN_POINT('Ctrl Pts',(17.3103137109106,59.5260678012066,12.2));
#9673=CARTESIAN_POINT('Ctrl Pts',(17.3103137109106,59.5260678012066,11.6));
#9674=CARTESIAN_POINT('Ctrl Pts',(17.4147914144819,59.6091745574169,12.2));
#9675=CARTESIAN_POINT('Ctrl Pts',(17.4147914144819,59.6091745574169,11.6));
#9676=CARTESIAN_POINT('Ctrl Pts',(17.4717791173284,59.7611419636898,12.2));
#9677=CARTESIAN_POINT('Ctrl Pts',(17.4717791173284,59.7611419636898,11.6));
#9678=CARTESIAN_POINT('',(17.3103137109106,59.5260678012066,12.2));
#9679=CARTESIAN_POINT('Ctrl Pts',(17.4717791173284,59.7611419636898,12.2));
#9680=CARTESIAN_POINT('Ctrl Pts',(17.4147914144819,59.6091745574169,12.2));
#9681=CARTESIAN_POINT('Ctrl Pts',(17.3103137109106,59.5260678012066,12.2));
#9682=CARTESIAN_POINT('',(17.3103137109106,59.5260678012066,11.6));
#9683=CARTESIAN_POINT('Ctrl Pts',(17.3103137109106,59.5260678012066,11.6));
#9684=CARTESIAN_POINT('Ctrl Pts',(17.4147914144819,59.6091745574169,11.6));
#9685=CARTESIAN_POINT('Ctrl Pts',(17.4717791173284,59.7611419636898,11.6));
#9686=CARTESIAN_POINT('',(17.3103137109106,59.5260678012066,12.2));
#9687=CARTESIAN_POINT('Ctrl Pts',(17.0633666012113,59.4429604489498,12.2));
#9688=CARTESIAN_POINT('Ctrl Pts',(17.0633666012113,59.4429604489498,11.6));
#9689=CARTESIAN_POINT('Ctrl Pts',(17.2058360073392,59.4429604489498,12.2));
#9690=CARTESIAN_POINT('Ctrl Pts',(17.2058360073392,59.4429604489498,11.6));
#9691=CARTESIAN_POINT('Ctrl Pts',(17.3103137109106,59.5260678012066,12.2));
#9692=CARTESIAN_POINT('Ctrl Pts',(17.3103137109106,59.5260678012066,11.6));
#9693=CARTESIAN_POINT('',(17.0633666012113,59.4429604489498,12.2));
#9694=CARTESIAN_POINT('Ctrl Pts',(17.3103137109106,59.5260678012066,12.2));
#9695=CARTESIAN_POINT('Ctrl Pts',(17.2058360073392,59.4429604489498,12.2));
#9696=CARTESIAN_POINT('Ctrl Pts',(17.0633666012113,59.4429604489498,12.2));
#9697=CARTESIAN_POINT('',(17.0633666012113,59.4429604489498,11.6));
#9698=CARTESIAN_POINT('Ctrl Pts',(17.0633666012113,59.4429604489498,11.6));
#9699=CARTESIAN_POINT('Ctrl Pts',(17.2058360073392,59.4429604489498,11.6));
#9700=CARTESIAN_POINT('Ctrl Pts',(17.3103137109106,59.5260678012066,11.6));
#9701=CARTESIAN_POINT('',(17.0633666012113,59.4429604489498,12.2));
#9702=CARTESIAN_POINT('Ctrl Pts',(16.8164194915121,59.5260678012066,12.2));
#9703=CARTESIAN_POINT('Ctrl Pts',(16.8164194915121,59.5260678012066,11.6));
#9704=CARTESIAN_POINT('Ctrl Pts',(16.9208971950834,59.4429604489498,12.2));
#9705=CARTESIAN_POINT('Ctrl Pts',(16.9208971950834,59.4429604489498,11.6));
#9706=CARTESIAN_POINT('Ctrl Pts',(17.0633666012113,59.4429604489498,12.2));
#9707=CARTESIAN_POINT('Ctrl Pts',(17.0633666012113,59.4429604489498,11.6));
#9708=CARTESIAN_POINT('Ctrl Pts',(17.0633666012113,59.4429604489498,12.2));
#9709=CARTESIAN_POINT('Ctrl Pts',(16.9208971950834,59.4429604489498,12.2));
#9710=CARTESIAN_POINT('Ctrl Pts',(16.8164194915121,59.5260678012066,12.2));
#9711=CARTESIAN_POINT('Ctrl Pts',(16.8164194915121,59.5260678012066,11.6));
#9712=CARTESIAN_POINT('Ctrl Pts',(16.9208971950834,59.4429604489498,11.6));
#9713=CARTESIAN_POINT('Ctrl Pts',(17.0633666012113,59.4429604489498,11.6));
#9714=CARTESIAN_POINT('Ctrl Pts',(18.241114446861,60.1173160750561,12.2));
#9715=CARTESIAN_POINT('Ctrl Pts',(18.241114446861,60.1173160750561,11.6));
#9716=CARTESIAN_POINT('Ctrl Pts',(18.241114446861,59.7184012610607,12.2));
#9717=CARTESIAN_POINT('Ctrl Pts',(18.241114446861,59.7184012610607,11.6));
#9718=CARTESIAN_POINT('Ctrl Pts',(18.0950830671613,59.422777124136,12.2));
#9719=CARTESIAN_POINT('Ctrl Pts',(18.0950830671613,59.422777124136,11.6));
#9720=CARTESIAN_POINT('',(18.241114446861,60.1173160750561,12.2));
#9721=CARTESIAN_POINT('',(18.0950830671613,59.422777124136,12.2));
#9722=CARTESIAN_POINT('Ctrl Pts',(18.241114446861,60.1173160750561,12.2));
#9723=CARTESIAN_POINT('Ctrl Pts',(18.241114446861,59.7184012610607,12.2));
#9724=CARTESIAN_POINT('Ctrl Pts',(18.0950830671613,59.422777124136,12.2));
#9725=CARTESIAN_POINT('',(18.0950830671613,59.422777124136,11.6));
#9726=CARTESIAN_POINT('',(18.0950830671613,59.422777124136,12.2));
#9727=CARTESIAN_POINT('',(18.241114446861,60.1173160750561,11.6));
#9728=CARTESIAN_POINT('Ctrl Pts',(18.241114446861,60.1173160750561,11.6));
#9729=CARTESIAN_POINT('Ctrl Pts',(18.241114446861,59.7184012610607,11.6));
#9730=CARTESIAN_POINT('Ctrl Pts',(18.0950830671613,59.422777124136,11.6));
#9731=CARTESIAN_POINT('',(18.241114446861,60.1173160750561,12.2));
#9732=CARTESIAN_POINT('Ctrl Pts',(18.0950830671613,60.8118544299297,12.2));
#9733=CARTESIAN_POINT('Ctrl Pts',(18.0950830671613,60.8118544299297,11.6));
#9734=CARTESIAN_POINT('Ctrl Pts',(18.241114446861,60.516230293005,12.2));
#9735=CARTESIAN_POINT('Ctrl Pts',(18.241114446861,60.516230293005,11.6));
#9736=CARTESIAN_POINT('Ctrl Pts',(18.241114446861,60.1173160750561,12.2));
#9737=CARTESIAN_POINT('Ctrl Pts',(18.241114446861,60.1173160750561,11.6));
#9738=CARTESIAN_POINT('',(18.0950830671613,60.8118544299297,12.2));
#9739=CARTESIAN_POINT('Ctrl Pts',(18.0950830671613,60.8118544299297,12.2));
#9740=CARTESIAN_POINT('Ctrl Pts',(18.241114446861,60.516230293005,12.2));
#9741=CARTESIAN_POINT('Ctrl Pts',(18.241114446861,60.1173160750561,12.2));
#9742=CARTESIAN_POINT('',(18.0950830671613,60.8118544299297,11.6));
#9743=CARTESIAN_POINT('Ctrl Pts',(18.0950830671613,60.8118544299297,11.6));
#9744=CARTESIAN_POINT('Ctrl Pts',(18.241114446861,60.516230293005,11.6));
#9745=CARTESIAN_POINT('Ctrl Pts',(18.241114446861,60.1173160750561,11.6));
#9746=CARTESIAN_POINT('',(18.0950830671613,60.8118544299297,12.2));
#9747=CARTESIAN_POINT('Ctrl Pts',(17.6842962000196,61.2701312977963,12.2));
#9748=CARTESIAN_POINT('Ctrl Pts',(17.6842962000196,61.2701312977963,11.6));
#9749=CARTESIAN_POINT('Ctrl Pts',(17.9490516874616,61.1074785668545,12.2));
#9750=CARTESIAN_POINT('Ctrl Pts',(17.9490516874616,61.1074785668545,11.6));
#9751=CARTESIAN_POINT('Ctrl Pts',(18.0950830671613,60.8118544299297,12.2));
#9752=CARTESIAN_POINT('Ctrl Pts',(18.0950830671613,60.8118544299297,11.6));
#9753=CARTESIAN_POINT('',(17.6842962000196,61.2701312977963,12.2));
#9754=CARTESIAN_POINT('Ctrl Pts',(17.6842962000196,61.2701312977963,12.2));
#9755=CARTESIAN_POINT('Ctrl Pts',(17.9490516874616,61.1074785668545,12.2));
#9756=CARTESIAN_POINT('Ctrl Pts',(18.0950830671613,60.8118544299297,12.2));
#9757=CARTESIAN_POINT('',(17.6842962000196,61.2701312977963,11.6));
#9758=CARTESIAN_POINT('Ctrl Pts',(17.6842962000196,61.2701312977963,11.6));
#9759=CARTESIAN_POINT('Ctrl Pts',(17.9490516874616,61.1074785668545,11.6));
#9760=CARTESIAN_POINT('Ctrl Pts',(18.0950830671613,60.8118544299297,11.6));
#9761=CARTESIAN_POINT('',(17.6842962000196,61.2701312977963,12.2));
#9762=CARTESIAN_POINT('Ctrl Pts',(17.0633666012113,61.4327837307148,12.2));
#9763=CARTESIAN_POINT('Ctrl Pts',(17.0633666012113,61.4327837307148,11.6));
#9764=CARTESIAN_POINT('Ctrl Pts',(17.4195404145544,61.4327837307148,12.2));
#9765=CARTESIAN_POINT('Ctrl Pts',(17.4195404145544,61.4327837307148,11.6));
#9766=CARTESIAN_POINT('Ctrl Pts',(17.6842962000196,61.2701312977963,12.2));
#9767=CARTESIAN_POINT('Ctrl Pts',(17.6842962000196,61.2701312977963,11.6));
#9768=CARTESIAN_POINT('',(17.0633666012113,61.4327837307148,12.2));
#9769=CARTESIAN_POINT('Ctrl Pts',(17.0633666012113,61.4327837307148,12.2));
#9770=CARTESIAN_POINT('Ctrl Pts',(17.4195404145544,61.4327837307148,12.2));
#9771=CARTESIAN_POINT('Ctrl Pts',(17.6842962000196,61.2701312977963,12.2));
#9772=CARTESIAN_POINT('',(17.0633666012113,61.4327837307148,11.6));
#9773=CARTESIAN_POINT('Ctrl Pts',(17.0633666012113,61.4327837307148,11.6));
#9774=CARTESIAN_POINT('Ctrl Pts',(17.4195404145544,61.4327837307148,11.6));
#9775=CARTESIAN_POINT('Ctrl Pts',(17.6842962000196,61.2701312977963,11.6));
#9776=CARTESIAN_POINT('',(17.0633666012113,61.4327837307148,12.2));
#9777=CARTESIAN_POINT('Ctrl Pts',(16.4412499759023,61.2701312977963,12.2));
#9778=CARTESIAN_POINT('Ctrl Pts',(16.4412499759023,61.2701312977963,11.6));
#9779=CARTESIAN_POINT('Ctrl Pts',(16.7071930858915,61.4327837307148,12.2));
#9780=CARTESIAN_POINT('Ctrl Pts',(16.7071930858915,61.4327837307148,11.6));
#9781=CARTESIAN_POINT('Ctrl Pts',(17.0633666012113,61.4327837307148,12.2));
#9782=CARTESIAN_POINT('Ctrl Pts',(17.0633666012113,61.4327837307148,11.6));
#9783=CARTESIAN_POINT('',(16.4412499759023,61.2701312977963,12.2));
#9784=CARTESIAN_POINT('Ctrl Pts',(16.4412499759023,61.2701312977963,12.2));
#9785=CARTESIAN_POINT('Ctrl Pts',(16.7071930858915,61.4327837307148,12.2));
#9786=CARTESIAN_POINT('Ctrl Pts',(17.0633666012113,61.4327837307148,12.2));
#9787=CARTESIAN_POINT('',(16.4412499759023,61.2701312977963,11.6));
#9788=CARTESIAN_POINT('Ctrl Pts',(16.4412499759023,61.2701312977963,11.6));
#9789=CARTESIAN_POINT('Ctrl Pts',(16.7071930858915,61.4327837307148,11.6));
#9790=CARTESIAN_POINT('Ctrl Pts',(17.0633666012113,61.4327837307148,11.6));
#9791=CARTESIAN_POINT('',(16.4412499759023,61.2701312977963,12.2));
#9792=CARTESIAN_POINT('Ctrl Pts',(16.0304631087606,60.8118544299297,12.2));
#9793=CARTESIAN_POINT('Ctrl Pts',(16.0304631087606,60.8118544299297,11.6));
#9794=CARTESIAN_POINT('Ctrl Pts',(16.1753068659132,61.1074785668545,12.2));
#9795=CARTESIAN_POINT('Ctrl Pts',(16.1753068659132,61.1074785668545,11.6));
#9796=CARTESIAN_POINT('Ctrl Pts',(16.4412499759023,61.2701312977963,12.2));
#9797=CARTESIAN_POINT('Ctrl Pts',(16.4412499759023,61.2701312977963,11.6));
#9798=CARTESIAN_POINT('',(16.0304631087606,60.8118544299297,12.2));
#9799=CARTESIAN_POINT('Ctrl Pts',(16.0304631087606,60.8118544299297,12.2));
#9800=CARTESIAN_POINT('Ctrl Pts',(16.1753068659132,61.1074785668545,12.2));
#9801=CARTESIAN_POINT('Ctrl Pts',(16.4412499759023,61.2701312977963,12.2));
#9802=CARTESIAN_POINT('',(16.0304631087606,60.8118544299297,11.6));
#9803=CARTESIAN_POINT('Ctrl Pts',(16.0304631087606,60.8118544299297,11.6));
#9804=CARTESIAN_POINT('Ctrl Pts',(16.1753068659132,61.1074785668545,11.6));
#9805=CARTESIAN_POINT('Ctrl Pts',(16.4412499759023,61.2701312977963,11.6));
#9806=CARTESIAN_POINT('',(16.0304631087606,60.8118544299297,12.2));
#9807=CARTESIAN_POINT('Ctrl Pts',(15.8856190535848,60.1173160750561,12.2));
#9808=CARTESIAN_POINT('Ctrl Pts',(15.8856190535848,60.1173160750561,11.6));
#9809=CARTESIAN_POINT('Ctrl Pts',(15.8856190535848,60.516230293005,12.2));
#9810=CARTESIAN_POINT('Ctrl Pts',(15.8856190535848,60.516230293005,11.6));
#9811=CARTESIAN_POINT('Ctrl Pts',(16.0304631087606,60.8118544299297,12.2));
#9812=CARTESIAN_POINT('Ctrl Pts',(16.0304631087606,60.8118544299297,11.6));
#9813=CARTESIAN_POINT('',(15.8856190535848,60.1173160750561,12.2));
#9814=CARTESIAN_POINT('Ctrl Pts',(15.8856190535848,60.1173160750561,12.2));
#9815=CARTESIAN_POINT('Ctrl Pts',(15.8856190535848,60.516230293005,12.2));
#9816=CARTESIAN_POINT('Ctrl Pts',(16.0304631087606,60.8118544299297,12.2));
#9817=CARTESIAN_POINT('',(15.8856190535848,60.1173160750561,11.6));
#9818=CARTESIAN_POINT('Ctrl Pts',(15.8856190535848,60.1173160750561,11.6));
#9819=CARTESIAN_POINT('Ctrl Pts',(15.8856190535848,60.516230293005,11.6));
#9820=CARTESIAN_POINT('Ctrl Pts',(16.0304631087606,60.8118544299297,11.6));
#9821=CARTESIAN_POINT('',(15.8856190535848,60.1173160750561,12.2));
#9822=CARTESIAN_POINT('Ctrl Pts',(16.0304631087606,59.422777124136,12.2));
#9823=CARTESIAN_POINT('Ctrl Pts',(16.0304631087606,59.422777124136,11.6));
#9824=CARTESIAN_POINT('Ctrl Pts',(15.8856190535848,59.7184012610607,12.2));
#9825=CARTESIAN_POINT('Ctrl Pts',(15.8856190535848,59.7184012610607,11.6));
#9826=CARTESIAN_POINT('Ctrl Pts',(15.8856190535848,60.1173160750561,12.2));
#9827=CARTESIAN_POINT('Ctrl Pts',(15.8856190535848,60.1173160750561,11.6));
#9828=CARTESIAN_POINT('',(16.0304631087606,59.422777124136,12.2));
#9829=CARTESIAN_POINT('Ctrl Pts',(16.0304631087606,59.422777124136,12.2));
#9830=CARTESIAN_POINT('Ctrl Pts',(15.8856190535848,59.7184012610607,12.2));
#9831=CARTESIAN_POINT('Ctrl Pts',(15.8856190535848,60.1173160750561,12.2));
#9832=CARTESIAN_POINT('',(16.0304631087606,59.422777124136,11.6));
#9833=CARTESIAN_POINT('Ctrl Pts',(16.0304631087606,59.422777124136,11.6));
#9834=CARTESIAN_POINT('Ctrl Pts',(15.8856190535848,59.7184012610607,11.6));
#9835=CARTESIAN_POINT('Ctrl Pts',(15.8856190535848,60.1173160750561,11.6));
#9836=CARTESIAN_POINT('',(16.0304631087606,59.422777124136,12.2));
#9837=CARTESIAN_POINT('Ctrl Pts',(16.4412499759023,58.9645002562695,12.2));
#9838=CARTESIAN_POINT('Ctrl Pts',(16.4412499759023,58.9645002562695,11.6));
#9839=CARTESIAN_POINT('Ctrl Pts',(16.1753068659132,59.1271529872112,12.2));
#9840=CARTESIAN_POINT('Ctrl Pts',(16.1753068659132,59.1271529872112,11.6));
#9841=CARTESIAN_POINT('Ctrl Pts',(16.0304631087606,59.422777124136,12.2));
#9842=CARTESIAN_POINT('Ctrl Pts',(16.0304631087606,59.422777124136,11.6));
#9843=CARTESIAN_POINT('',(16.4412499759023,58.9645002562695,12.2));
#9844=CARTESIAN_POINT('Ctrl Pts',(16.4412499759023,58.9645002562695,12.2));
#9845=CARTESIAN_POINT('Ctrl Pts',(16.1753068659132,59.1271529872112,12.2));
#9846=CARTESIAN_POINT('Ctrl Pts',(16.0304631087606,59.422777124136,12.2));
#9847=CARTESIAN_POINT('',(16.4412499759023,58.9645002562695,11.6));
#9848=CARTESIAN_POINT('Ctrl Pts',(16.4412499759023,58.9645002562695,11.6));
#9849=CARTESIAN_POINT('Ctrl Pts',(16.1753068659132,59.1271529872112,11.6));
#9850=CARTESIAN_POINT('Ctrl Pts',(16.0304631087606,59.422777124136,11.6));
#9851=CARTESIAN_POINT('',(16.4412499759023,58.9645002562695,12.2));
#9852=CARTESIAN_POINT('Ctrl Pts',(17.0633666012113,58.8018475253277,12.2));
#9853=CARTESIAN_POINT('Ctrl Pts',(17.0633666012113,58.8018475253277,11.6));
#9854=CARTESIAN_POINT('Ctrl Pts',(16.7071930858915,58.8018475253277,12.2));
#9855=CARTESIAN_POINT('Ctrl Pts',(16.7071930858915,58.8018475253277,11.6));
#9856=CARTESIAN_POINT('Ctrl Pts',(16.4412499759023,58.9645002562695,12.2));
#9857=CARTESIAN_POINT('Ctrl Pts',(16.4412499759023,58.9645002562695,11.6));
#9858=CARTESIAN_POINT('',(17.0633666012113,58.8018475253277,12.2));
#9859=CARTESIAN_POINT('Ctrl Pts',(17.0633666012113,58.8018475253277,12.2));
#9860=CARTESIAN_POINT('Ctrl Pts',(16.7071930858915,58.8018475253277,12.2));
#9861=CARTESIAN_POINT('Ctrl Pts',(16.4412499759023,58.9645002562695,12.2));
#9862=CARTESIAN_POINT('',(17.0633666012113,58.8018475253277,11.6));
#9863=CARTESIAN_POINT('Ctrl Pts',(17.0633666012113,58.8018475253277,11.6));
#9864=CARTESIAN_POINT('Ctrl Pts',(16.7071930858915,58.8018475253277,11.6));
#9865=CARTESIAN_POINT('Ctrl Pts',(16.4412499759023,58.9645002562695,11.6));
#9866=CARTESIAN_POINT('',(17.0633666012113,58.8018475253277,12.2));
#9867=CARTESIAN_POINT('Ctrl Pts',(17.6842962000196,58.9645002562695,12.2));
#9868=CARTESIAN_POINT('Ctrl Pts',(17.6842962000196,58.9645002562695,11.6));
#9869=CARTESIAN_POINT('Ctrl Pts',(17.4195404145544,58.8018475253277,12.2));
#9870=CARTESIAN_POINT('Ctrl Pts',(17.4195404145544,58.8018475253277,11.6));
#9871=CARTESIAN_POINT('Ctrl Pts',(17.0633666012113,58.8018475253277,12.2));
#9872=CARTESIAN_POINT('Ctrl Pts',(17.0633666012113,58.8018475253277,11.6));
#9873=CARTESIAN_POINT('',(17.6842962000196,58.9645002562695,12.2));
#9874=CARTESIAN_POINT('Ctrl Pts',(17.6842962000196,58.9645002562695,12.2));
#9875=CARTESIAN_POINT('Ctrl Pts',(17.4195404145544,58.8018475253277,12.2));
#9876=CARTESIAN_POINT('Ctrl Pts',(17.0633666012113,58.8018475253277,12.2));
#9877=CARTESIAN_POINT('',(17.6842962000196,58.9645002562695,11.6));
#9878=CARTESIAN_POINT('Ctrl Pts',(17.6842962000196,58.9645002562695,11.6));
#9879=CARTESIAN_POINT('Ctrl Pts',(17.4195404145544,58.8018475253277,11.6));
#9880=CARTESIAN_POINT('Ctrl Pts',(17.0633666012113,58.8018475253277,11.6));
#9881=CARTESIAN_POINT('',(17.6842962000196,58.9645002562695,12.2));
#9882=CARTESIAN_POINT('Ctrl Pts',(18.0950830671613,59.422777124136,12.2));
#9883=CARTESIAN_POINT('Ctrl Pts',(18.0950830671613,59.422777124136,11.6));
#9884=CARTESIAN_POINT('Ctrl Pts',(17.9490516874616,59.1271529872112,12.2));
#9885=CARTESIAN_POINT('Ctrl Pts',(17.9490516874616,59.1271529872112,11.6));
#9886=CARTESIAN_POINT('Ctrl Pts',(17.6842962000196,58.9645002562695,12.2));
#9887=CARTESIAN_POINT('Ctrl Pts',(17.6842962000196,58.9645002562695,11.6));
#9888=CARTESIAN_POINT('Ctrl Pts',(18.0950830671613,59.422777124136,12.2));
#9889=CARTESIAN_POINT('Ctrl Pts',(17.9490516874616,59.1271529872112,12.2));
#9890=CARTESIAN_POINT('Ctrl Pts',(17.6842962000196,58.9645002562695,12.2));
#9891=CARTESIAN_POINT('Ctrl Pts',(18.0950830671613,59.422777124136,11.6));
#9892=CARTESIAN_POINT('Ctrl Pts',(17.9490516874616,59.1271529872112,11.6));
#9893=CARTESIAN_POINT('Ctrl Pts',(17.6842962000196,58.9645002562695,11.6));
#9894=CARTESIAN_POINT('Origin',(17.0633667502229,60.1173156280213,12.2));
#9895=CARTESIAN_POINT('Origin',(17.0633667502229,60.1173156280213,11.6));
#9896=CARTESIAN_POINT('Ctrl Pts',(23.4156064483945,59.6008638817959,12.2));
#9897=CARTESIAN_POINT('Ctrl Pts',(23.4156064483945,59.6008638817959,11.6));
#9898=CARTESIAN_POINT('Ctrl Pts',(23.5509519073789,59.466705151289,12.2));
#9899=CARTESIAN_POINT('Ctrl Pts',(23.5509519073789,59.466705151289,11.6));
#9900=CARTESIAN_POINT('Ctrl Pts',(23.5533265564268,59.2696223933392,12.2));
#9901=CARTESIAN_POINT('Ctrl Pts',(23.5533265564268,59.2696223933392,11.6));
#9902=CARTESIAN_POINT('',(23.4156064483945,59.6008638817959,12.2));
#9903=CARTESIAN_POINT('',(23.5533265564268,59.2696223933392,12.2));
#9904=CARTESIAN_POINT('Ctrl Pts',(23.4156064483945,59.6008638817959,12.2));
#9905=CARTESIAN_POINT('Ctrl Pts',(23.5509519073789,59.466705151289,12.2));
#9906=CARTESIAN_POINT('Ctrl Pts',(23.5533265564268,59.2696223933392,12.2));
#9907=CARTESIAN_POINT('',(23.5533265564268,59.2696223933392,11.6));
#9908=CARTESIAN_POINT('',(23.5533265564268,59.2696223933392,12.2));
#9909=CARTESIAN_POINT('',(23.4156064483945,59.6008638817959,11.6));
#9910=CARTESIAN_POINT('Ctrl Pts',(23.4156064483945,59.6008638817959,11.6));
#9911=CARTESIAN_POINT('Ctrl Pts',(23.5509519073789,59.466705151289,11.6));
#9912=CARTESIAN_POINT('Ctrl Pts',(23.5533265564268,59.2696223933392,11.6));
#9913=CARTESIAN_POINT('',(23.4156064483945,59.6008638817959,12.2));
#9914=CARTESIAN_POINT('Ctrl Pts',(23.0808035824125,59.7350226123028,12.2));
#9915=CARTESIAN_POINT('Ctrl Pts',(23.0808035824125,59.7350226123028,11.6));
#9916=CARTESIAN_POINT('Ctrl Pts',(23.2802609894102,59.7350226123028,12.2));
#9917=CARTESIAN_POINT('Ctrl Pts',(23.2802609894102,59.7350226123028,11.6));
#9918=CARTESIAN_POINT('Ctrl Pts',(23.4156064483945,59.6008638817959,12.2));
#9919=CARTESIAN_POINT('Ctrl Pts',(23.4156064483945,59.6008638817959,11.6));
#9920=CARTESIAN_POINT('',(23.0808035824125,59.7350226123028,12.2));
#9921=CARTESIAN_POINT('Ctrl Pts',(23.0808035824125,59.7350226123028,12.2));
#9922=CARTESIAN_POINT('Ctrl Pts',(23.2802609894102,59.7350226123028,12.2));
#9923=CARTESIAN_POINT('Ctrl Pts',(23.4156064483945,59.6008638817959,12.2));
#9924=CARTESIAN_POINT('',(23.0808035824125,59.7350226123028,11.6));
#9925=CARTESIAN_POINT('Ctrl Pts',(23.0808035824125,59.7350226123028,11.6));
#9926=CARTESIAN_POINT('Ctrl Pts',(23.2802609894102,59.7350226123028,11.6));
#9927=CARTESIAN_POINT('Ctrl Pts',(23.4156064483945,59.6008638817959,11.6));
#9928=CARTESIAN_POINT('',(23.0808035824125,59.7350226123028,12.2));
#9929=CARTESIAN_POINT('Ctrl Pts',(22.7531234714811,59.6008638817959,12.2));
#9930=CARTESIAN_POINT('Ctrl Pts',(22.7531234714811,59.6008638817959,11.6));
#9931=CARTESIAN_POINT('Ctrl Pts',(22.8860954735105,59.7350226123028,12.2));
#9932=CARTESIAN_POINT('Ctrl Pts',(22.8860954735105,59.7350226123028,11.6));
#9933=CARTESIAN_POINT('Ctrl Pts',(23.0808035824125,59.7350226123028,12.2));
#9934=CARTESIAN_POINT('Ctrl Pts',(23.0808035824125,59.7350226123028,11.6));
#9935=CARTESIAN_POINT('',(22.7531234714811,59.6008638817959,12.2));
#9936=CARTESIAN_POINT('Ctrl Pts',(22.7531234714811,59.6008638817959,12.2));
#9937=CARTESIAN_POINT('Ctrl Pts',(22.8860954735105,59.7350226123028,12.2));
#9938=CARTESIAN_POINT('Ctrl Pts',(23.0808035824125,59.7350226123028,12.2));
#9939=CARTESIAN_POINT('',(22.7531234714811,59.6008638817959,11.6));
#9940=CARTESIAN_POINT('Ctrl Pts',(22.7531234714811,59.6008638817959,11.6));
#9941=CARTESIAN_POINT('Ctrl Pts',(22.8860954735105,59.7350226123028,11.6));
#9942=CARTESIAN_POINT('Ctrl Pts',(23.0808035824125,59.7350226123028,11.6));
#9943=CARTESIAN_POINT('',(22.7531234714811,59.6008638817959,12.2));
#9944=CARTESIAN_POINT('Ctrl Pts',(22.6177774164503,59.2696223933392,12.2));
#9945=CARTESIAN_POINT('Ctrl Pts',(22.6177774164503,59.2696223933392,11.6));
#9946=CARTESIAN_POINT('Ctrl Pts',(22.6201520654981,59.466705151289,12.2));
#9947=CARTESIAN_POINT('Ctrl Pts',(22.6201520654981,59.466705151289,11.6));
#9948=CARTESIAN_POINT('Ctrl Pts',(22.7531234714811,59.6008638817959,12.2));
#9949=CARTESIAN_POINT('Ctrl Pts',(22.7531234714811,59.6008638817959,11.6));
#9950=CARTESIAN_POINT('',(22.6177774164503,59.2696223933392,12.2));
#9951=CARTESIAN_POINT('Ctrl Pts',(22.6177774164503,59.2696223933392,12.2));
#9952=CARTESIAN_POINT('Ctrl Pts',(22.6201520654981,59.466705151289,12.2));
#9953=CARTESIAN_POINT('Ctrl Pts',(22.7531234714811,59.6008638817959,12.2));
#9954=CARTESIAN_POINT('',(22.6177774164503,59.2696223933392,11.6));
#9955=CARTESIAN_POINT('Ctrl Pts',(22.6177774164503,59.2696223933392,11.6));
#9956=CARTESIAN_POINT('Ctrl Pts',(22.6201520654981,59.466705151289,11.6));
#9957=CARTESIAN_POINT('Ctrl Pts',(22.7531234714811,59.6008638817959,11.6));
#9958=CARTESIAN_POINT('',(22.6177774164503,59.2696223933392,12.2));
#9959=CARTESIAN_POINT('Ctrl Pts',(22.7519361469572,58.9360062558346,12.2));
#9960=CARTESIAN_POINT('Ctrl Pts',(22.7519361469572,58.9360062558346,11.6));
#9961=CARTESIAN_POINT('Ctrl Pts',(22.6177774164503,59.0701649863415,12.2));
#9962=CARTESIAN_POINT('Ctrl Pts',(22.6177774164503,59.0701649863415,11.6));
#9963=CARTESIAN_POINT('Ctrl Pts',(22.6177774164503,59.2696223933392,12.2));
#9964=CARTESIAN_POINT('Ctrl Pts',(22.6177774164503,59.2696223933392,11.6));
#9965=CARTESIAN_POINT('',(22.7519361469572,58.9360062558346,12.2));
#9966=CARTESIAN_POINT('Ctrl Pts',(22.7519361469572,58.9360062558346,12.2));
#9967=CARTESIAN_POINT('Ctrl Pts',(22.6177774164503,59.0701649863415,12.2));
#9968=CARTESIAN_POINT('Ctrl Pts',(22.6177774164503,59.2696223933392,12.2));
#9969=CARTESIAN_POINT('',(22.7519361469572,58.9360062558346,11.6));
#9970=CARTESIAN_POINT('Ctrl Pts',(22.7519361469572,58.9360062558346,11.6));
#9971=CARTESIAN_POINT('Ctrl Pts',(22.6177774164503,59.0701649863415,11.6));
#9972=CARTESIAN_POINT('Ctrl Pts',(22.6177774164503,59.2696223933392,11.6));
#9973=CARTESIAN_POINT('',(22.7519361469572,58.9360062558346,12.2));
#9974=CARTESIAN_POINT('Ctrl Pts',(23.0831782314603,58.8018475253277,12.2));
#9975=CARTESIAN_POINT('Ctrl Pts',(23.0831782314603,58.8018475253277,11.6));
#9976=CARTESIAN_POINT('Ctrl Pts',(22.8860954735105,58.8018475253277,12.2));
#9977=CARTESIAN_POINT('Ctrl Pts',(22.8860954735105,58.8018475253277,11.6));
#9978=CARTESIAN_POINT('Ctrl Pts',(22.7519361469572,58.9360062558346,12.2));
#9979=CARTESIAN_POINT('Ctrl Pts',(22.7519361469572,58.9360062558346,11.6));
#9980=CARTESIAN_POINT('',(23.0831782314603,58.8018475253277,12.2));
#9981=CARTESIAN_POINT('Ctrl Pts',(23.0831782314603,58.8018475253277,12.2));
#9982=CARTESIAN_POINT('Ctrl Pts',(22.8860954735105,58.8018475253277,12.2));
#9983=CARTESIAN_POINT('Ctrl Pts',(22.7519361469572,58.9360062558346,12.2));
#9984=CARTESIAN_POINT('',(23.0831782314603,58.8018475253277,11.6));
#9985=CARTESIAN_POINT('Ctrl Pts',(23.0831782314603,58.8018475253277,11.6));
#9986=CARTESIAN_POINT('Ctrl Pts',(22.8860954735105,58.8018475253277,11.6));
#9987=CARTESIAN_POINT('Ctrl Pts',(22.7519361469572,58.9360062558346,11.6));
#9988=CARTESIAN_POINT('',(23.0831782314603,58.8018475253277,12.2));
#9989=CARTESIAN_POINT('Ctrl Pts',(23.4167937729185,58.9360062558346,12.2));
#9990=CARTESIAN_POINT('Ctrl Pts',(23.4167937729185,58.9360062558346,11.6));
#9991=CARTESIAN_POINT('Ctrl Pts',(23.2802609894102,58.8018475253277,12.2));
#9992=CARTESIAN_POINT('Ctrl Pts',(23.2802609894102,58.8018475253277,11.6));
#9993=CARTESIAN_POINT('Ctrl Pts',(23.0831782314603,58.8018475253277,12.2));
#9994=CARTESIAN_POINT('Ctrl Pts',(23.0831782314603,58.8018475253277,11.6));
#9995=CARTESIAN_POINT('',(23.4167937729185,58.9360062558346,12.2));
#9996=CARTESIAN_POINT('Ctrl Pts',(23.4167937729185,58.9360062558346,12.2));
#9997=CARTESIAN_POINT('Ctrl Pts',(23.2802609894102,58.8018475253277,12.2));
#9998=CARTESIAN_POINT('Ctrl Pts',(23.0831782314603,58.8018475253277,12.2));
#9999=CARTESIAN_POINT('',(23.4167937729185,58.9360062558346,11.6));
#10000=CARTESIAN_POINT('Ctrl Pts',(23.4167937729185,58.9360062558346,11.6));
#10001=CARTESIAN_POINT('Ctrl Pts',(23.2802609894102,58.8018475253277,11.6));
#10002=CARTESIAN_POINT('Ctrl Pts',(23.0831782314603,58.8018475253277,11.6));
#10003=CARTESIAN_POINT('',(23.4167937729185,58.9360062558346,12.2));
#10004=CARTESIAN_POINT('Ctrl Pts',(23.5533265564268,59.2696223933392,12.2));
#10005=CARTESIAN_POINT('Ctrl Pts',(23.5533265564268,59.2696223933392,11.6));
#10006=CARTESIAN_POINT('Ctrl Pts',(23.5533265564268,59.0701649863415,12.2));
#10007=CARTESIAN_POINT('Ctrl Pts',(23.5533265564268,59.0701649863415,11.6));
#10008=CARTESIAN_POINT('Ctrl Pts',(23.4167937729185,58.9360062558346,12.2));
#10009=CARTESIAN_POINT('Ctrl Pts',(23.4167937729185,58.9360062558346,11.6));
#10010=CARTESIAN_POINT('Ctrl Pts',(23.5533265564268,59.2696223933392,12.2));
#10011=CARTESIAN_POINT('Ctrl Pts',(23.5533265564268,59.0701649863415,12.2));
#10012=CARTESIAN_POINT('Ctrl Pts',(23.4167937729185,58.9360062558346,12.2));
#10013=CARTESIAN_POINT('Ctrl Pts',(23.5533265564268,59.2696223933392,11.6));
#10014=CARTESIAN_POINT('Ctrl Pts',(23.5533265564268,59.0701649863415,11.6));
#10015=CARTESIAN_POINT('Ctrl Pts',(23.4167937729185,58.9360062558346,11.6));
#10016=CARTESIAN_POINT('Origin',(23.0855519864385,59.2684350688152,12.2));
#10017=CARTESIAN_POINT('Origin',(23.0855519864385,59.2684350688152,11.6));
#10018=CARTESIAN_POINT('Origin',(29.8889450523679,59.4904498536282,12.2));
#10019=CARTESIAN_POINT('',(29.8889450523679,59.4904498536282,12.2));
#10020=CARTESIAN_POINT('',(30.4754440281217,59.4904498536282,12.2));
#10021=CARTESIAN_POINT('',(28.4286324474638,59.4904498536282,12.2));
#10022=CARTESIAN_POINT('',(30.4754440281217,59.4904498536282,11.6));
#10023=CARTESIAN_POINT('',(30.4754440281217,59.4904498536282,12.2));
#10024=CARTESIAN_POINT('',(29.8889450523679,59.4904498536282,11.6));
#10025=CARTESIAN_POINT('',(28.4286324474638,59.4904498536282,11.6));
#10026=CARTESIAN_POINT('',(29.8889450523679,59.4904498536282,12.2));
#10027=CARTESIAN_POINT('Origin',(29.8889450523679,62.3398394663029,12.2));
#10028=CARTESIAN_POINT('',(29.8889450523679,62.3398394663029,12.2));
#10029=CARTESIAN_POINT('',(29.8889450523679,62.3398394663029,12.2));
#10030=CARTESIAN_POINT('',(29.8889450523679,62.3398394663029,11.6));
#10031=CARTESIAN_POINT('',(29.8889450523679,62.3398394663029,11.6));
#10032=CARTESIAN_POINT('',(29.8889450523679,62.3398394663029,12.2));
#10033=CARTESIAN_POINT('Origin',(29.6799890491788,62.3398394663029,12.2));
#10034=CARTESIAN_POINT('',(29.6799890491788,62.3398394663029,12.2));
#10035=CARTESIAN_POINT('',(29.6799890491788,62.3398394663029,12.2));
#10036=CARTESIAN_POINT('',(29.6799890491788,62.3398394663029,11.6));
#10037=CARTESIAN_POINT('',(29.6799890491788,62.3398394663029,11.6));
#10038=CARTESIAN_POINT('',(29.6799890491788,62.3398394663029,12.2));
#10039=CARTESIAN_POINT('Origin',(28.4547523948972,61.8720645982914,12.2));
#10040=CARTESIAN_POINT('',(28.4547523948972,61.8720645982914,12.2));
#10041=CARTESIAN_POINT('',(28.4547523948972,61.8720645982914,12.2));
#10042=CARTESIAN_POINT('',(28.4547523948972,61.8720645982914,11.6));
#10043=CARTESIAN_POINT('',(28.4547523948972,61.8720645982914,11.6));
#10044=CARTESIAN_POINT('',(28.4547523948972,61.8720645982914,12.2));
#10045=CARTESIAN_POINT('Origin',(28.4547523948972,61.1454705674343,12.2));
#10046=CARTESIAN_POINT('',(28.4547523948972,61.1454705674343,12.2));
#10047=CARTESIAN_POINT('',(28.4547523948972,61.1454705674343,12.2));
#10048=CARTESIAN_POINT('',(28.4547523948972,61.1454705674343,11.6));
#10049=CARTESIAN_POINT('',(28.4547523948972,61.1454705674343,11.6));
#10050=CARTESIAN_POINT('',(28.4547523948972,61.1454705674343,12.2));
#10051=CARTESIAN_POINT('Origin',(29.1528527233427,61.4440914918837,12.2));
#10052=CARTESIAN_POINT('',(29.1528527233427,61.4440914918837,12.2));
#10053=CARTESIAN_POINT('',(29.2929474804227,61.504018731802,12.2));
#10054=CARTESIAN_POINT('',(29.1528527233427,61.4440914918837,11.6));
#10055=CARTESIAN_POINT('',(29.2929474804227,61.504018731802,11.6));
#10056=CARTESIAN_POINT('',(29.1528527233427,61.4440914918837,12.2));
#10057=CARTESIAN_POINT('Origin',(29.1528527233427,59.4904498536282,12.2));
#10058=CARTESIAN_POINT('',(29.1528527233427,59.4904498536282,12.2));
#10059=CARTESIAN_POINT('',(29.1528527233427,58.8398395259075,12.2));
#10060=CARTESIAN_POINT('',(29.1528527233427,59.4904498536282,11.6));
#10061=CARTESIAN_POINT('',(29.1528527233427,58.8398395259075,11.6));
#10062=CARTESIAN_POINT('',(29.1528527233427,59.4904498536282,12.2));
#10063=CARTESIAN_POINT('Origin',(28.4286324474638,59.4904498536282,12.2));
#10064=CARTESIAN_POINT('',(28.4286324474638,59.4904498536282,12.2));
#10065=CARTESIAN_POINT('',(28.4286324474638,59.4904498536282,12.2));
#10066=CARTESIAN_POINT('',(28.4286324474638,59.4904498536282,11.6));
#10067=CARTESIAN_POINT('',(28.4286324474638,59.4904498536282,11.6));
#10068=CARTESIAN_POINT('',(28.4286324474638,59.4904498536282,12.2));
#10069=CARTESIAN_POINT('Origin',(28.4286324474638,58.8398395259075,12.2));
#10070=CARTESIAN_POINT('',(28.4286324474638,58.8398395259075,12.2));
#10071=CARTESIAN_POINT('',(28.4286324474638,58.8398395259075,12.2));
#10072=CARTESIAN_POINT('',(28.4286324474638,58.8398395259075,11.6));
#10073=CARTESIAN_POINT('',(28.4286324474638,58.8398395259075,11.6));
#10074=CARTESIAN_POINT('',(28.4286324474638,58.8398395259075,12.2));
#10075=CARTESIAN_POINT('Origin',(30.4754440281217,58.8398395259075,12.2));
#10076=CARTESIAN_POINT('',(30.4754440281217,58.8398395259075,12.2));
#10077=CARTESIAN_POINT('',(30.4754440281217,58.8398395259075,12.2));
#10078=CARTESIAN_POINT('',(30.4754440281217,58.8398395259075,11.6));
#10079=CARTESIAN_POINT('',(30.4754440281217,58.8398395259075,11.6));
#10080=CARTESIAN_POINT('',(30.4754440281217,58.8398395259075,12.2));
#10081=CARTESIAN_POINT('Origin',(30.4754440281217,59.4904498536282,12.2));
#10082=CARTESIAN_POINT('',(30.4754440281217,59.4904498536282,12.2));
#10083=CARTESIAN_POINT('',(30.4754440281217,59.4904498536282,11.6));
#10084=CARTESIAN_POINT('Origin',(29.4520382377927,60.5898394961052,12.2));
#10085=CARTESIAN_POINT('Origin',(29.4520382377927,60.5898394961052,11.6));
#10086=CARTESIAN_POINT('Ctrl Pts',(15.1445401999776,59.625795908659,12.2));
#10087=CARTESIAN_POINT('Ctrl Pts',(15.1445401999776,59.625795908659,11.6));
#10088=CARTESIAN_POINT('Ctrl Pts',(15.1445401999776,59.378849096983,12.2));
#10089=CARTESIAN_POINT('Ctrl Pts',(15.1445401999776,59.378849096983,11.6));
#10090=CARTESIAN_POINT('Ctrl Pts',(14.9996962938135,59.192451663702,12.2));
#10091=CARTESIAN_POINT('Ctrl Pts',(14.9996962938135,59.192451663702,11.6));
#10092=CARTESIAN_POINT('',(15.1445401999776,59.625795908659,12.2));
#10093=CARTESIAN_POINT('',(14.9996962938135,59.192451663702,12.2));
#10094=CARTESIAN_POINT('Ctrl Pts',(15.1445401999776,59.625795908659,12.2));
#10095=CARTESIAN_POINT('Ctrl Pts',(15.1445401999776,59.378849096983,12.2));
#10096=CARTESIAN_POINT('Ctrl Pts',(14.9996962938135,59.192451663702,12.2));
#10097=CARTESIAN_POINT('',(14.9996962938135,59.192451663702,11.6));
#10098=CARTESIAN_POINT('',(14.9996962938135,59.192451663702,12.2));
#10099=CARTESIAN_POINT('',(15.1445401999776,59.625795908659,11.6));
#10100=CARTESIAN_POINT('Ctrl Pts',(15.1445401999776,59.625795908659,11.6));
#10101=CARTESIAN_POINT('Ctrl Pts',(15.1445401999776,59.378849096983,11.6));
#10102=CARTESIAN_POINT('Ctrl Pts',(14.9996962938135,59.192451663702,11.6));
#10103=CARTESIAN_POINT('',(15.1445401999776,59.625795908659,12.2));
#10104=CARTESIAN_POINT('Ctrl Pts',(15.0424371454542,59.9748460728817,12.2));
#10105=CARTESIAN_POINT('Ctrl Pts',(15.0424371454542,59.9748460728817,11.6));
#10106=CARTESIAN_POINT('Ctrl Pts',(15.1445401999776,59.8395000178509,12.2));
#10107=CARTESIAN_POINT('Ctrl Pts',(15.1445401999776,59.8395000178509,11.6));
#10108=CARTESIAN_POINT('Ctrl Pts',(15.1445401999776,59.625795908659,12.2));
#10109=CARTESIAN_POINT('Ctrl Pts',(15.1445401999776,59.625795908659,11.6));
#10110=CARTESIAN_POINT('',(15.0424371454542,59.9748460728817,12.2));
#10111=CARTESIAN_POINT('Ctrl Pts',(15.0424371454542,59.9748460728817,12.2));
#10112=CARTESIAN_POINT('Ctrl Pts',(15.1445401999776,59.8395000178509,12.2));
#10113=CARTESIAN_POINT('Ctrl Pts',(15.1445401999776,59.625795908659,12.2));
#10114=CARTESIAN_POINT('',(15.0424371454542,59.9748460728817,11.6));
#10115=CARTESIAN_POINT('Ctrl Pts',(15.0424371454542,59.9748460728817,11.6));
#10116=CARTESIAN_POINT('Ctrl Pts',(15.1445401999776,59.8395000178509,11.6));
#10117=CARTESIAN_POINT('Ctrl Pts',(15.1445401999776,59.625795908659,11.6));
#10118=CARTESIAN_POINT('',(15.0424371454542,59.9748460728817,12.2));
#10119=CARTESIAN_POINT('Ctrl Pts',(14.7788685355012,60.1921121556454,12.2));
#10120=CARTESIAN_POINT('Ctrl Pts',(14.7788685355012,60.1921121556454,11.6));
#10121=CARTESIAN_POINT('Ctrl Pts',(14.9403339419191,60.1101921279125,12.2));
#10122=CARTESIAN_POINT('Ctrl Pts',(14.9403339419191,60.1101921279125,11.6));
#10123=CARTESIAN_POINT('Ctrl Pts',(15.0424371454542,59.9748460728817,12.2));
#10124=CARTESIAN_POINT('Ctrl Pts',(15.0424371454542,59.9748460728817,11.6));
#10125=CARTESIAN_POINT('',(14.7788685355012,60.1921121556454,12.2));
#10126=CARTESIAN_POINT('Ctrl Pts',(14.7788685355012,60.1921121556454,12.2));
#10127=CARTESIAN_POINT('Ctrl Pts',(14.9403339419191,60.1101921279125,12.2));
#10128=CARTESIAN_POINT('Ctrl Pts',(15.0424371454542,59.9748460728817,12.2));
#10129=CARTESIAN_POINT('',(14.7788685355012,60.1921121556454,11.6));
#10130=CARTESIAN_POINT('Ctrl Pts',(14.7788685355012,60.1921121556454,11.6));
#10131=CARTESIAN_POINT('Ctrl Pts',(14.9403339419191,60.1101921279125,11.6));
#10132=CARTESIAN_POINT('Ctrl Pts',(15.0424371454542,59.9748460728817,11.6));
#10133=CARTESIAN_POINT('',(14.7788685355012,60.1921121556454,12.2));
#10134=CARTESIAN_POINT('Ctrl Pts',(14.4357545468633,60.3250835616284,12.2));
#10135=CARTESIAN_POINT('Ctrl Pts',(14.4357545468633,60.3250835616284,11.6));
#10136=CARTESIAN_POINT('Ctrl Pts',(14.6174031290834,60.2740321833782,12.2));
#10137=CARTESIAN_POINT('Ctrl Pts',(14.6174031290834,60.2740321833782,11.6));
#10138=CARTESIAN_POINT('Ctrl Pts',(14.7788685355012,60.1921121556454,12.2));
#10139=CARTESIAN_POINT('Ctrl Pts',(14.7788685355012,60.1921121556454,11.6));
#10140=CARTESIAN_POINT('',(14.4357545468633,60.3250835616284,12.2));
#10141=CARTESIAN_POINT('Ctrl Pts',(14.4357545468633,60.3250835616284,12.2));
#10142=CARTESIAN_POINT('Ctrl Pts',(14.6174031290834,60.2740321833782,12.2));
#10143=CARTESIAN_POINT('Ctrl Pts',(14.7788685355012,60.1921121556454,12.2));
#10144=CARTESIAN_POINT('',(14.4357545468633,60.3250835616284,11.6));
#10145=CARTESIAN_POINT('Ctrl Pts',(14.4357545468633,60.3250835616284,11.6));
#10146=CARTESIAN_POINT('Ctrl Pts',(14.6174031290834,60.2740321833782,11.6));
#10147=CARTESIAN_POINT('Ctrl Pts',(14.7788685355012,60.1921121556454,11.6));
#10148=CARTESIAN_POINT('',(14.4357545468633,60.3250835616284,12.2));
#10149=CARTESIAN_POINT('Ctrl Pts',(14.092640707237,60.4165015895062,12.2));
#10150=CARTESIAN_POINT('Ctrl Pts',(14.092640707237,60.4165015895062,11.6));
#10151=CARTESIAN_POINT('Ctrl Pts',(14.2541061136549,60.3761355359249,12.2));
#10152=CARTESIAN_POINT('Ctrl Pts',(14.2541061136549,60.3761355359249,11.6));
#10153=CARTESIAN_POINT('Ctrl Pts',(14.4357545468633,60.3250835616284,12.2));
#10154=CARTESIAN_POINT('Ctrl Pts',(14.4357545468633,60.3250835616284,11.6));
#10155=CARTESIAN_POINT('',(14.092640707237,60.4165015895062,12.2));
#10156=CARTESIAN_POINT('Ctrl Pts',(14.092640707237,60.4165015895062,12.2));
#10157=CARTESIAN_POINT('Ctrl Pts',(14.2541061136549,60.3761355359249,12.2));
#10158=CARTESIAN_POINT('Ctrl Pts',(14.4357545468633,60.3250835616284,12.2));
#10159=CARTESIAN_POINT('',(14.092640707237,60.4165015895062,11.6));
#10160=CARTESIAN_POINT('Ctrl Pts',(14.092640707237,60.4165015895062,11.6));
#10161=CARTESIAN_POINT('Ctrl Pts',(14.2541061136549,60.3761355359249,11.6));
#10162=CARTESIAN_POINT('Ctrl Pts',(14.4357545468633,60.3250835616284,11.6));
#10163=CARTESIAN_POINT('',(14.092640707237,60.4165015895062,12.2));
#10164=CARTESIAN_POINT('Ctrl Pts',(13.8290720972841,60.5091069419079,12.2));
#10165=CARTESIAN_POINT('Ctrl Pts',(13.8290720972841,60.5091069419079,11.6));
#10166=CARTESIAN_POINT('Ctrl Pts',(13.9311752263134,60.4568682391338,12.2));
#10167=CARTESIAN_POINT('Ctrl Pts',(13.9311752263134,60.4568682391338,11.6));
#10168=CARTESIAN_POINT('Ctrl Pts',(14.092640707237,60.4165015895062,12.2));
#10169=CARTESIAN_POINT('Ctrl Pts',(14.092640707237,60.4165015895062,11.6));
#10170=CARTESIAN_POINT('',(13.8290720972841,60.5091069419079,12.2));
#10171=CARTESIAN_POINT('Ctrl Pts',(13.8290720972841,60.5091069419079,12.2));
#10172=CARTESIAN_POINT('Ctrl Pts',(13.9311752263134,60.4568682391338,12.2));
#10173=CARTESIAN_POINT('Ctrl Pts',(14.092640707237,60.4165015895062,12.2));
#10174=CARTESIAN_POINT('',(13.8290720972841,60.5091069419079,11.6));
#10175=CARTESIAN_POINT('Ctrl Pts',(13.8290720972841,60.5091069419079,11.6));
#10176=CARTESIAN_POINT('Ctrl Pts',(13.9311752263134,60.4568682391338,11.6));
#10177=CARTESIAN_POINT('Ctrl Pts',(14.092640707237,60.4165015895062,11.6));
#10178=CARTESIAN_POINT('',(13.8290720972841,60.5091069419079,12.2));
#10179=CARTESIAN_POINT('Ctrl Pts',(13.7269690427606,60.649201698988,12.2));
#10180=CARTESIAN_POINT('Ctrl Pts',(13.7269690427606,60.649201698988,11.6));
#10181=CARTESIAN_POINT('Ctrl Pts',(13.7269690427606,60.5613456446819,12.2));
#10182=CARTESIAN_POINT('Ctrl Pts',(13.7269690427606,60.5613456446819,11.6));
#10183=CARTESIAN_POINT('Ctrl Pts',(13.8290720972841,60.5091069419079,12.2));
#10184=CARTESIAN_POINT('Ctrl Pts',(13.8290720972841,60.5091069419079,11.6));
#10185=CARTESIAN_POINT('',(13.7269690427606,60.649201698988,12.2));
#10186=CARTESIAN_POINT('Ctrl Pts',(13.7269690427606,60.649201698988,12.2));
#10187=CARTESIAN_POINT('Ctrl Pts',(13.7269690427606,60.5613456446819,12.2));
#10188=CARTESIAN_POINT('Ctrl Pts',(13.8290720972841,60.5091069419079,12.2));
#10189=CARTESIAN_POINT('',(13.7269690427606,60.649201698988,11.6));
#10190=CARTESIAN_POINT('Ctrl Pts',(13.7269690427606,60.649201698988,11.6));
#10191=CARTESIAN_POINT('Ctrl Pts',(13.7269690427606,60.5613456446819,11.6));
#10192=CARTESIAN_POINT('Ctrl Pts',(13.8290720972841,60.5091069419079,11.6));
#10193=CARTESIAN_POINT('',(13.7269690427606,60.649201698988,12.2));
#10194=CARTESIAN_POINT('Ctrl Pts',(13.8266976717537,60.7964204032116,12.2));
#10195=CARTESIAN_POINT('Ctrl Pts',(13.8266976717537,60.7964204032116,11.6));
#10196=CARTESIAN_POINT('Ctrl Pts',(13.7269690427606,60.7441817004376,12.2));
#10197=CARTESIAN_POINT('Ctrl Pts',(13.7269690427606,60.7441817004376,11.6));
#10198=CARTESIAN_POINT('Ctrl Pts',(13.7269690427606,60.649201698988,12.2));
#10199=CARTESIAN_POINT('Ctrl Pts',(13.7269690427606,60.649201698988,11.6));
#10200=CARTESIAN_POINT('',(13.8266976717537,60.7964204032116,12.2));
#10201=CARTESIAN_POINT('Ctrl Pts',(13.8266976717537,60.7964204032116,12.2));
#10202=CARTESIAN_POINT('Ctrl Pts',(13.7269690427606,60.7441817004376,12.2));
#10203=CARTESIAN_POINT('Ctrl Pts',(13.7269690427606,60.649201698988,12.2));
#10204=CARTESIAN_POINT('',(13.8266976717537,60.7964204032116,11.6));
#10205=CARTESIAN_POINT('Ctrl Pts',(13.8266976717537,60.7964204032116,11.6));
#10206=CARTESIAN_POINT('Ctrl Pts',(13.7269690427606,60.7441817004376,11.6));
#10207=CARTESIAN_POINT('Ctrl Pts',(13.7269690427606,60.649201698988,11.6));
#10208=CARTESIAN_POINT('',(13.8266976717537,60.7964204032116,12.2));
#10209=CARTESIAN_POINT('Ctrl Pts',(14.0641468558137,60.8486591059857,12.2));
#10210=CARTESIAN_POINT('Ctrl Pts',(14.0641468558137,60.8486591059857,11.6));
#10211=CARTESIAN_POINT('Ctrl Pts',(13.9264263007467,60.8486591059857,12.2));
#10212=CARTESIAN_POINT('Ctrl Pts',(13.9264263007467,60.8486591059857,11.6));
#10213=CARTESIAN_POINT('Ctrl Pts',(13.8266976717537,60.7964204032116,12.2));
#10214=CARTESIAN_POINT('Ctrl Pts',(13.8266976717537,60.7964204032116,11.6));
#10215=CARTESIAN_POINT('',(14.0641468558137,60.8486591059857,12.2));
#10216=CARTESIAN_POINT('Ctrl Pts',(14.0641468558137,60.8486591059857,12.2));
#10217=CARTESIAN_POINT('Ctrl Pts',(13.9264263007467,60.8486591059857,12.2));
#10218=CARTESIAN_POINT('Ctrl Pts',(13.8266976717537,60.7964204032116,12.2));
#10219=CARTESIAN_POINT('',(14.0641468558137,60.8486591059857,11.6));
#10220=CARTESIAN_POINT('Ctrl Pts',(14.0641468558137,60.8486591059857,11.6));
#10221=CARTESIAN_POINT('Ctrl Pts',(13.9264263007467,60.8486591059857,11.6));
#10222=CARTESIAN_POINT('Ctrl Pts',(13.8266976717537,60.7964204032116,11.6));
#10223=CARTESIAN_POINT('',(14.0641468558137,60.8486591059857,12.2));
#10224=CARTESIAN_POINT('Ctrl Pts',(14.3360259923761,60.7845477540188,12.2));
#10225=CARTESIAN_POINT('Ctrl Pts',(14.3360259923761,60.7845477540188,11.6));
#10226=CARTESIAN_POINT('Ctrl Pts',(14.22561211322,60.8486591059857,12.2));
#10227=CARTESIAN_POINT('Ctrl Pts',(14.22561211322,60.8486591059857,11.6));
#10228=CARTESIAN_POINT('Ctrl Pts',(14.0641468558137,60.8486591059857,12.2));
#10229=CARTESIAN_POINT('Ctrl Pts',(14.0641468558137,60.8486591059857,11.6));
#10230=CARTESIAN_POINT('',(14.3360259923761,60.7845477540188,12.2));
#10231=CARTESIAN_POINT('Ctrl Pts',(14.3360259923761,60.7845477540188,12.2));
#10232=CARTESIAN_POINT('Ctrl Pts',(14.22561211322,60.8486591059857,12.2));
#10233=CARTESIAN_POINT('Ctrl Pts',(14.0641468558137,60.8486591059857,12.2));
#10234=CARTESIAN_POINT('',(14.3360259923761,60.7845477540188,11.6));
#10235=CARTESIAN_POINT('Ctrl Pts',(14.3360259923761,60.7845477540188,11.6));
#10236=CARTESIAN_POINT('Ctrl Pts',(14.22561211322,60.8486591059857,11.6));
#10237=CARTESIAN_POINT('Ctrl Pts',(14.0641468558137,60.8486591059857,11.6));
#10238=CARTESIAN_POINT('',(14.3360259923761,60.7845477540188,12.2));
#10239=CARTESIAN_POINT('Ctrl Pts',(14.5105510744875,60.6278310496502,12.2));
#10240=CARTESIAN_POINT('Ctrl Pts',(14.5105510744875,60.6278310496502,11.6));
#10241=CARTESIAN_POINT('Ctrl Pts',(14.4464398715322,60.7204364020519,12.2));
#10242=CARTESIAN_POINT('Ctrl Pts',(14.4464398715322,60.7204364020519,11.6));
#10243=CARTESIAN_POINT('Ctrl Pts',(14.3360259923761,60.7845477540188,12.2));
#10244=CARTESIAN_POINT('Ctrl Pts',(14.3360259923761,60.7845477540188,11.6));
#10245=CARTESIAN_POINT('',(14.5105510744875,60.6278310496502,12.2));
#10246=CARTESIAN_POINT('Ctrl Pts',(14.5105510744875,60.6278310496502,12.2));
#10247=CARTESIAN_POINT('Ctrl Pts',(14.4464398715322,60.7204364020519,12.2));
#10248=CARTESIAN_POINT('Ctrl Pts',(14.3360259923761,60.7845477540188,12.2));
#10249=CARTESIAN_POINT('',(14.5105510744875,60.6278310496502,11.6));
#10250=CARTESIAN_POINT('Ctrl Pts',(14.5105510744875,60.6278310496502,11.6));
#10251=CARTESIAN_POINT('Ctrl Pts',(14.4464398715322,60.7204364020519,11.6));
#10252=CARTESIAN_POINT('Ctrl Pts',(14.3360259923761,60.7845477540188,11.6));
#10253=CARTESIAN_POINT('',(14.5105510744875,60.6278310496502,12.2));
#10254=CARTESIAN_POINT('Origin',(15.1089228484457,60.8771531064205,12.2));
#10255=CARTESIAN_POINT('',(15.1089228484457,60.8771531064205,12.2));
#10256=CARTESIAN_POINT('',(15.1089228484457,60.8771531064205,12.2));
#10257=CARTESIAN_POINT('',(15.1089228484457,60.8771531064205,11.6));
#10258=CARTESIAN_POINT('',(15.1089228484457,60.8771531064205,11.6));
#10259=CARTESIAN_POINT('',(15.1089228484457,60.8771531064205,12.2));
#10260=CARTESIAN_POINT('Ctrl Pts',(14.7016976568525,61.2843779999905,12.2));
#10261=CARTESIAN_POINT('Ctrl Pts',(14.7016976568525,61.2843779999905,11.6));
#10262=CARTESIAN_POINT('Ctrl Pts',(14.985449293596,61.1359725672894,12.2));
#10263=CARTESIAN_POINT('Ctrl Pts',(14.985449293596,61.1359725672894,11.6));
#10264=CARTESIAN_POINT('Ctrl Pts',(15.1089228484457,60.8771531064205,12.2));
#10265=CARTESIAN_POINT('Ctrl Pts',(15.1089228484457,60.8771531064205,11.6));
#10266=CARTESIAN_POINT('',(14.7016976568525,61.2843779999905,12.2));
#10267=CARTESIAN_POINT('Ctrl Pts',(14.7016976568525,61.2843779999905,12.2));
#10268=CARTESIAN_POINT('Ctrl Pts',(14.985449293596,61.1359725672894,12.2));
#10269=CARTESIAN_POINT('Ctrl Pts',(15.1089228484457,60.8771531064205,12.2));
#10270=CARTESIAN_POINT('',(14.7016976568525,61.2843779999905,11.6));
#10271=CARTESIAN_POINT('Ctrl Pts',(14.7016976568525,61.2843779999905,11.6));
#10272=CARTESIAN_POINT('Ctrl Pts',(14.985449293596,61.1359725672894,11.6));
#10273=CARTESIAN_POINT('Ctrl Pts',(15.1089228484457,60.8771531064205,11.6));
#10274=CARTESIAN_POINT('',(14.7016976568525,61.2843779999905,12.2));
#10275=CARTESIAN_POINT('Ctrl Pts',(14.0736447069471,61.4327837307148,12.2));
#10276=CARTESIAN_POINT('Ctrl Pts',(14.0736447069471,61.4327837307148,11.6));
#10277=CARTESIAN_POINT('Ctrl Pts',(14.4179458710973,61.4327837307148,12.2));
#10278=CARTESIAN_POINT('Ctrl Pts',(14.4179458710973,61.4327837307148,11.6));
#10279=CARTESIAN_POINT('Ctrl Pts',(14.7016976568525,61.2843779999905,12.2));
#10280=CARTESIAN_POINT('Ctrl Pts',(14.7016976568525,61.2843779999905,11.6));
#10281=CARTESIAN_POINT('',(14.0736447069471,61.4327837307148,12.2));
#10282=CARTESIAN_POINT('Ctrl Pts',(14.0736447069471,61.4327837307148,12.2));
#10283=CARTESIAN_POINT('Ctrl Pts',(14.4179458710973,61.4327837307148,12.2));
#10284=CARTESIAN_POINT('Ctrl Pts',(14.7016976568525,61.2843779999905,12.2));
#10285=CARTESIAN_POINT('',(14.0736447069471,61.4327837307148,11.6));
#10286=CARTESIAN_POINT('Ctrl Pts',(14.0736447069471,61.4327837307148,11.6));
#10287=CARTESIAN_POINT('Ctrl Pts',(14.4179458710973,61.4327837307148,11.6));
#10288=CARTESIAN_POINT('Ctrl Pts',(14.7016976568525,61.2843779999905,11.6));
#10289=CARTESIAN_POINT('',(14.0736447069471,61.4327837307148,12.2));
#10290=CARTESIAN_POINT('Ctrl Pts',(13.550069460613,61.3366167027645,12.2));
#10291=CARTESIAN_POINT('Ctrl Pts',(13.550069460613,61.3366167027645,11.6));
#10292=CARTESIAN_POINT('Ctrl Pts',(13.7792078200405,61.4327837307148,12.2));
#10293=CARTESIAN_POINT('Ctrl Pts',(13.7792078200405,61.4327837307148,11.6));
#10294=CARTESIAN_POINT('Ctrl Pts',(14.0736447069471,61.4327837307148,12.2));
#10295=CARTESIAN_POINT('Ctrl Pts',(14.0736447069471,61.4327837307148,11.6));
#10296=CARTESIAN_POINT('',(13.550069460613,61.3366167027645,12.2));
#10297=CARTESIAN_POINT('Ctrl Pts',(13.550069460613,61.3366167027645,12.2));
#10298=CARTESIAN_POINT('Ctrl Pts',(13.7792078200405,61.4327837307148,12.2));
#10299=CARTESIAN_POINT('Ctrl Pts',(14.0736447069471,61.4327837307148,12.2));
#10300=CARTESIAN_POINT('',(13.550069460613,61.3366167027645,11.6));
#10301=CARTESIAN_POINT('Ctrl Pts',(13.550069460613,61.3366167027645,11.6));
#10302=CARTESIAN_POINT('Ctrl Pts',(13.7792078200405,61.4327837307148,11.6));
#10303=CARTESIAN_POINT('Ctrl Pts',(14.0736447069471,61.4327837307148,11.6));
#10304=CARTESIAN_POINT('',(13.550069460613,61.3366167027645,12.2));
#10305=CARTESIAN_POINT('Ctrl Pts',(13.1891467962091,61.0659251887493,12.2));
#10306=CARTESIAN_POINT('Ctrl Pts',(13.1891467962091,61.0659251887493,11.6));
#10307=CARTESIAN_POINT('Ctrl Pts',(13.3209310266798,61.2404499728375,12.2));
#10308=CARTESIAN_POINT('Ctrl Pts',(13.3209310266798,61.2404499728375,11.6));
#10309=CARTESIAN_POINT('Ctrl Pts',(13.550069460613,61.3366167027645,12.2));
#10310=CARTESIAN_POINT('Ctrl Pts',(13.550069460613,61.3366167027645,11.6));
#10311=CARTESIAN_POINT('',(13.1891467962091,61.0659251887493,12.2));
#10312=CARTESIAN_POINT('Ctrl Pts',(13.1891467962091,61.0659251887493,12.2));
#10313=CARTESIAN_POINT('Ctrl Pts',(13.3209310266798,61.2404499728375,12.2));
#10314=CARTESIAN_POINT('Ctrl Pts',(13.550069460613,61.3366167027645,12.2));
#10315=CARTESIAN_POINT('',(13.1891467962091,61.0659251887493,11.6));
#10316=CARTESIAN_POINT('Ctrl Pts',(13.1891467962091,61.0659251887493,11.6));
#10317=CARTESIAN_POINT('Ctrl Pts',(13.3209310266798,61.2404499728375,11.6));
#10318=CARTESIAN_POINT('Ctrl Pts',(13.550069460613,61.3366167027645,11.6));
#10319=CARTESIAN_POINT('',(13.1891467962091,61.0659251887493,12.2));
#10320=CARTESIAN_POINT('Ctrl Pts',(13.0573625284855,60.6515763480358,12.2));
#10321=CARTESIAN_POINT('Ctrl Pts',(13.0573625284855,60.6515763480358,11.6));
#10322=CARTESIAN_POINT('Ctrl Pts',(13.0573625284855,60.8913998086147,12.2));
#10323=CARTESIAN_POINT('Ctrl Pts',(13.0573625284855,60.8913998086147,11.6));
#10324=CARTESIAN_POINT('Ctrl Pts',(13.1891467962091,61.0659251887493,12.2));
#10325=CARTESIAN_POINT('Ctrl Pts',(13.1891467962091,61.0659251887493,11.6));
#10326=CARTESIAN_POINT('',(13.0573625284855,60.6515763480358,12.2));
#10327=CARTESIAN_POINT('Ctrl Pts',(13.0573625284855,60.6515763480358,12.2));
#10328=CARTESIAN_POINT('Ctrl Pts',(13.0573625284855,60.8913998086147,12.2));
#10329=CARTESIAN_POINT('Ctrl Pts',(13.1891467962091,61.0659251887493,12.2));
#10330=CARTESIAN_POINT('',(13.0573625284855,60.6515763480358,11.6));
#10331=CARTESIAN_POINT('Ctrl Pts',(13.0573625284855,60.6515763480358,11.6));
#10332=CARTESIAN_POINT('Ctrl Pts',(13.0573625284855,60.8913998086147,11.6));
#10333=CARTESIAN_POINT('Ctrl Pts',(13.1891467962091,61.0659251887493,11.6));
#10334=CARTESIAN_POINT('',(13.0573625284855,60.6515763480358,12.2));
#10335=CARTESIAN_POINT('Ctrl Pts',(13.1594656202619,60.295402832716,12.2));
#10336=CARTESIAN_POINT('Ctrl Pts',(13.1594656202619,60.295402832716,11.6));
#10337=CARTESIAN_POINT('Ctrl Pts',(13.0573625284855,60.4354975897961,12.2));
#10338=CARTESIAN_POINT('Ctrl Pts',(13.0573625284855,60.4354975897961,11.6));
#10339=CARTESIAN_POINT('Ctrl Pts',(13.0573625284855,60.6515763480358,12.2));
#10340=CARTESIAN_POINT('Ctrl Pts',(13.0573625284855,60.6515763480358,11.6));
#10341=CARTESIAN_POINT('',(13.1594656202619,60.295402832716,12.2));
#10342=CARTESIAN_POINT('Ctrl Pts',(13.1594656202619,60.295402832716,12.2));
#10343=CARTESIAN_POINT('Ctrl Pts',(13.0573625284855,60.4354975897961,12.2));
#10344=CARTESIAN_POINT('Ctrl Pts',(13.0573625284855,60.6515763480358,12.2));
#10345=CARTESIAN_POINT('',(13.1594656202619,60.295402832716,11.6));
#10346=CARTESIAN_POINT('Ctrl Pts',(13.1594656202619,60.295402832716,11.6));
#10347=CARTESIAN_POINT('Ctrl Pts',(13.0573625284855,60.4354975897961,11.6));
#10348=CARTESIAN_POINT('Ctrl Pts',(13.0573625284855,60.6515763480358,11.6));
#10349=CARTESIAN_POINT('',(13.1594656202619,60.295402832716,12.2));
#10350=CARTESIAN_POINT('Ctrl Pts',(13.4218469056909,60.0686387498074,12.2));
#10351=CARTESIAN_POINT('Ctrl Pts',(13.4218469056909,60.0686387498074,11.6));
#10352=CARTESIAN_POINT('Ctrl Pts',(13.2615687492912,60.1553074795895,12.2));
#10353=CARTESIAN_POINT('Ctrl Pts',(13.2615687492912,60.1553074795895,11.6));
#10354=CARTESIAN_POINT('Ctrl Pts',(13.1594656202619,60.295402832716,12.2));
#10355=CARTESIAN_POINT('Ctrl Pts',(13.1594656202619,60.295402832716,11.6));
#10356=CARTESIAN_POINT('',(13.4218469056909,60.0686387498074,12.2));
#10357=CARTESIAN_POINT('Ctrl Pts',(13.4218469056909,60.0686387498074,12.2));
#10358=CARTESIAN_POINT('Ctrl Pts',(13.2615687492912,60.1553074795895,12.2));
#10359=CARTESIAN_POINT('Ctrl Pts',(13.1594656202619,60.295402832716,12.2));
#10360=CARTESIAN_POINT('',(13.4218469056909,60.0686387498074,11.6));
#10361=CARTESIAN_POINT('Ctrl Pts',(13.4218469056909,60.0686387498074,11.6));
#10362=CARTESIAN_POINT('Ctrl Pts',(13.2615687492912,60.1553074795895,11.6));
#10363=CARTESIAN_POINT('Ctrl Pts',(13.1594656202619,60.295402832716,11.6));
#10364=CARTESIAN_POINT('',(13.4218469056909,60.0686387498074,12.2));
#10365=CARTESIAN_POINT('Ctrl Pts',(13.7637736443107,59.9273566682034,12.2));
#10366=CARTESIAN_POINT('Ctrl Pts',(13.7637736443107,59.9273566682034,11.6));
#10367=CARTESIAN_POINT('Ctrl Pts',(13.5821250620906,59.9819700200253,12.2));
#10368=CARTESIAN_POINT('Ctrl Pts',(13.5821250620906,59.9819700200253,11.6));
#10369=CARTESIAN_POINT('Ctrl Pts',(13.4218469056909,60.0686387498074,12.2));
#10370=CARTESIAN_POINT('Ctrl Pts',(13.4218469056909,60.0686387498074,11.6));
#10371=CARTESIAN_POINT('',(13.7637736443107,59.9273566682034,12.2));
#10372=CARTESIAN_POINT('Ctrl Pts',(13.7637736443107,59.9273566682034,12.2));
#10373=CARTESIAN_POINT('Ctrl Pts',(13.5821250620906,59.9819700200253,12.2));
#10374=CARTESIAN_POINT('Ctrl Pts',(13.4218469056909,60.0686387498074,12.2));
#10375=CARTESIAN_POINT('',(13.7637736443107,59.9273566682034,11.6));
#10376=CARTESIAN_POINT('Ctrl Pts',(13.7637736443107,59.9273566682034,11.6));
#10377=CARTESIAN_POINT('Ctrl Pts',(13.5821250620906,59.9819700200253,11.6));
#10378=CARTESIAN_POINT('Ctrl Pts',(13.4218469056909,60.0686387498074,11.6));
#10379=CARTESIAN_POINT('',(13.7637736443107,59.9273566682034,12.2));
#10380=CARTESIAN_POINT('Ctrl Pts',(14.1057003829305,59.8288152892285,12.2));
#10381=CARTESIAN_POINT('Ctrl Pts',(14.1057003829305,59.8288152892285,11.6));
#10382=CARTESIAN_POINT('Ctrl Pts',(13.9454223010366,59.8727433163815,12.2));
#10383=CARTESIAN_POINT('Ctrl Pts',(13.9454223010366,59.8727433163815,11.6));
#10384=CARTESIAN_POINT('Ctrl Pts',(13.7637736443107,59.9273566682034,12.2));
#10385=CARTESIAN_POINT('Ctrl Pts',(13.7637736443107,59.9273566682034,11.6));
#10386=CARTESIAN_POINT('',(14.1057003829305,59.8288152892285,12.2));
#10387=CARTESIAN_POINT('Ctrl Pts',(14.1057003829305,59.8288152892285,12.2));
#10388=CARTESIAN_POINT('Ctrl Pts',(13.9454223010366,59.8727433163815,12.2));
#10389=CARTESIAN_POINT('Ctrl Pts',(13.7637736443107,59.9273566682034,12.2));
#10390=CARTESIAN_POINT('',(14.1057003829305,59.8288152892285,11.6));
#10391=CARTESIAN_POINT('Ctrl Pts',(14.1057003829305,59.8288152892285,11.6));
#10392=CARTESIAN_POINT('Ctrl Pts',(13.9454223010366,59.8727433163815,11.6));
#10393=CARTESIAN_POINT('Ctrl Pts',(13.7637736443107,59.9273566682034,11.6));
#10394=CARTESIAN_POINT('',(14.1057003829305,59.8288152892285,12.2));
#10395=CARTESIAN_POINT('Ctrl Pts',(14.3680816683595,59.731460638731,12.2));
#10396=CARTESIAN_POINT('Ctrl Pts',(14.3680816683595,59.731460638731,11.6));
#10397=CARTESIAN_POINT('Ctrl Pts',(14.2659784648244,59.7848872620754,12.2));
#10398=CARTESIAN_POINT('Ctrl Pts',(14.2659784648244,59.7848872620754,11.6));
#10399=CARTESIAN_POINT('Ctrl Pts',(14.1057003829305,59.8288152892285,12.2));
#10400=CARTESIAN_POINT('Ctrl Pts',(14.1057003829305,59.8288152892285,11.6));
#10401=CARTESIAN_POINT('',(14.3680816683595,59.731460638731,12.2));
#10402=CARTESIAN_POINT('Ctrl Pts',(14.3680816683595,59.731460638731,12.2));
#10403=CARTESIAN_POINT('Ctrl Pts',(14.2659784648244,59.7848872620754,12.2));
#10404=CARTESIAN_POINT('Ctrl Pts',(14.1057003829305,59.8288152892285,12.2));
#10405=CARTESIAN_POINT('',(14.3680816683595,59.731460638731,11.6));
#10406=CARTESIAN_POINT('Ctrl Pts',(14.3680816683595,59.731460638731,11.6));
#10407=CARTESIAN_POINT('Ctrl Pts',(14.2659784648244,59.7848872620754,11.6));
#10408=CARTESIAN_POINT('Ctrl Pts',(14.1057003829305,59.8288152892285,11.6));
#10409=CARTESIAN_POINT('',(14.3680816683595,59.731460638731,12.2));
#10410=CARTESIAN_POINT('Ctrl Pts',(14.470184722883,59.5925532061749,12.2));
#10411=CARTESIAN_POINT('Ctrl Pts',(14.470184722883,59.5925532061749,11.6));
#10412=CARTESIAN_POINT('Ctrl Pts',(14.470184722883,59.678034611433,12.2));
#10413=CARTESIAN_POINT('Ctrl Pts',(14.470184722883,59.678034611433,11.6));
#10414=CARTESIAN_POINT('Ctrl Pts',(14.3680816683595,59.731460638731,12.2));
#10415=CARTESIAN_POINT('Ctrl Pts',(14.3680816683595,59.731460638731,11.6));
#10416=CARTESIAN_POINT('',(14.470184722883,59.5925532061749,12.2));
#10417=CARTESIAN_POINT('Ctrl Pts',(14.470184722883,59.5925532061749,12.2));
#10418=CARTESIAN_POINT('Ctrl Pts',(14.470184722883,59.678034611433,12.2));
#10419=CARTESIAN_POINT('Ctrl Pts',(14.3680816683595,59.731460638731,12.2));
#10420=CARTESIAN_POINT('',(14.470184722883,59.5925532061749,11.6));
#10421=CARTESIAN_POINT('Ctrl Pts',(14.470184722883,59.5925532061749,11.6));
#10422=CARTESIAN_POINT('Ctrl Pts',(14.470184722883,59.678034611433,11.6));
#10423=CARTESIAN_POINT('Ctrl Pts',(14.3680816683595,59.731460638731,11.6));
#10424=CARTESIAN_POINT('',(14.470184722883,59.5925532061749,12.2));
#10425=CARTESIAN_POINT('Ctrl Pts',(14.4203203711336,59.4833265025311,12.2));
#10426=CARTESIAN_POINT('Ctrl Pts',(14.4203203711336,59.4833265025311,11.6));
#10427=CARTESIAN_POINT('Ctrl Pts',(14.470184722883,59.528441854208,12.2));
#10428=CARTESIAN_POINT('Ctrl Pts',(14.470184722883,59.528441854208,11.6));
#10429=CARTESIAN_POINT('Ctrl Pts',(14.470184722883,59.5925532061749,12.2));
#10430=CARTESIAN_POINT('Ctrl Pts',(14.470184722883,59.5925532061749,11.6));
#10431=CARTESIAN_POINT('',(14.4203203711336,59.4833265025311,12.2));
#10432=CARTESIAN_POINT('Ctrl Pts',(14.4203203711336,59.4833265025311,12.2));
#10433=CARTESIAN_POINT('Ctrl Pts',(14.470184722883,59.528441854208,12.2));
#10434=CARTESIAN_POINT('Ctrl Pts',(14.470184722883,59.5925532061749,12.2));
#10435=CARTESIAN_POINT('',(14.4203203711336,59.4833265025311,11.6));
#10436=CARTESIAN_POINT('Ctrl Pts',(14.4203203711336,59.4833265025311,11.6));
#10437=CARTESIAN_POINT('Ctrl Pts',(14.470184722883,59.528441854208,11.6));
#10438=CARTESIAN_POINT('Ctrl Pts',(14.470184722883,59.5925532061749,11.6));
#10439=CARTESIAN_POINT('',(14.4203203711336,59.4833265025311,12.2));
#10440=CARTESIAN_POINT('Ctrl Pts',(14.2885361406629,59.414466448515,12.2));
#10441=CARTESIAN_POINT('Ctrl Pts',(14.2885361406629,59.414466448515,11.6));
#10442=CARTESIAN_POINT('Ctrl Pts',(14.3704561683958,59.4382111508541,12.2));
#10443=CARTESIAN_POINT('Ctrl Pts',(14.3704561683958,59.4382111508541,11.6));
#10444=CARTESIAN_POINT('Ctrl Pts',(14.4203203711336,59.4833265025311,12.2));
#10445=CARTESIAN_POINT('Ctrl Pts',(14.4203203711336,59.4833265025311,11.6));
#10446=CARTESIAN_POINT('',(14.2885361406629,59.414466448515,12.2));
#10447=CARTESIAN_POINT('Ctrl Pts',(14.2885361406629,59.414466448515,12.2));
#10448=CARTESIAN_POINT('Ctrl Pts',(14.3704561683958,59.4382111508541,12.2));
#10449=CARTESIAN_POINT('Ctrl Pts',(14.4203203711336,59.4833265025311,12.2));
#10450=CARTESIAN_POINT('',(14.2885361406629,59.414466448515,11.6));
#10451=CARTESIAN_POINT('Ctrl Pts',(14.2885361406629,59.414466448515,11.6));
#10452=CARTESIAN_POINT('Ctrl Pts',(14.3704561683958,59.4382111508541,11.6));
#10453=CARTESIAN_POINT('Ctrl Pts',(14.4203203711336,59.4833265025311,11.6));
#10454=CARTESIAN_POINT('',(14.2885361406629,59.414466448515,12.2));
#10455=CARTESIAN_POINT('Ctrl Pts',(14.1116365585153,59.3907217461758,12.2));
#10456=CARTESIAN_POINT('Ctrl Pts',(14.1116365585153,59.3907217461758,11.6));
#10457=CARTESIAN_POINT('Ctrl Pts',(14.2066162619417,59.3907217461758,12.2));
#10458=CARTESIAN_POINT('Ctrl Pts',(14.2066162619417,59.3907217461758,11.6));
#10459=CARTESIAN_POINT('Ctrl Pts',(14.2885361406629,59.414466448515,12.2));
#10460=CARTESIAN_POINT('Ctrl Pts',(14.2885361406629,59.414466448515,11.6));
#10461=CARTESIAN_POINT('',(14.1116365585153,59.3907217461758,12.2));
#10462=CARTESIAN_POINT('Ctrl Pts',(14.1116365585153,59.3907217461758,12.2));
#10463=CARTESIAN_POINT('Ctrl Pts',(14.2066162619417,59.3907217461758,12.2));
#10464=CARTESIAN_POINT('Ctrl Pts',(14.2885361406629,59.414466448515,12.2));
#10465=CARTESIAN_POINT('',(14.1116365585153,59.3907217461758,11.6));
#10466=CARTESIAN_POINT('Ctrl Pts',(14.1116365585153,59.3907217461758,11.6));
#10467=CARTESIAN_POINT('Ctrl Pts',(14.2066162619417,59.3907217461758,11.6));
#10468=CARTESIAN_POINT('Ctrl Pts',(14.2885361406629,59.414466448515,11.6));
#10469=CARTESIAN_POINT('',(14.1116365585153,59.3907217461758,12.2));
#10470=CARTESIAN_POINT('Ctrl Pts',(13.7673353198593,59.4880758006268,12.2));
#10471=CARTESIAN_POINT('Ctrl Pts',(13.7673353198593,59.4880758006268,11.6));
#10472=CARTESIAN_POINT('Ctrl Pts',(13.9026813748901,59.3907217461758,12.2));
#10473=CARTESIAN_POINT('Ctrl Pts',(13.9026813748901,59.3907217461758,11.6));
#10474=CARTESIAN_POINT('Ctrl Pts',(14.1116365585153,59.3907217461758,12.2));
#10475=CARTESIAN_POINT('Ctrl Pts',(14.1116365585153,59.3907217461758,11.6));
#10476=CARTESIAN_POINT('',(13.7673353198593,59.4880758006268,12.2));
#10477=CARTESIAN_POINT('Ctrl Pts',(13.7673353198593,59.4880758006268,12.2));
#10478=CARTESIAN_POINT('Ctrl Pts',(13.9026813748901,59.3907217461758,12.2));
#10479=CARTESIAN_POINT('Ctrl Pts',(14.1116365585153,59.3907217461758,12.2));
#10480=CARTESIAN_POINT('',(13.7673353198593,59.4880758006268,11.6));
#10481=CARTESIAN_POINT('Ctrl Pts',(13.7673353198593,59.4880758006268,11.6));
#10482=CARTESIAN_POINT('Ctrl Pts',(13.9026813748901,59.3907217461758,11.6));
#10483=CARTESIAN_POINT('Ctrl Pts',(14.1116365585153,59.3907217461758,11.6));
#10484=CARTESIAN_POINT('',(13.7673353198593,59.4880758006268,12.2));
#10485=CARTESIAN_POINT('Ctrl Pts',(13.5631291363065,59.6875332076244,12.2));
#10486=CARTESIAN_POINT('Ctrl Pts',(13.5631291363065,59.6875332076244,11.6));
#10487=CARTESIAN_POINT('Ctrl Pts',(13.6319893393343,59.5854298550778,12.2));
#10488=CARTESIAN_POINT('Ctrl Pts',(13.6319893393343,59.5854298550778,11.6));
#10489=CARTESIAN_POINT('Ctrl Pts',(13.7673353198593,59.4880758006268,12.2));
#10490=CARTESIAN_POINT('Ctrl Pts',(13.7673353198593,59.4880758006268,11.6));
#10491=CARTESIAN_POINT('',(13.5631291363065,59.6875332076244,12.2));
#10492=CARTESIAN_POINT('Ctrl Pts',(13.5631291363065,59.6875332076244,12.2));
#10493=CARTESIAN_POINT('Ctrl Pts',(13.6319893393343,59.5854298550778,12.2));
#10494=CARTESIAN_POINT('Ctrl Pts',(13.7673353198593,59.4880758006268,12.2));
#10495=CARTESIAN_POINT('',(13.5631291363065,59.6875332076244,11.6));
#10496=CARTESIAN_POINT('Ctrl Pts',(13.5631291363065,59.6875332076244,11.6));
#10497=CARTESIAN_POINT('Ctrl Pts',(13.6319893393343,59.5854298550778,11.6));
#10498=CARTESIAN_POINT('Ctrl Pts',(13.7673353198593,59.4880758006268,11.6));
#10499=CARTESIAN_POINT('',(13.5631291363065,59.6875332076244,12.2));
#10500=CARTESIAN_POINT('Origin',(12.9600083809023,59.4382111508541,12.2));
#10501=CARTESIAN_POINT('',(12.9600083809023,59.4382111508541,12.2));
#10502=CARTESIAN_POINT('',(12.9600083809023,59.4382111508541,12.2));
#10503=CARTESIAN_POINT('',(12.9600083809023,59.4382111508541,11.6));
#10504=CARTESIAN_POINT('',(12.9600083809023,59.4382111508541,11.6));
#10505=CARTESIAN_POINT('',(12.9600083809023,59.4382111508541,12.2));
#10506=CARTESIAN_POINT('Ctrl Pts',(13.215266184849,59.1010336358242,12.2));
#10507=CARTESIAN_POINT('Ctrl Pts',(13.215266184849,59.1010336358242,11.6));
#10508=CARTESIAN_POINT('Ctrl Pts',(13.0454900655572,59.2435030419521,12.2));
#10509=CARTESIAN_POINT('Ctrl Pts',(13.0454900655572,59.2435030419521,11.6));
#10510=CARTESIAN_POINT('Ctrl Pts',(12.9600083809023,59.4382111508541,12.2));
#10511=CARTESIAN_POINT('Ctrl Pts',(12.9600083809023,59.4382111508541,11.6));
#10512=CARTESIAN_POINT('',(13.215266184849,59.1010336358242,12.2));
#10513=CARTESIAN_POINT('Ctrl Pts',(13.215266184849,59.1010336358242,12.2));
#10514=CARTESIAN_POINT('Ctrl Pts',(13.0454900655572,59.2435030419521,12.2));
#10515=CARTESIAN_POINT('Ctrl Pts',(12.9600083809023,59.4382111508541,12.2));
#10516=CARTESIAN_POINT('',(13.215266184849,59.1010336358242,11.6));
#10517=CARTESIAN_POINT('Ctrl Pts',(13.215266184849,59.1010336358242,11.6));
#10518=CARTESIAN_POINT('Ctrl Pts',(13.0454900655572,59.2435030419521,11.6));
#10519=CARTESIAN_POINT('Ctrl Pts',(12.9600083809023,59.4382111508541,11.6));
#10520=CARTESIAN_POINT('',(13.215266184849,59.1010336358242,12.2));
#10521=CARTESIAN_POINT('Ctrl Pts',(13.6094316634958,58.8802061755352,12.2));
#10522=CARTESIAN_POINT('Ctrl Pts',(13.6094316634958,58.8802061755352,11.6));
#10523=CARTESIAN_POINT('Ctrl Pts',(13.3850423041408,58.9585642296963,12.2));
#10524=CARTESIAN_POINT('Ctrl Pts',(13.3850423041408,58.9585642296963,11.6));
#10525=CARTESIAN_POINT('Ctrl Pts',(13.215266184849,59.1010336358242,12.2));
#10526=CARTESIAN_POINT('Ctrl Pts',(13.215266184849,59.1010336358242,11.6));
#10527=CARTESIAN_POINT('',(13.6094316634958,58.8802061755352,12.2));
#10528=CARTESIAN_POINT('Ctrl Pts',(13.6094316634958,58.8802061755352,12.2));
#10529=CARTESIAN_POINT('Ctrl Pts',(13.3850423041408,58.9585642296963,12.2));
#10530=CARTESIAN_POINT('Ctrl Pts',(13.215266184849,59.1010336358242,12.2));
#10531=CARTESIAN_POINT('',(13.6094316634958,58.8802061755352,11.6));
#10532=CARTESIAN_POINT('Ctrl Pts',(13.6094316634958,58.8802061755352,11.6));
#10533=CARTESIAN_POINT('Ctrl Pts',(13.3850423041408,58.9585642296963,11.6));
#10534=CARTESIAN_POINT('Ctrl Pts',(13.215266184849,59.1010336358242,11.6));
#10535=CARTESIAN_POINT('',(13.6094316634958,58.8802061755352,12.2));
#10536=CARTESIAN_POINT('Ctrl Pts',(14.0855172071283,58.8018475253277,12.2));
#10537=CARTESIAN_POINT('Ctrl Pts',(14.0855172071283,58.8018475253277,11.6));
#10538=CARTESIAN_POINT('Ctrl Pts',(13.8338210973566,58.8018475253277,12.2));
#10539=CARTESIAN_POINT('Ctrl Pts',(13.8338210973566,58.8018475253277,11.6));
#10540=CARTESIAN_POINT('Ctrl Pts',(13.6094316634958,58.8802061755352,12.2));
#10541=CARTESIAN_POINT('Ctrl Pts',(13.6094316634958,58.8802061755352,11.6));
#10542=CARTESIAN_POINT('',(14.0855172071283,58.8018475253277,12.2));
#10543=CARTESIAN_POINT('Ctrl Pts',(14.0855172071283,58.8018475253277,12.2));
#10544=CARTESIAN_POINT('Ctrl Pts',(13.8338210973566,58.8018475253277,12.2));
#10545=CARTESIAN_POINT('Ctrl Pts',(13.6094316634958,58.8802061755352,12.2));
#10546=CARTESIAN_POINT('',(14.0855172071283,58.8018475253277,11.6));
#10547=CARTESIAN_POINT('Ctrl Pts',(14.0855172071283,58.8018475253277,11.6));
#10548=CARTESIAN_POINT('Ctrl Pts',(13.8338210973566,58.8018475253277,11.6));
#10549=CARTESIAN_POINT('Ctrl Pts',(13.6094316634958,58.8802061755352,11.6));
#10550=CARTESIAN_POINT('',(14.0855172071283,58.8018475253277,12.2));
#10551=CARTESIAN_POINT('Ctrl Pts',(14.6150286290472,58.9039508778744,12.2));
#10552=CARTESIAN_POINT('Ctrl Pts',(14.6150286290472,58.9039508778744,11.6));
#10553=CARTESIAN_POINT('Ctrl Pts',(14.3752050194566,58.8018475253277,12.2));
#10554=CARTESIAN_POINT('Ctrl Pts',(14.3752050194566,58.8018475253277,11.6));
#10555=CARTESIAN_POINT('Ctrl Pts',(14.0855172071283,58.8018475253277,12.2));
#10556=CARTESIAN_POINT('Ctrl Pts',(14.0855172071283,58.8018475253277,11.6));
#10557=CARTESIAN_POINT('',(14.6150286290472,58.9039508778744,12.2));
#10558=CARTESIAN_POINT('Ctrl Pts',(14.6150286290472,58.9039508778744,12.2));
#10559=CARTESIAN_POINT('Ctrl Pts',(14.3752050194566,58.8018475253277,12.2));
#10560=CARTESIAN_POINT('Ctrl Pts',(14.0855172071283,58.8018475253277,12.2));
#10561=CARTESIAN_POINT('',(14.6150286290472,58.9039508778744,11.6));
#10562=CARTESIAN_POINT('Ctrl Pts',(14.6150286290472,58.9039508778744,11.6));
#10563=CARTESIAN_POINT('Ctrl Pts',(14.3752050194566,58.8018475253277,11.6));
#10564=CARTESIAN_POINT('Ctrl Pts',(14.0855172071283,58.8018475253277,11.6));
#10565=CARTESIAN_POINT('',(14.6150286290472,58.9039508778744,12.2));
#10566=CARTESIAN_POINT('Ctrl Pts',(14.9996962938135,59.192451663702,12.2));
#10567=CARTESIAN_POINT('Ctrl Pts',(14.9996962938135,59.192451663702,11.6));
#10568=CARTESIAN_POINT('Ctrl Pts',(14.8548522386377,59.0060536343746,12.2));
#10569=CARTESIAN_POINT('Ctrl Pts',(14.8548522386377,59.0060536343746,11.6));
#10570=CARTESIAN_POINT('Ctrl Pts',(14.6150286290472,58.9039508778744,12.2));
#10571=CARTESIAN_POINT('Ctrl Pts',(14.6150286290472,58.9039508778744,11.6));
#10572=CARTESIAN_POINT('Ctrl Pts',(14.9996962938135,59.192451663702,12.2));
#10573=CARTESIAN_POINT('Ctrl Pts',(14.8548522386377,59.0060536343746,12.2));
#10574=CARTESIAN_POINT('Ctrl Pts',(14.6150286290472,58.9039508778744,12.2));
#10575=CARTESIAN_POINT('Ctrl Pts',(14.9996962938135,59.192451663702,11.6));
#10576=CARTESIAN_POINT('Ctrl Pts',(14.8548522386377,59.0060536343746,11.6));
#10577=CARTESIAN_POINT('Ctrl Pts',(14.6150286290472,58.9039508778744,11.6));
#10578=CARTESIAN_POINT('Origin',(14.05227429044,60.1173156280213,12.2));
#10579=CARTESIAN_POINT('Origin',(14.05227429044,60.1173156280213,11.6));
#10580=UNCERTAINTY_MEASURE_WITH_UNIT(LENGTH_MEASURE(0.01),#10584,
'DISTANCE_ACCURACY_VALUE',
'Maximum model space distance between geometric entities at asserted c
onnectivities');
#10581=UNCERTAINTY_MEASURE_WITH_UNIT(LENGTH_MEASURE(0.01),#10584,
'DISTANCE_ACCURACY_VALUE',
'Maximum model space distance between geometric entities at asserted c
onnectivities');
#10582=(
GEOMETRIC_REPRESENTATION_CONTEXT(3)
GLOBAL_UNCERTAINTY_ASSIGNED_CONTEXT((#10580))
GLOBAL_UNIT_ASSIGNED_CONTEXT((#10584,#10586,#10587))
REPRESENTATION_CONTEXT('','3D')
);
#10583=(
GEOMETRIC_REPRESENTATION_CONTEXT(3)
GLOBAL_UNCERTAINTY_ASSIGNED_CONTEXT((#10581))
GLOBAL_UNIT_ASSIGNED_CONTEXT((#10584,#10586,#10587))
REPRESENTATION_CONTEXT('','3D')
);
#10584=(
LENGTH_UNIT()
NAMED_UNIT(*)
SI_UNIT(.MILLI.,.METRE.)
);
#10585=(
LENGTH_UNIT()
NAMED_UNIT(*)
SI_UNIT($,.METRE.)
);
#10586=(
NAMED_UNIT(*)
PLANE_ANGLE_UNIT()
SI_UNIT($,.RADIAN.)
);
#10587=(
NAMED_UNIT(*)
SI_UNIT($,.STERADIAN.)
SOLID_ANGLE_UNIT()
);
#10588=SHAPE_DEFINITION_REPRESENTATION(#10589,#10590);
#10589=PRODUCT_DEFINITION_SHAPE('',$,#10592);
#10590=SHAPE_REPRESENTATION('',(#6003),#10582);
#10591=PRODUCT_DEFINITION_CONTEXT('part definition',#10596,'design');
#10592=PRODUCT_DEFINITION('sol.01','sol.01 v31',#10593,#10591);
#10593=PRODUCT_DEFINITION_FORMATION('',$,#10598);
#10594=PRODUCT_RELATED_PRODUCT_CATEGORY('sol.01 v31','sol.01 v31',(#10598));
#10595=APPLICATION_PROTOCOL_DEFINITION('international standard',
'automotive_design',2009,#10596);
#10596=APPLICATION_CONTEXT(
'Core Data for Automotive Mechanical Design Process');
#10597=PRODUCT_CONTEXT('part definition',#10596,'mechanical');
#10598=PRODUCT('sol.01','sol.01 v31',$,(#10597));
#10599=PRESENTATION_STYLE_ASSIGNMENT((#10600));
#10600=SURFACE_STYLE_USAGE(.BOTH.,#10601);
#10601=SURFACE_SIDE_STYLE('',(#10602));
#10602=SURFACE_STYLE_FILL_AREA(#10603);
#10603=FILL_AREA_STYLE('Steel - Satin',(#10604));
#10604=FILL_AREA_STYLE_COLOUR('Steel - Satin',#10605);
#10605=COLOUR_RGB('Steel - Satin',0.627450980392157,0.627450980392157,0.627450980392157);
ENDSEC;
END-ISO-10303-21;
